rt_source,rt_target,compound_id
0.5391,9.151666666666667,"InChI=1S/C10H11BrN5O6P/c11-10-15-4-7(12)13-2-14-8(4)16(10)9-5(17)6-3(21-9)1-20-23(18,19)22-6/h2-3,5-6,9,17H,1H2,(H,18,19)(H2,12,13,14)"
1.2461,9.993333333333334,"InChI=1S/C10H11ClFN5O3/c11-10-15-7(13)5-8(16-10)17(2-14-5)9-4(12)6(19)3(1-18)20-9/h2-4,6,9,18-19H,1H2,(H2,13,15,16)"
1.1074,9.881666666666666,"InChI=1S/C10H12ClN5O3/c11-10-14-8(12)7-9(15-10)16(3-13-7)6-1-4(18)5(2-17)19-6/h3-6,17-18H,1-2H2,(H2,12,14,15)"
1.0134500000000002,10.009166666666667,"InChI=1S/C10H12ClN5O4/c11-10-14-7(12)4-8(15-10)16(2-13-4)9-6(19)5(18)3(1-17)20-9/h2-3,5-6,9,17-19H,1H2,(H2,12,14,15)"
0.4614,1.8658333333333332,"InChI=1S/C10H13N5O3/c11-8-7-9(13-3-12-8)15(4-14-7)10-6(17)1-5(2-16)18-10/h3-6,10,16-17H,1-2H2,(H2,11,12,13)"
1.2511,10.448333333333332,"InChI=1S/C10H14N2O/c1-3-12(4-2)10(13)9-6-5-7-11-8-9/h5-8H,3-4H2,1-2H3"
1.3311,18.33,"InChI=1S/C10H14N4O3/c1-6(15)4-14-5-11-8-7(14)9(16)13(3)10(17)12(8)2/h5-6,15H,4H2,1-3H3"
1.4923,10.558333333333334,"InChI=1S/C10H16N2O3S/c13-8(14)4-2-1-3-7-9-6(5-16-7)11-10(15)12-9/h6-7,9H,1-5H2,(H,13,14)(H2,11,12,15)"
1.3318,10.261666666666668,"InChI=1S/C10H16N8S2/c1-14-9(16-6-11)15-2-3-19-4-7-5-20-10(17-7)18-8(12)13/h5H,2-4H2,1H3,(H2,14,15,16)(H4,12,13,17,18)"
1.1586,10.318333333333332,"InChI=1S/C10H17NOS/c1-8-12-10(7-13-8)6-11-4-2-9(10)3-5-11/h8-9H,2-7H2,1H3"
0.8461,10.226666666666668,"InChI=1S/C10H21N/c1-9(2)7-6-8-10(3,4)11(9)5/h6-8H2,1-5H3"
2.4774,11.121666666666666,"InChI=1S/C10H7Cl2N3O/c11-6-1-2-7-5(9(6)12)3-15-4-8(16)14-10(15)13-7/h1-2H,3-4H2,(H,13,14,16)"
1.9842,11.456666666666669,"InChI=1S/C10H8BrN5OS/c11-5-1-6(18-3-5)2-17-9-7-8(14-4-13-7)15-10(12)16-9/h1,3-4H,2H2,(H3,12,13,14,15,16)"
2.0037,11.393333333333334,"InChI=1S/C10H8F2N4O/c11-7-2-1-3-8(12)6(7)4-16-5-9(10(13)17)14-15-16/h1-3,5H,4H2,(H2,13,17)"
4.5383,18.18,"InChI=1S/C10H8OS3/c1-11-8-4-2-7(3-5-8)9-6-10(12)14-13-9/h2-6H,1H3"
1.6731,11.176666666666668,"InChI=1S/C11H10BrN3/c1-2-5-13-11-9-6-8(12)3-4-10(9)14-7-15-11/h2-4,6-7H,1,5H2,(H,13,14,15)"
2.3318,10.705,"InChI=1S/C11H10Cl2N4/c1-5-9(10(14)17-11(15)16-5)6-2-3-7(12)8(13)4-6/h2-4H,1H3,(H4,14,15,16,17)"
3.1816,13.125,"InChI=1S/C11H10N2O2S/c14-11(12-7-3-4-7)8-6-9(15-13-8)10-2-1-5-16-10/h1-2,5-7H,3-4H2,(H,12,14)"
1.8988,10.755,"InChI=1S/C11H11BrN2S/c12-9-3-1-8(2-4-9)10-7-14-5-6-15-11(14)13-10/h1-4,10H,5-7H2"
1.83285,10.361666666666668,"InChI=1S/C11H12Cl2N2O/c1-7(11-14-5-6-15-11)16-10-8(12)3-2-4-9(10)13/h2-4,7H,5-6H2,1H3,(H,14,15)"
2.6765,12.655,"InChI=1S/C11H12ClNO3S/c1-13-10(14)6-7-17(15,16)11(13)8-2-4-9(12)5-3-8/h2-5,11H,6-7H2,1H3"
0.739,1.5266666666666666,"InChI=1S/C11H12N2O/c14-10-5-6-13-7-8-3-1-2-4-9(8)12-11(10)13/h1-4,10,14H,5-7H2"
1.1474000000000002,10.305,"InChI=1S/C11H12N2S/c1-2-4-9(5-3-1)10-8-13-6-7-14-11(13)12-10/h1-5,10H,6-8H2"
1.3109,10.87,"InChI=1S/C11H12N4O2S/c1-8-6-7-13-11(14-8)15-18(16,17)10-4-2-9(12)3-5-10/h2-7H,12H2,1H3,(H,13,14,15)"
1.6374,9.541666666666666,"InChI=1S/C11H12N4O3S/c1-18-11-7-6-10(13-14-11)15-19(16,17)9-4-2-8(12)3-5-9/h2-7H,12H2,1H3,(H,13,15)"
1.5973,11.248333333333331,"InChI=1S/C11H12N4O3S/c1-18-9-6-13-11(14-7-9)15-19(16,17)10-4-2-8(12)3-5-10/h2-7H,12H2,1H3,(H,13,14,15)"
3.189,13.346666666666666,"InChI=1S/C11H14ClNO3/c1-8-7-9(12)4-5-10(8)16-6-2-3-11(14)13-15/h4-5,7,15H,2-3,6H2,1H3,(H,13,14)"
1.5595,10.101666666666668,"InChI=1S/C11H14N4O4/c1-13-9-8(10(16)14(2)11(13)17)15(6-12-9)5-7-18-3-4-19-7/h6-7H,3-5H2,1-2H3"
0.9458,9.583333333333334,"InChI=1S/C11H15N5O3S/c1-20-2-5-7(17)8(18)11(19-5)16-4-15-6-9(12)13-3-14-10(6)16/h3-5,7-8,11,17-18H,2H2,1H3,(H2,12,13,14)"
0.8865,9.465,"InChI=1S/C11H15N5O5/c1-20-9-5-8(14-11(12)15-9)16(3-13-5)10-7(19)6(18)4(2-17)21-10/h3-4,6-7,10,17-19H,2H2,1H3,(H2,12,14,15)"
2.0057,10.833333333333334,"InChI=1S/C11H15NO5/c1-15-9-4-2-3-5-10(9)16-6-8(13)7-17-11(12)14/h2-5,8,13H,6-7H2,1H3,(H2,12,14)"
0.6859,8.84,"InChI=1S/C11H16N4O4/c1-7(15-5-10(18)13-11(19)6-15)2-14-3-8(16)12-9(17)4-14/h7H,2-6H2,1H3,(H,12,16,17)(H,13,18,19)"
0.4717,1.485,"InChI=1S/C11H17NO3/c1-7(2)12-6-11(15)8-3-4-9(13)10(14)5-8/h3-5,7,11-15H,6H2,1-2H3"
2.8903999999999996,12.985,"InChI=1S/C11H18ClN7O/c1-4-19(5(2)3)9-7(12)16-6(8(13)17-9)10(20)18-11(14)15/h5H,4H2,1-3H3,(H2,13,17)(H4,14,15,18,20)"
2.2708,12.453333333333337,"InChI=1S/C11H8N2S/c1-9-13-11(8-14-9)5-4-10-3-2-6-12-7-10/h2-3,6-8H,1H3"
1.3829,9.986666666666668,"InChI=1S/C12H10N6O/c13-10-9-11(18-12(14)17-10)15-5-8(16-9)6-2-1-3-7(19)4-6/h1-5,19H,(H4,13,14,15,17,18)"
0.5079,1.52,"InChI=1S/C12H11N3O/c16-12-9-7-11(8-1-4-13-5-2-8)15-10(9)3-6-14-12/h1-2,4-5,7,15H,3,6H2,(H,14,16)"
2.1067,11.265,"InChI=1S/C12H11N3O2/c13-12-14-6-8-9(15-12)4-7(5-10(8)16)11-2-1-3-17-11/h1-3,6-7H,4-5H2,(H2,13,14,15)"
1.8033,10.901666666666667,"InChI=1S/C12H11N5O/c13-12-16-10-9(14-7-15-10)11(17-12)18-6-8-4-2-1-3-5-8/h1-5,7H,6H2,(H3,13,14,15,16,17)"
2.3704,12.318333333333332,"InChI=1S/C12H11NO/c1-10-7-8-12(14)13(9-10)11-5-3-2-4-6-11/h2-9H,1H3"
1.5998000000000001,9.455,"InChI=1S/C12H11NO3/c14-7-3-4-10-9(6-7)8-2-1-5-13-12(15)11(8)16-10/h3-4,6,14H,1-2,5H2,(H,13,15)"
2.4191,11.68,"InChI=1S/C12H13ClN2O2S/c13-11-5-1-4-10-9(11)3-2-6-12(10)18(16,17)15-8-7-14/h1-6,15H,7-8,14H2"
2.0756,12.051666666666668,"InChI=1S/C12H14Cl2FNO4S/c1-21(19,20)8-4-2-7(3-5-8)10(17)9(6-15)16-12(18)11(13)14/h2-5,9-11,17H,6H2,1H3,(H,16,18)"
2.0181,11.12,"InChI=1S/C12H14N2/c1-9-4-3-5-11(10(9)2)6-12-7-13-8-14-12/h3-5,7-8H,6H2,1-2H3,(H,13,14)"
2.6334,13.231666666666666,"InChI=1S/C12H14N2O2/c1-3-12(9-7-5-4-6-8-9)10(15)14(2)11(16)13-12/h4-8H,3H2,1-2H3,(H,13,16)"
2.4995,11.34,"InChI=1S/C12H14N4O4S/c1-19-11-7-10(14-12(15-11)20-2)16-21(17,18)9-5-3-8(13)4-6-9/h3-7H,13H2,1-2H3,(H,14,15,16)"
3.2839,12.481666666666666,"InChI=1S/C12H14O4/c1-3-16-12(14)7-5-9-4-6-10(13)11(8-9)15-2/h4-8,13H,3H2,1-2H3"
4.4999,18.90833333333333,"InChI=1S/C12H15Cl2NO/c1-3-4-8(2)15-12(16)9-5-6-10(13)11(14)7-9/h5-8H,3-4H2,1-2H3,(H,15,16)"
2.2318,10.873333333333331,"InChI=1S/C12H15N3O3/c1-3-6-18-8-4-5-9-10(7-8)14-11(13-9)15-12(16)17-2/h4-5,7H,3,6H2,1-2H3,(H2,13,14,15,16)"
1.5044,11.255,"InChI=1S/C12H15N3O6/c16-10-13(1-7-4-19-7)11(17)15(3-9-6-21-9)12(18)14(10)2-8-5-20-8/h7-9H,1-6H2"
0.6918,9.251666666666669,"InChI=1S/C12H16N6O4/c1-2-14-11(21)8-6(19)7(20)12(22-8)18-4-17-5-9(13)15-3-16-10(5)18/h3-4,6-8,12,19-20H,2H2,1H3,(H,14,21)(H2,13,15,16)"
4.651,18.49,"InChI=1S/C12H16O4S2/c1-7(2)15-10(13)9(11(14)16-8(3)4)12-17-5-6-18-12/h5-8H,1-4H3"
2.1079,11.488333333333332,"InChI=1S/C12H17N5/c1-4-12(2,3)17-11(15-9-13)16-10-6-5-7-14-8-10/h5-8H,4H2,1-3H3,(H2,15,16,17)"
1.0706,1.5766666666666669,"InChI=1S/C12H17NO2/c1-8-10-7-12(15-3)11(14-2)6-9(10)4-5-13-8/h6-8,13H,4-5H2,1-3H3"
2.3091,11.968333333333334,"InChI=1S/C12H17NO3/c1-4-13(5-2)12(15)9-6-7-10(14)11(8-9)16-3/h6-8,14H,4-5H2,1-3H3"
2.9149,12.63,"InChI=1S/C12H18ClN7O/c13-8-10(20-5-3-1-2-4-6-20)18-9(14)7(17-8)11(21)19-12(15)16/h1-6H2,(H2,14,18)(H4,15,16,19,21)"
1.8561,10.825,"InChI=1S/C12H18ClNO/c1-12(2,3)14-8-11(15)9-6-4-5-7-10(9)13/h4-7,11,14-15H,8H2,1-3H3"
0.7266,1.5450000000000002,"InChI=1S/C12H20N2O3S/c1-9(2)13-8-12(15)10-4-6-11(7-5-10)14-18(3,16)17/h4-7,9,12-15H,8H2,1-3H3"
0.5638,1.55,"InChI=1S/C12H21N5O2S2/c1-13-11(6-17(18)19)14-4-5-20-8-10-9-21-12(15-10)7-16(2)3/h6,9,13-14H,4-5,7-8H2,1-3H3"
4.7407,19.321666666666665,"InChI=1S/C12H6Cl4O3S/c13-5-1-7(15)11(17)9(3-5)20(19)10-4-6(14)2-8(16)12(10)18/h1-4,17-18H"
1.7481,10.63,"InChI=1S/C12H8ClN3O3/c13-11-2-1-9(16(18)19)7-10(11)12(17)15-8-3-5-14-6-4-8/h1-7H,(H,14,15,17)"
4.122,16.833333333333332,"InChI=1S/C12H9ClN2O/c13-9-4-3-5-10(8-9)15-12(16)11-6-1-2-7-14-11/h1-8H,(H,15,16)"
2.2627,11.248333333333331,"InChI=1S/C12H9N3O5/c16-9-3-1-8(2-4-9)12(17)14-13-7-10-5-6-11(20-10)15(18)19/h1-7,16H,(H,14,17)"
4.0869,15.228333333333332,"InChI=1S/C13H10BrN3O4/c14-9-3-1-2-4-10(9)15-13(19)16-11-6-5-8(17(20)21)7-12(11)18/h1-7,18H,(H2,15,16,19)"
3.0144,13.216666666666669,"InChI=1S/C13H10ClN3O4S2/c1-17-10(13(19)16-9-4-2-3-5-15-9)11(18)12-7(23(17,20)21)6-8(14)22-12/h2-6,18H,1H3,(H,15,16,19)"
2.5395,11.546666666666663,"InChI=1S/C13H10F3N3O/c14-13(15,16)9-3-1-8(2-4-9)12(20)19-11-6-5-10(17)7-18-11/h1-7H,17H2,(H,18,19,20)"
1.5364,10.615,"InChI=1S/C13H10N2/c14-13-9-5-1-3-7-11(9)15-12-8-4-2-6-10(12)13/h1-8H,(H2,14,15)"
2.0498000000000003,11.338333333333331,"InChI=1S/C13H10O5/c14-9-6-10(18-13(17)7-9)3-1-8-2-4-11(15)12(16)5-8/h1-7,14-16H"
4.017,16.573333333333334,"InChI=1S/C13H11ClN2O2/c1-18-12-8-9(5-6-10(12)14)16-13(17)11-4-2-3-7-15-11/h2-8H,1H3,(H,16,17)"
2.8087,14.021666666666668,"InChI=1S/C13H11ClN2O2/c1-8-10(14)5-2-6-11(8)16-12-9(13(17)18)4-3-7-15-12/h2-7H,1H3,(H,15,16)(H,17,18)"
1.9613,11.76,"InChI=1S/C13H11N3O/c1-14-13(17)11-6-9-8-4-2-3-5-10(8)16-12(9)7-15-11/h2-7,16H,1H3,(H,14,17)"
3.9523,14.19,"InChI=1S/C13H11N3O6S2/c1-2-22-13(19)15-10(17)7-5-6-23-12(7)14-11(18)8-3-4-9(24-8)16(20)21/h3-6H,2H2,1H3,(H,14,18)(H,15,17,19)"
3.0478,13.075,"InChI=1S/C13H11NO4/c15-7-14-4-3-10(13(14)16)5-9-1-2-11-12(6-9)18-8-17-11/h1-2,5-7H,3-4,8H2"
2.7292,12.861666666666668,"InChI=1S/C13H12FN3O3S/c14-9-1-3-10(4-2-9)16-13(18)17-11-5-7-12(8-6-11)21(15,19)20/h1-8H,(H2,15,19,20)(H2,16,17,18)"
0.9100999999999999,10.191666666666666,"InChI=1S/C13H12N2O2/c16-13(17)6-5-11-1-3-12(4-2-11)9-15-8-7-14-10-15/h1-8,10H,9H2,(H,16,17)"
1.0563,1.6116666666666664,"InChI=1S/C13H13N3/c1-2-16-13-5-11-9-3-8(6-14-7-9)10(11)4-12(13)15-1/h1-2,4-5,8-9,14H,3,6-7H2"
1.0839,9.916666666666666,"InChI=1S/C13H13N3O3/c14-9-3-1-2-7-8(9)6-16(13(7)19)10-4-5-11(17)15-12(10)18/h1-3,10H,4-6,14H2,(H,15,17,18)"
3.69165,14.42,"InChI=1S/C13H14ClN3O4/c1-7-4-12(17-21-7)16-13(18)15-9-5-8(14)10(19-2)6-11(9)20-3/h4-6H,1-3H3,(H2,15,16,17,18)"
1.9699,10.09,"InChI=1S/C13H14N2O3/c1-8(16)15-12(13(17)18)6-9-7-14-11-5-3-2-4-10(9)11/h2-5,7,12,14H,6H2,1H3,(H,15,16)(H,17,18)"
0.48505,1.5075,"InChI=1S/C13H15NO2/c15-12-7-9-4-5-10-8-13(9,16-12)11-3-1-2-6-14(10)11/h4-5,7,10-11H,1-3,6,8H2"
3.1938,14.09,"InChI=1S/C13H15NO2S/c1-4-14-11-8-10(16-3)5-6-12(11)17-13(14)7-9(2)15/h5-8H,4H2,1-3H3"
3.0186,13.39,"InChI=1S/C13H15NO3/c1-4-17-13(16)12-8(2)14(3)11-6-5-9(15)7-10(11)12/h5-7,15H,4H2,1-3H3"
2.2794,11.485,"InChI=1S/C13H16N2/c1-9-5-4-6-12(10(9)2)11(3)13-7-14-8-15-13/h4-8,11H,1-3H3,(H,14,15)"
1.362,9.896666666666668,"InChI=1S/C13H16N2O4/c14-11(16)7-6-10(13(18)19)15-12(17)8-9-4-2-1-3-5-9/h1-5,10H,6-8H2,(H2,14,16)(H,15,17)(H,18,19)"
1.5457,10.158333333333331,"InChI=1S/C13H16N4O2/c1-19-11-4-2-10(3-5-11)16-13-15-7-6-12(17-13)14-8-9-18/h2-7,18H,8-9H2,1H3,(H2,14,15,16,17)"
0.7048,10.265,"InChI=1S/C13H16N6O4/c1-18-11-7-5(10(14)17-18)2-19(12(7)16-4-15-11)13-9(22)8(21)6(3-20)23-13/h2,4,6,8-9,13,20-22H,3H2,1H3,(H2,14,17)"
2.584,12.25,"InChI=1S/C13H17NO4/c1-3-4-9-7-10(13(17)14-5-6-15)12(16)11(8-9)18-2/h3,7-8,15-16H,1,4-6H2,2H3,(H,14,17)"
2.1977,11.136666666666668,"InChI=1S/C13H18Cl2N2/c1-16-6-8-17(9-7-16)5-4-11-2-3-12(14)13(15)10-11/h2-3,10H,4-9H2,1H3"
4.1098,17.398333333333333,"InChI=1S/C13H19NO2/c1-2-3-4-7-10-16-12-9-6-5-8-11(12)13(14)15/h5-6,8-9H,2-4,7,10H2,1H3,(H2,14,15)"
1.6306,10.65,"InChI=1S/C13H20Cl2N2/c1-16(2)8-9-17(3)7-6-11-4-5-12(14)13(15)10-11/h4-5,10H,6-9H2,1-3H3"
1.7557,10.871666666666666,"InChI=1S/C13H20N2O3S/c1-5-6-14-9(3)12(16)15-10-8(2)7-19-11(10)13(17)18-4/h7,9,14H,5-6H2,1-4H3,(H,15,16)"
0.5921,1.535,"InChI=1S/C13H21N3/c1-2-5-16-6-3-4-10-7-12-11(8-13(10)16)9-14-15-12/h9-10,13H,2-8H2,1H3,(H,14,15)"
0.7835,1.495,"InChI=1S/C13H22N4O3S/c1-14-13(9-17(18)19)15-6-7-21-10-12-5-4-11(20-12)8-16(2)3/h4-5,9,14-15H,6-8,10H2,1-3H3"
1.7879,10.435,"InChI=1S/C13H24N4O3S/c1-13(2,3)14-8-10(18)9-20-12-11(15-21-16-12)17-4-6-19-7-5-17/h10,14,18H,4-9H2,1-3H3"
3.6121,12.578333333333337,"InChI=1S/C13H8ClN5O/c14-7-3-4-9-8(6-7)12-17-11(10-2-1-5-20-10)18-19(12)13(15)16-9/h1-6H,(H2,15,16)"
4.7258,17.490000000000002,"InChI=1S/C14H11Cl2NO2/c1-8-6-7-10(15)13(12(8)16)17-11-5-3-2-4-9(11)14(18)19/h2-7,17H,1H3,(H,18,19)"
3.0458,11.988333333333332,"InChI=1S/C14H11ClN4O2S/c15-11-2-1-3-12-14(11)17-8-13(18-12)19-22(20,21)10-6-4-9(16)5-7-10/h1-8H,16H2,(H,18,19)"
3.0858,13.881666666666666,"InChI=1S/C14H11N/c1-12-6-5-9-14(15-12)11-10-13-7-3-2-4-8-13/h2-9H,1H3"
2.0368,10.99,"InChI=1S/C14H12ClN3O2/c15-7-3-4-10-8(6-7)11-12(20-10)14(19)18-13(17-11)9-2-1-5-16-9/h3-4,6,9,16H,1-2,5H2,(H,17,18,19)"
4.8593,17.586666666666666,"InChI=1S/C14H12ClNO2/c1-9-11(15)6-4-8-12(9)16-13-7-3-2-5-10(13)14(17)18/h2-8,16H,1H3,(H,17,18)"
3.8658,15.266666666666667,"InChI=1S/C14H12F3N3O5/c15-14(16,17)25-10-3-1-9(2-4-10)7-23-11-5-19-6-12(20(21)22)18-13(19)24-8-11/h1-4,6,11H,5,7-8H2"
3.11435,13.44,"InChI=1S/C14H12FNO3/c1-7-2-3-8-4-9(15)5-10-12(8)16(7)6-11(13(10)17)14(18)19/h4-7H,2-3H2,1H3,(H,18,19)"
3.2864,13.748333333333331,"InChI=1S/C14H13N3O2S/c1-10-6-8-11(9-7-10)20(18,19)17-13-5-3-2-4-12(13)16-14(17)15/h2-9H,1H3,(H2,15,16)"
1.7246,10.371666666666666,"InChI=1S/C14H14ClFN8/c1-7-3-11(24-23-7)21-13-10(15)6-19-14(22-13)20-8(2)12-17-4-9(16)5-18-12/h3-6,8H,1-2H3,(H3,19,20,21,22,23,24)"
1.756,10.318333333333332,"InChI=1S/C14H14N2/c1-2-7-13-11(4-1)5-3-6-12(13)10-14-15-8-9-16-14/h1-7H,8-10H2,(H,15,16)"
1.7377500000000001,10.683333333333334,"InChI=1S/C14H14N8O4S3/c1-6-17-18-14(29-6)28-4-7-3-27-12-9(11(24)22(12)10(7)13(25)26)16-8(23)2-21-5-15-19-20-21/h5,9,12H,2-4H2,1H3,(H,16,23)(H,25,26)"
3.5745,14.723333333333333,"InChI=1S/C14H14O3/c1-16-13-9-12(17-14(15)10-13)8-7-11-5-3-2-4-6-11/h2-8,10,12H,9H2,1H3"
1.7134,10.626666666666669,"InChI=1S/C14H15ClN6O/c1-7-4-17-9(8(2)11(7)22-3)5-21-6-18-10-12(15)19-14(16)20-13(10)21/h4,6H,5H2,1-3H3,(H2,16,19,20)"
3.9821999999999997,15.138333333333332,"InChI=1S/C14H15NO2S/c1-12-7-9-14(10-8-12)18(16,17)15-11-13-5-3-2-4-6-13/h2-10,15H,11H2,1H3"
2.1652,11.103333333333332,"InChI=1S/C14H16ClN3O/c1-17-4-6-18(7-5-17)14(19)13-9-10-8-11(15)2-3-12(10)16-13/h2-3,8-9,16H,4-7H2,1H3"
2.5086,11.423333333333334,"InChI=1S/C14H16ClN3O4S2/c1-8-13(23-14(17-8)18-9(2)20)10-3-4-11(15)12(7-10)24(21,22)16-5-6-19/h3-4,7,16,19H,5-6H2,1-2H3,(H,17,18,20)"
2.2555,11.605,"InChI=1S/C14H16F3N7/c1-8-10(6-24(23-8)13(2,3)7-18)21-12-20-5-9(14(15,16)17)11(19-4)22-12/h5-6H,1-4H3,(H2,19,20,21,22)"
2.7851,12.901666666666667,"InChI=1S/C14H16N2O2/c1-3-18-14(17)13-9-15-10-16(13)11(2)12-7-5-4-6-8-12/h4-11H,3H2,1-2H3"
1.806,10.491666666666667,"InChI=1S/C14H17ClN2O/c15-12-3-1-11(2-4-12)14(18)16-13-9-17-7-5-10(13)6-8-17/h1-4,10,13H,5-9H2,(H,16,18)"
3.0935,13.976666666666668,"InChI=1S/C14H17NO3/c16-14(15-6-2-1-3-7-15)11-4-5-12-13(10-11)18-9-8-17-12/h4-5,10H,1-3,6-9H2"
0.7203,1.57,"InChI=1S/C14H18N2O/c1-16-6-4-10(5-7-16)13-9-15-14-3-2-11(17)8-12(13)14/h2-3,8-10,15,17H,4-7H2,1H3"
4.1273,16.841666666666665,"InChI=1S/C14H18N2O/c1-9(2)13-12(14(17)10(3)4)11-7-5-6-8-16(11)15-13/h5-10H,1-4H3"
2.0949,11.616666666666667,"InChI=1S/C14H18N2O2/c1-10-5-3-6-11(2)14(10)15-12(17)9-16-8-4-7-13(16)18/h3,5-6H,4,7-9H2,1-2H3,(H,15,17)"
2.0937,11.55,"InChI=1S/C14H18N2O2/c1-2-13(17)15-8-10-16(11-9-15)14(18)12-6-4-3-5-7-12/h3-7H,2,8-11H2,1H3"
1.9994,11.233333333333333,"InChI=1S/C14H19N3O/c1-3-17(4-2)11-10-13-15-14(16-18-13)12-8-6-5-7-9-12/h5-9H,3-4,10-11H2,1-2H3"
3.1659,13.683333333333334,"InChI=1S/C14H19NO2/c1-3-14(16)15-11-8-7-10-5-4-6-13(17-2)12(10)9-11/h4-6,11H,3,7-9H2,1-2H3,(H,15,16)"
1.1832,10.746666666666666,"InChI=1S/C14H19NO3/c1-2-5-15-6-7-17-14-11-8-10(16)3-4-13(11)18-9-12(14)15/h3-4,8,12,14,16H,2,5-7,9H2,1H3"
1.5142,9.991666666666667,"InChI=1S/C14H19NO4/c1-9(16)19-14-12(15-8-13(14)17)7-10-3-5-11(18-2)6-4-10/h3-6,12-15,17H,7-8H2,1-2H3"
2.9082,13.865,"InChI=1S/C14H20Br2N2/c1-18(12-5-3-2-4-6-12)9-10-7-11(15)8-13(16)14(10)17/h7-8,12H,2-6,9,17H2,1H3"
1.3731499999999999,10.053333333333336,"InChI=1S/C14H20N2O2/c1-10(2)16-8-11(17)9-18-14-5-3-4-13-12(14)6-7-15-13/h3-7,10-11,15-17H,8-9H2,1-2H3"
2.1988,10.998333333333331,"InChI=1S/C14H20N2O3/c17-13(15-12-8-4-3-5-9-12)10-6-1-2-7-11-14(18)16-19/h3-5,8-9,19H,1-2,6-7,10-11H2,(H,15,17)(H,16,18)"
3.4732,15.233333333333333,"InChI=1S/C14H21N3O3S/c1-12-6-8-13(9-7-12)21(19,20)16-14(18)15-17-10-4-2-3-5-11-17/h6-9H,2-5,10-11H2,1H3,(H2,15,16,18)"
4.2637,17.823333333333334,"InChI=1S/C14H21NO3S/c1-10(2)9-12-5-7-13(8-6-12)11(3)14(16)15-19(4,17)18/h5-8,10-11H,9H2,1-4H3,(H,15,16)"
0.7495499999999999,1.5666666666666669,"InChI=1S/C14H22N2O3/c1-10(2)16-8-12(17)9-19-13-5-3-11(4-6-13)7-14(15)18/h3-6,10,12,16-17H,7-9H2,1-2H3,(H2,15,18)"
0.8139,9.628333333333334,"InChI=1S/C14H22N2O3/c1-17-12-5-4-11(13(18-2)14(12)19-3)10-16-8-6-15-7-9-16/h4-5,15H,6-10H2,1-3H3"
2.05635,11.113333333333332,"InChI=1S/C14H22N4O4S/c1-10-5-7-11(8-6-10)23(20,21)18-12(13(19)22-2)4-3-9-17-14(15)16/h5-8,12,18H,3-4,9H2,1-2H3,(H4,15,16,17)"
0.6432,1.4983333333333335,"InChI=1S/C14H27N3O2/c1-11(2)17(12(3)4)9-7-15-13(18)10-16-8-5-6-14(16)19/h11-12H,5-10H2,1-4H3,(H,15,18)"
3.5198,15.39,"InChI=1S/C14H8FNO4S/c15-7-1-3-9(10(17)5-7)11-4-2-8(20-11)6-12-13(18)16-14(19)21-12/h1-6,17H,(H,16,18,19)"
4.6071,18.063333333333333,"InChI=1S/C14H9Cl3N2OS/c1-21-14-18-9-5-8(16)12(6-10(9)19-14)20-11-4-2-3-7(15)13(11)17/h2-6H,1H3,(H,18,19)"
4.3274,17.485,"InChI=1S/C15H10Cl2N2O2/c16-10-6-5-9(12(17)7-10)8-19-13-4-2-1-3-11(13)14(18-19)15(20)21/h1-7H,8H2,(H,20,21)"
4.1287,15.385,"InChI=1S/C15H10Cl2N2O2S/c1-21-13-7-12(9(16)6-10(13)17)19-14(20)8-4-2-3-5-11(8)18-15(19)22/h2-7H,1H3,(H,18,22)"
2.927,12.013333333333332,"InChI=1S/C15H10O4/c16-10-6-12(17)15-11(9-4-2-1-3-5-9)8-14(18)19-13(15)7-10/h1-8,16-17H"
2.5708,11.995,"InChI=1S/C15H10O4/c16-11-7-6-10-12(17)8-13(19-15(10)14(11)18)9-4-2-1-3-5-9/h1-8,16,18H"
4.3688,16.445,"InChI=1S/C15H11Cl2NOS/c16-9-5-6-13-11(7-9)15(20-8-14(19)18-13)10-3-1-2-4-12(10)17/h1-7,15H,8H2,(H,18,19)"
4.065099999999999,15.145,"InChI=1S/C15H12BrNO3/c16-11-6-4-9(5-7-11)15(20)12-3-1-2-10(14(12)17)8-13(18)19/h1-7H,8,17H2,(H,18,19)"
4.6605,17.616666666666667,"InChI=1S/C15H12FNO3/c1-20-15(19)12-4-2-3-5-13(12)17-14(18)10-6-8-11(16)9-7-10/h2-9H,1H3,(H,17,18)"
3.2761,13.93,"InChI=1S/C15H12N2OS2/c1-9-2-4-10(5-3-9)19-13-7-17-8-14-11(13)6-12(20-14)15(16)18/h2-8H,1H3,(H2,16,18)"
4.60135,15.53,"InChI=1S/C15H12O2/c16-13-10-15(11-6-2-1-3-7-11)17-14-9-5-4-8-12(13)14/h1-9,15H,10H2"
2.8744,13.061666666666667,"InChI=1S/C15H12O5/c16-9-3-1-8(2-4-9)13-7-12(19)15-11(18)5-10(17)6-14(15)20-13/h1-6,13,16-18H,7H2"
1.8769,11.456666666666669,"InChI=1S/C15H12O7/c16-7-4-10(19)12-11(5-7)22-15(14(21)13(12)20)6-1-2-8(17)9(18)3-6/h1-5,14-19,21H"
3.5526,15.903333333333334,"InChI=1S/C15H13F2NO4S/c1-9(19)10-3-5-13(18-23(2,20)21)15(7-10)22-14-6-4-11(16)8-12(14)17/h3-8,18H,1-2H3"
3.0028,13.241666666666667,"InChI=1S/C15H13F5N2O2/c1-2-24-13(23)9-5-8-3-4-10(14(16,17)15(18,19)20)7-11(8)22-12(21)6-9/h3-5,7H,2,6H2,1H3,(H2,21,22)"
3.9484,16.105,"InChI=1S/C15H13N3O2S/c1-20-11-7-8-12-13(9-11)21-15(17-12)18-14(19)16-10-5-3-2-4-6-10/h2-9H,1H3,(H2,16,17,18,19)"
2.1897,10.963333333333331,"InChI=1S/C15H13N3O3S/c1-21-15(19)18-14-16-12-8-7-11(9-13(12)17-14)22(20)10-5-3-2-4-6-10/h2-9H,1H3,(H2,16,17,18,19)"
2.6542,12.231666666666666,"InChI=1S/C15H13N3S/c1-11-3-2-4-13(9-11)17-15-18-14(10-19-15)12-5-7-16-8-6-12/h2-10H,1H3,(H,17,18)"
2.2851,11.455,"InChI=1S/C15H13N5OS/c21-14(17-8-11-4-2-1-3-5-11)12-9-22-15(19-12)20-13-6-7-16-10-18-13/h1-7,9-10H,8H2,(H,17,21)(H,16,18,19,20)"
2.7013,13.283333333333331,"InChI=1S/C15H13NO3/c1-9(15(17)18)10-4-5-13-12(7-10)8-11-3-2-6-16-14(11)19-13/h2-7,9H,8H2,1H3,(H,17,18)"
1.8244,10.901666666666667,"InChI=1S/C15H14F2N4S/c1-15(2-3-22-14(18)21-15)11-4-10(12(16)5-13(11)17)9-6-19-8-20-7-9/h4-8H,2-3H2,1H3,(H2,18,21)"
2.966,12.24,"InChI=1S/C15H14N2O2/c16-13(18)9-11-7-4-8-12(14(11)17)15(19)10-5-2-1-3-6-10/h1-8H,9,17H2,(H2,16,18)"
2.6624,11.321666666666664,"InChI=1S/C15H14N2O4S/c18-15(16-19)10-9-12-5-4-8-14(11-12)22(20,21)17-13-6-2-1-3-7-13/h1-11,17,19H,(H,16,18)"
2.469,11.18,"InChI=1S/C15H15FIN3O3/c16-12-5-9(17)1-2-13(12)20-14-7-18-4-3-11(14)15(23)19-6-10(22)8-21/h1-5,7,10,20-22H,6,8H2,(H,19,23)"
1.586,10.481666666666666,"InChI=1S/C15H15N3O2/c1-10(19)17-12-8-6-11(7-9-12)15(20)18-14-5-3-2-4-13(14)16/h2-9H,16H2,1H3,(H,17,19)(H,18,20)"
1.9306,10.473333333333333,"InChI=1S/C15H15N7O/c1-7(2)22-14-11(13(16)18-6-19-14)12(21-22)8-3-4-10-9(5-8)20-15(17)23-10/h3-7H,1-2H3,(H2,17,20)(H2,16,18,19)"
2.9262,11.155,"InChI=1S/C15H17Cl2NO2/c1-18-12-2-3-13(18)8-14(7-12)20-15(19)9-4-10(16)6-11(17)5-9/h4-6,12-14H,2-3,7-8H2,1H3"
3.10945,13,"InChI=1S/C15H17ClN2O2/c1-15(2,3)13(19)14(18-9-8-17-10-18)20-12-6-4-11(16)5-7-12/h4-10,14H,1-3H3"
2.7643,11.928333333333336,"InChI=1S/C15H17ClN2O2S/c16-14-6-1-5-13-12(14)4-2-7-15(13)21(19,20)18-10-3-8-17-9-11-18/h1-2,4-7,17H,3,8-11H2"
4.0264,15.35,"InChI=1S/C15H17ClN2OS/c1-2-3-14(19)17-9-8-13-10-20-15(18-13)11-4-6-12(16)7-5-11/h4-7,10H,2-3,8-9H2,1H3,(H,17,19)"
2.595,12.491666666666667,"InChI=1S/C15H17FN6O2S/c1-15(2,3)21-25(23,24)11-4-9(6-18-7-11)10-5-12(16)13-19-14(17)20-22(13)8-10/h4-8,21H,1-3H3,(H2,17,20)"
2.9634,11.211666666666668,"InChI=1S/C15H17IN2O2S/c16-14-6-1-5-13-12(14)4-2-7-15(13)21(19,20)18-10-3-8-17-9-11-18/h1-2,4-7,17H,3,8-11H2"
3.26525,11.608333333333333,"InChI=1S/C15H17NO2/c1-11(17)16-9-8-13-5-3-4-12-6-7-14(18-2)10-15(12)13/h3-7,10H,8-9H2,1-2H3,(H,16,17)"
1.80105,10.221666666666666,"InChI=1S/C15H18BrN7/c1-22-8-10(6-19-22)11-7-20-23-14(17)12(16)13(21-15(11)23)9-3-2-4-18-5-9/h6-9,18H,2-5,17H2,1H3"
1.16905,9.729166666666666,"InChI=1S/C15H18N2O/c1-3-11-10-6-9(2)8-15(11,16)12-4-5-14(18)17-13(12)7-10/h3-6,10H,7-8,16H2,1-2H3,(H,17,18)"
1.1959,9.77,"InChI=1S/C15H18N8O5/c1-17-13(27)6-2-19-23(3-6)15-20-11(16)8-12(21-15)22(5-18-8)14-10(26)9(25)7(4-24)28-14/h2-3,5,7,9-10,14,24-26H,4H2,1H3,(H,17,27)(H2,16,20,21)"
1.9152,11.82,"InChI=1S/C15H18O7/c1-12(2,18)6-7-10(16)20-8(6)9-13(3)14(7,19)4-5-15(13,22-5)11(17)21-9/h5-9,18-19H,4H2,1-3H3"
1.054,1.5833333333333333,"InChI=1S/C15H19N5/c1-19(2)6-5-13-8-17-15-4-3-12(7-14(13)15)9-20-11-16-10-18-20/h3-4,7-8,10-11,17H,5-6,9H2,1-2H3"
2.8001,12.943333333333332,"InChI=1S/C15H20Cl2N2O3/c1-3-19-6-4-5-9(19)8-18-15(21)12-13(20)10(16)7-11(17)14(12)22-2/h7,9,20H,3-6,8H2,1-2H3,(H,18,21)"
1.2503,9.65,"InChI=1S/C15H20N2O2/c18-14-16-12-15(19-14)7-10-17(11-8-15)9-6-13-4-2-1-3-5-13/h1-5H,6-12H2,(H,16,18)"
6.9561,14.973333333333333,"InChI=1S/C15H20O3/c1-9-5-4-8-15(3)13(18-15)12-11(7-6-9)10(2)14(16)17-12/h5,11-13H,2,4,6-8H2,1,3H3"
3.1288,12.231666666666666,"InChI=1S/C15H21F3N2O2/c1-21-10-3-2-4-14(20-22-11-9-19)12-5-7-13(8-6-12)15(16,17)18/h5-8H,2-4,9-11,19H2,1H3"
1.602,10.493333333333334,"InChI=1S/C15H21N5O4/c21-5-9-11(22)12(23)15(24-9)20-7-18-10-13(16-6-17-14(10)20)19-8-3-1-2-4-8/h6-9,11-12,15,21-23H,1-5H2,(H,16,17,19)"
1.1675,9.501666666666669,"InChI=1S/C15H21N5O5/c21-4-9-11(23)12(24)15(25-9)20-6-18-10-13(16-5-17-14(10)20)19-7-2-1-3-8(7)22/h5-9,11-12,15,21-24H,1-4H2,(H,16,17,19)"
2.6853,12.9675,"InChI=1S/C15H22FN3O6/c1-3-4-5-6-24-15(23)18-12-9(16)7-19(14(22)17-12)13-11(21)10(20)8(2)25-13/h7-8,10-11,13,20-21H,3-6H2,1-2H3,(H,17,18,22,23)"
2.2283,10.918333333333331,"InChI=1S/C15H22N2O/c1-3-17(4-2)14(18)15(10-13(15)11-16)12-8-6-5-7-9-12/h5-9,13H,3-4,10-11,16H2,1-2H3"
2.5795,10.343333333333334,"InChI=1S/C15H22N2O4/c1-19-12-7-10(8-13(20-2)14(12)21-3)15(18)17-11-5-4-6-16-9-11/h7-8,11,16H,4-6,9H2,1-3H3,(H,17,18)"
2.5596,11.768333333333334,"InChI=1S/C15H23NO2/c1-4-7-13-8-5-6-9-15(13)18-11-14(17)10-16-12(2)3/h4-6,8-9,12,14,16-17H,1,7,10-11H2,2-3H3"
1.3516,9.998333333333331,"InChI=1S/C15H23NO2S/c1-3-9-16-10-7-13(8-11-16)14-5-4-6-15(12-14)19(2,17)18/h4-6,12-13H,3,7-11H2,1-2H3"
0.6184499999999999,1.45,"InChI=1S/C15H26N2/c1-3-7-16-11-13-9-12(14(16)5-1)10-17-8-4-2-6-15(13)17/h12-15H,1-11H2"
2.9124,14.016666666666667,"InChI=1S/C15H26N2O5/c1-8(2)5-6-16-13(18)10(7-9(3)4)17-14(19)11-12(22-11)15(20)21/h8-12H,5-7H2,1-4H3,(H,16,18)(H,17,19)(H,20,21)"
1.2423,9.851666666666668,"InChI=1S/C15H27N5O5/c1-8(2)7-9(20-13(22)10-11(25-10)14(23)24)12(21)18-5-3-4-6-19-15(16)17/h8-11H,3-7H2,1-2H3,(H,18,21)(H,20,22)(H,23,24)(H4,16,17,19)"
2.0718,10.33,"InChI=1S/C15H29N3O5/c1-8(2)7-9(10(19)13(21)18-23)12(20)17-11(14(22)16-6)15(3,4)5/h8-11,19,23H,7H2,1-6H3,(H,16,22)(H,17,20)(H,18,21)"
4.6236,18.175,"InChI=1S/C15H8Br2INO2/c16-11-4-7(5-12(17)14(11)20)3-10-9-6-8(18)1-2-13(9)19-15(10)21/h1-6,20H,(H,19,21)"
4.866,12.625,"InChI=1S/C15H9F6N5OS/c1-7-12(28-25-23-7)13(27)22-8-2-4-9(5-3-8)26-11(15(19,20)21)6-10(24-26)14(16,17)18/h2-6H,1H3,(H,22,27)"
4.5775,15.978333333333332,"InChI=1S/C16H11ClF3N3O2S/c17-11-3-1-10(2-4-11)14-9-15(16(18,19)20)22-23(14)12-5-7-13(8-6-12)26(21,24)25/h1-9H,(H2,21,24,25)"
2.18805,11.055,"InChI=1S/C16H11N3O3/c20-15-12(10-22-14-6-2-1-5-13(14)15)9-18-19-16(21)11-4-3-7-17-8-11/h1-10H,(H,19,21)"
3.0585500000000003,14.143333333333334,"InChI=1S/C16H11NO2/c18-16(19)13-10-15(11-6-2-1-3-7-11)17-14-9-5-4-8-12(13)14/h1-10H,(H,18,19)"
2.3944,11.573333333333332,"InChI=1S/C16H12ClN3O2/c17-11-2-3-13-12(6-11)16(20-8-19-13)18-7-10-1-4-14-15(5-10)22-9-21-14/h1-6,8H,7,9H2,(H,18,19,20)"
4.3514,16.128333333333334,"InChI=1S/C16H12ClNO/c17-14-7-5-12(6-8-14)9-18-10-13(11-19)15-3-1-2-4-16(15)18/h1-8,10-11H,9H2"
2.9072,14.398333333333332,"InChI=1S/C16H12FN3O3/c1-23-16(22)20-15-18-12-7-4-10(8-13(12)19-15)14(21)9-2-5-11(17)6-3-9/h2-8H,1H3,(H2,18,19,20,22)"
3.5244,15.006666666666666,"InChI=1S/C16H12O3/c1-18-13-8-5-9-14-16(13)12(17)10-15(19-14)11-6-3-2-4-7-11/h2-10H,1H3"
4.2627,14.653333333333334,"InChI=1S/C16H13BrF3IN2O4/c17-10-4-9(16(26)23-27-6-8(25)5-24)15(14(20)13(10)19)22-12-2-1-7(21)3-11(12)18/h1-4,8,22,24-25H,5-6H2,(H,23,26)"
4.3501,15.951666666666666,"InChI=1S/C16H13Cl2NO4/c17-11-5-3-6-12(18)16(11)19-13-7-2-1-4-10(13)8-15(22)23-9-14(20)21/h1-7,19H,8-9H2,(H,20,21)"
2.5395,11.35,"InChI=1S/C16H13ClFN3O2/c1-22-14-6-10-13(7-15(14)23-2)19-8-20-16(10)21-12-4-3-9(17)5-11(12)18/h3-8H,1-2H3,(H,19,20,21)"
3.2759,13.956666666666669,"InChI=1S/C16H13N3O4/c20-15-7-2-1-6-14(15)18-9-8-13(17-16(18)21)11-4-3-5-12(10-11)19(22)23/h1-8,10,20H,9H2,(H,17,21)"
3.00075,15.793333333333331,"InChI=1S/C16H13NO3/c1-19-14-8-4-6-11(16(14)17)15-9-12(18)10-5-2-3-7-13(10)20-15/h2-9H,17H2,1H3"
2.6785500000000004,12.843333333333334,"InChI=1S/C16H14BrN3O2/c1-21-14-7-12-13(8-15(14)22-2)18-9-19-16(12)20-11-5-3-4-10(17)6-11/h3-9H,1-2H3,(H,18,19,20)"
2.5813,12.495,"InChI=1S/C16H14ClN3O2/c1-21-14-7-12-13(8-15(14)22-2)18-9-19-16(12)20-11-5-3-4-10(17)6-11/h3-9H,1-2H3,(H,18,19,20)"
3.8195,14.758333333333333,"InChI=1S/C16H14F3IN2O4/c17-11-3-2-10(16(25)22-26-7-9(24)6-23)15(14(11)19)21-13-4-1-8(20)5-12(13)18/h1-5,9,21,23-24H,6-7H2,(H,22,25)"
3.2797,14.495,"InChI=1S/C16H14F3N5O/c1-10(15-14(19)5-20-7-22-15)16(25,6-24-9-21-8-23-24)12-3-2-11(17)4-13(12)18/h2-5,7-10,25H,6H2,1H3"
3.8754,16.946666666666665,"InChI=1S/C16H14N2O2/c1-19-15-8-12-13(9-16(15)20-2)18-14(10-17-12)11-6-4-3-5-7-11/h3-10H,1-2H3"
3.4279,14.488333333333332,"InChI=1S/C16H14N2O3S/c1-11-15(12-7-9-14(10-8-12)22(17,19)20)16(18-21-11)13-5-3-2-4-6-13/h2-10H,1H3,(H2,17,19,20)"
3.6559,14.843333333333334,"InChI=1S/C16H14N2O4/c1-7(2)8-3-4-12-9(5-8)13(19)10-6-11(16(20)21)14(17)18-15(10)22-12/h3-7H,1-2H3,(H2,17,18)(H,20,21)"
3.5873,14.435,"InChI=1S/C16H14O3/c1-11(16(18)19)13-8-5-9-14(10-13)15(17)12-6-3-2-4-7-12/h2-11H,1H3,(H,18,19)"
3.68005,15.055,"InChI=1S/C16H14O4/c1-20-15-10-12(17)9-14(19)16(15)13(18)8-7-11-5-3-2-4-6-11/h2-10,17,19H,1H3"
2.1134,11.251666666666669,"InChI=1S/C16H15F6N5O/c17-10-6-12(19)11(18)4-8(10)3-9(23)5-14(28)26-1-2-27-13(7-26)24-25-15(27)16(20,21)22/h4,6,9H,1-3,5,7,23H2"
2.0005,11.049166666666668,"InChI=1S/C16H15N/c1-16-13-8-4-2-6-11(13)10-15(17-16)12-7-3-5-9-14(12)16/h2-9,15,17H,10H2,1H3"
2.4058,11.776666666666667,"InChI=1S/C16H15N3/c17-16-18-10-15-13-7-3-1-5-11(13)9-12-6-2-4-8-14(12)19(15)16/h1-8,15H,9-10H2,(H2,17,18)"
3.8036,16.48,"InChI=1S/C16H15N3OS/c1-16(2)12-8-10(4-6-13(12)18-15(21)20-16)14-7-5-11(9-17)19(14)3/h4-8H,1-3H3,(H,18,21)"
1.5593,10.725,"InChI=1S/C16H15N5O7S2/c1-2-6-4-29-14-10(13(25)21(14)11(6)15(26)27)19-12(24)9(20-28-3-8(22)23)7-5-30-16(17)18-7/h2,5,10,14H,1,3-4H2,(H2,17,18)(H,19,24)(H,22,23)(H,26,27)"
3.2269,14.121666666666666,"InChI=1S/C16H16F2N2O4S2/c17-13-8-11(9-14(18)16(13)24-10-15(19)21)25-7-6-20-26(22,23)12-4-2-1-3-5-12/h1-5,8-9,20H,6-7,10H2,(H2,19,21)"
4.4333,17.37,"InChI=1S/C16H16N2O3S/c1-9(2)8-21-13-5-4-11(6-12(13)7-17)15-18-10(3)14(22-15)16(19)20/h4-6,9H,8H2,1-3H3,(H,19,20)"
1.988,10.655,"InChI=1S/C16H17Cl2N5O2/c17-10-2-1-3-11(18)13(10)15(24)22-12-8-20-23-14(12)16(25)21-9-4-6-19-7-5-9/h1-3,8-9,19H,4-7H2,(H,20,23)(H,21,25)(H,22,24)"
2.866,11.973333333333333,"InChI=1S/C16H17FIN3O4/c1-9-7-11(15(23)20-25-6-5-22)14(21(2)16(9)24)19-13-4-3-10(18)8-12(13)17/h3-4,7-8,19,22H,5-6H2,1-2H3,(H,20,23)"
1.5356,10.44,"InChI=1S/C16H17N3O2/c1-18(2)6-7-19-15(20)12-5-3-4-10-8-11(17)9-13(14(10)12)16(19)21/h3-5,8-9H,6-7,17H2,1-2H3"
3.0042,13.116666666666667,"InChI=1S/C16H17N3O3S/c17-16(18)23-10-9-12-3-7-15(8-4-12)22-11-13-1-5-14(6-2-13)19(20)21/h1-8H,9-11H2,(H3,17,18)"
1.7821500000000001,10.611666666666668,"InChI=1S/C16H17N7O2S/c1-2-26(24,25)22-9-16(10-22,4-5-17)23-8-12(7-21-23)14-13-3-6-18-15(13)20-11-19-14/h3,6-8,11H,2,4,9-10H2,1H3,(H,18,19,20)"
1.6253,10.355,"InChI=1S/C16H17N9O5S3/c1-24-16(20-22-23-24)33-4-6-3-31-13-9(12(27)25(13)10(6)14(28)29)19-11(26)8(21-30-2)7-5-32-15(17)18-7/h5,9,13H,3-4H2,1-2H3,(H2,17,18)(H,19,26)(H,28,29)"
1.4128,9.745,"InChI=1S/C16H17NO2/c18-15-8-12-6-7-17-10-14(13(12)9-16(15)19)11-4-2-1-3-5-11/h1-5,8-9,14,17-19H,6-7,10H2"
0.5051,1.5983333333333334,"InChI=1S/C16H17NO4/c18-11-3-8-1-2-17-6-9-4-12-13(21-7-20-12)5-10(9)14(15(8)17)16(11)19/h3-5,11,14-16,18-19H,1-2,6-7H2"
2.09525,11.305,"InChI=1S/C16H18N2/c1-18-10-14(12-6-3-2-4-7-12)13-8-5-9-16(17)15(13)11-18/h2-9,14H,10-11,17H2,1H3"
2.2294,11.325,"InChI=1S/C16H18N2O2/c19-16(12-3-4-12)13-5-7-15(8-6-13)20-9-1-2-14-10-17-11-18-14/h5-8,10-12H,1-4,9H2,(H,17,18)"
2.21365,12.206666666666669,"InChI=1S/C16H18N2O4S/c1-16(2)12(15(21)22)18-13(20)11(14(18)23-16)17-10(19)8-9-6-4-3-5-7-9/h3-7,11-12,14H,8H2,1-2H3,(H,17,19)(H,21,22)"
1.6995,7.194999999999999,"InChI=1S/C16H18N4O2/c1-4-17-16(18-5-1)20-8-6-19(7-9-20)11-13-2-3-14-15(10-13)22-12-21-14/h1-5,10H,6-9,11-12H2"
2.1365,10.596666666666666,"InChI=1S/C16H18N4O2/c21-15(18-12-13-4-2-1-3-5-13)8-11-19-20-16(22)14-6-9-17-10-7-14/h1-7,9-10,19H,8,11-12H2,(H,18,21)(H,20,22)"
2.2274,11.36,"InChI=1S/C16H19BrN2/c1-19(2)12-10-15(16-5-3-4-11-18-16)13-6-8-14(17)9-7-13/h3-9,11,15H,10,12H2,1-2H3"
2.0984,10.985,"InChI=1S/C16H19ClN2/c1-19(2)12-10-15(16-5-3-4-11-18-16)13-6-8-14(17)9-7-13/h3-9,11,15H,10,12H2,1-2H3"
1.571,15.605,"InChI=1S/C16H19N3O4S/c1-18(2)11-13-3-6-15(7-4-13)24(22,23)19-10-9-14(12-19)5-8-16(20)17-21/h3-10,12,21H,11H2,1-2H3,(H,17,20)"
1.3515,9.671666666666663,"InChI=1S/C16H20N2/c1-18(2)13-11-15(14-8-4-3-5-9-14)16-10-6-7-12-17-16/h3-10,12,15H,11,13H2,1-2H3"
2.6026,12.451666666666666,"InChI=1S/C16H21Cl2N3O2/c1-20-14-6-5-12(21(9-7-17)10-8-18)11-13(14)19-15(20)3-2-4-16(22)23/h5-6,11H,2-4,7-10H2,1H3,(H,22,23)"
2.5128000000000004,12,"InChI=1S/C16H21NO2/c1-12(2)17-10-14(18)11-19-16-9-5-7-13-6-3-4-8-15(13)16/h3-9,12,14,17-18H,10-11H2,1-2H3"
3.2938,13.888333333333332,"InChI=1S/C16H21NO2/c1-2-15(18)17-9-7-12-4-3-11-5-6-14-13(16(11)12)8-10-19-14/h5-6,12H,2-4,7-10H2,1H3,(H,17,18)"
1.2839,13.241666666666667,"InChI=1S/C16H21NO3/c1-17-12-7-8-13(17)10-14(9-12)20-16(19)15(18)11-5-3-2-4-6-11/h2-6,12-15,18H,7-10H2,1H3"
3.1461,13.241666666666667,"InChI=1S/C16H21NO3/c1-19-14-7-6-11(12-9-16(18)17-10-12)8-15(14)20-13-4-2-3-5-13/h6-8,12-13H,2-5,9-10H2,1H3,(H,17,18)"
3.6605,15.05,"InChI=1S/C16H21NO5S/c1-3-21-16(19)10-14(18)17-8-9-23-15(17)11-22-13-7-5-4-6-12(13)20-2/h4-7,15H,3,8-11H2,1-2H3"
2.2195,11.421666666666663,"InChI=1S/C16H22FNO/c1-13-8-11-18(12-9-13)10-2-3-16(19)14-4-6-15(17)7-5-14/h4-7,13H,2-3,8-12H2,1H3"
2.8314,12.505,"InChI=1S/C16H23N3O4/c1-2-22-15(21)12-7-9-13(10-8-12)23-14(20)6-4-3-5-11-19-16(17)18/h7-10H,2-6,11H2,1H3,(H4,17,18,19)"
1.96315,10.328333333333333,"InChI=1S/C16H23N5O4/c22-6-10-12(23)13(24)16(25-10)21-8-19-11-14(17-7-18-15(11)21)20-9-4-2-1-3-5-9/h7-10,12-13,16,22-24H,1-6H2,(H,17,18,20)"
2.1096,10.516666666666667,"InChI=1S/C16H25N3O3/c1-19(2)14-10-8-13(9-11-14)16(21)17-12-6-4-3-5-7-15(20)18-22/h8-11,22H,3-7,12H2,1-2H3,(H,17,21)(H,18,20)"
2.1155,11.513333333333332,"InChI=1S/C16H25NO/c1-3-10-17(11-4-2)14-9-8-13-6-5-7-16(18)15(13)12-14/h5-7,14,18H,3-4,8-12H2,1-2H3"
2.6086,11.796666666666663,"InChI=1S/C16H25NO3/c1-11(2)14-10-15(20-13(4)18)12(3)9-16(14)19-8-7-17(5)6/h9-11H,7-8H2,1-6H3"
5.2163,20.30666666666667,"InChI=1S/C16H26O2/c1-14(2)7-5-8-15(3)11(14)6-9-16(4)12(15)10-13(17)18-16/h11-12H,5-10H2,1-4H3"
4.8134,18.76333333333333,"InChI=1S/C16H8Br2F6N6O/c17-8-4-10(13-27-29-30-28-13)12(11(18)5-8)26-14(31)25-9-2-6(15(19,20)21)1-7(3-9)16(22,23)24/h1-5H,(H2,25,26,31)(H,27,28,29,30)"
5.3506,19.796666666666667,"InChI=1S/C16H8ClF3N4S/c17-9-6-7-11-12(8-9)24-13(22-23-15(24)16(18,19)20)14(21-11)25-10-4-2-1-3-5-10/h1-8H"
2.3433,10.796666666666663,"InChI=1S/C17H10ClFN6/c18-10-1-2-13(19)12(9-10)15-24-16-14(21-7-8-22-16)17(25-15)23-11-3-5-20-6-4-11/h1-9H,(H,20,22,23,24,25)"
3.7799,15.215,"InChI=1S/C17H12Cl2F3N7O2S/c1-6(28-15(31)12-11(19)13(23)27-5-26-12)16-25-4-9(32-16)14(30)29-10-2-7(17(20,21)22)8(18)3-24-10/h2-6H,1H3,(H,28,31)(H2,23,26,27)(H,24,29,30)"
5.6155,20.758333333333333,"InChI=1S/C17H12ClF3N2O/c1-24-14-8-6-13(7-9-14)23-15(10-16(22-23)17(19,20)21)11-2-4-12(18)5-3-11/h2-10H,1H3"
2.6885000000000003,12.493333333333334,"InChI=1S/C17H13N3O/c1-20-10-11(12-5-2-3-7-15(12)20)9-13-16-14(19-17(13)21)6-4-8-18-16/h2-10H,1H3,(H,19,21)"
3.09485,13.433333333333334,"InChI=1S/C17H13NO3/c19-15(12-5-2-1-3-6-12)11-21-16-8-4-7-14-13(16)9-10-18-17(14)20/h1-10H,11H2,(H,18,20)"
4.0004,15.573333333333332,"InChI=1S/C17H14BrN3O/c1-12(13-6-3-2-4-7-13)20-17(22)14(11-19)10-15-8-5-9-16(18)21-15/h2-10,12H,1H3,(H,20,22)"
3.85865,15.813333333333333,"InChI=1S/C17H14BrN3O2S/c18-16-19-20-17(24-9-15(22)23)21(16)14-8-7-11(10-5-6-10)12-3-1-2-4-13(12)14/h1-4,7-8,10H,5-6,9H2,(H,22,23)"
4.3477,17.07,"InChI=1S/C17H14Cl2F2N2O3/c18-11-6-22-7-12(19)15(11)23-16(24)10-3-4-13(26-17(20)21)14(5-10)25-8-9-1-2-9/h3-7,9,17H,1-2,8H2,(H,22,23,24)"
5.2954,19.085,"InChI=1S/C17H14ClF2IN2O2/c18-12-7-10(21)3-6-14(12)22-16-11(4-5-13(19)15(16)20)17(24)23-25-8-9-1-2-9/h3-7,9,22H,1-2,8H2,(H,23,24)"
3.8812,14.63,"InChI=1S/C17H14ClF2N3O3S/c1-2-5-27(25,26)23-13-4-3-12(19)14(15(13)20)16(24)11-8-22-17-10(11)6-9(18)7-21-17/h3-4,6-8,23H,2,5H2,1H3,(H,21,22)"
3.0170500000000002,11.775,"InChI=1S/C17H14F2N2/c18-11-7-14-12-4-1-5-13(12)16(10-3-2-6-20-9-10)21-17(14)15(19)8-11/h1-4,6-9,12-13,16,21H,5H2"
3.8968,16.613333333333333,"InChI=1S/C17H14F3N3O3S/c1-26-16-7-2-10(8-13(16)18)15-9-14(17(19)20)22-23(15)11-3-5-12(6-4-11)27(21,24)25/h2-9,17H,1H3,(H2,21,24,25)"
3.7683,13.745,"InChI=1S/C17H14N2O3/c20-16(18-11-6-2-1-3-7-11)17-10-13(17)15(19-21)12-8-4-5-9-14(12)22-17/h1-9,13,21H,10H2,(H,18,20)"
3.4667,14.33,"InChI=1S/C17H14O4/c1-9-6-7-13-15(20)12-5-3-4-11(8-14(18)19)17(12)21-16(13)10(9)2/h3-7H,8H2,1-2H3,(H,18,19)"
3.3816,12.838333333333331,"InChI=1S/C17H14O6/c1-21-13-4-3-9(5-15(13)22-2)14-8-12(20)17-11(19)6-10(18)7-16(17)23-14/h3-8,18-19H,1-2H3"
3.0376000000000003,13.151666666666667,"InChI=1S/C17H15BrClFN4O3/c1-24-8-21-16-13(24)7-10(17(26)23-27-5-4-25)15(14(16)20)22-12-3-2-9(18)6-11(12)19/h2-3,6-8,22,25H,4-5H2,1H3,(H,23,26)"
3.27595,12.6,"InChI=1S/C17H15F2IN4O4/c1-23-15-12(16(27)24(7-21-15)5-9(26)6-25)14(13(19)17(23)28)22-11-3-2-8(20)4-10(11)18/h2-4,7,9,22,25-26H,5-6H2,1H3"
2.5603,12.253333333333334,"InChI=1S/C17H15FN6O3/c1-23-21-16(20-22-23)15-5-2-10(7-19-15)13-4-3-11(6-14(13)18)24-8-12(9-25)27-17(24)26/h2-7,12,25H,8-9H2,1H3"
3.2001,13.801666666666668,"InChI=1S/C17H15NO3/c1-11(17(20)21)12-6-8-14(9-7-12)18-10-13-4-2-3-5-15(13)16(18)19/h2-9,11H,10H2,1H3,(H,20,21)"
3.0058499999999997,14.698333333333332,"InChI=1S/C17H15NO3/c19-15-11-16(18-7-9-20-10-8-18)21-17-13-4-2-1-3-12(13)5-6-14(15)17/h1-6,11H,7-10H2"
3.211,14.216666666666669,"InChI=1S/C17H15NO5/c1-11(19)18-13-7-9-14(10-8-13)23-17(21)15-5-3-4-6-16(15)22-12(2)20/h3-10H,1-2H3,(H,18,19)"
3.90845,15.615,"InChI=1S/C17H16BrF3N4O/c18-13-3-1-2-4-14(13)24-16(26)23-12-7-8-25(10-12)15-6-5-11(9-22-15)17(19,20)21/h1-6,9,12H,7-8,10H2,(H2,23,24,26)"
4.2633,16.74,"InChI=1S/C17H16BrFN6O4/c18-12-2-1-10(19)7-13(12)28-11-3-5-24(6-4-11)15-8-14(29-22-15)17-20-23-25(21-17)9-16(26)27/h1-2,7-8,11H,3-6,9H2,(H,26,27)"
2.8522,12.63,"InChI=1S/C17H16ClNO/c1-19-9-14-12-4-2-3-5-16(12)20-17-7-6-11(18)8-13(17)15(14)10-19/h2-8,14-15H,9-10H2,1H3"
4.21325,16.688333333333333,"InChI=1S/C17H16F3N3O5S/c1-9-8-27-16(28-9)2-4-22(5-3-16)15-21-14(24)11-6-10(17(18,19)20)7-12(23(25)26)13(11)29-15/h6-7,9H,2-5,8H2,1H3"
3.3477,13.19833333333333,"InChI=1S/C17H16F6N2O/c18-16(19,20)11-5-3-4-9-10(15(26)12-6-1-2-7-24-12)8-13(17(21,22)23)25-14(9)11/h3-5,8,12,15,24,26H,1-2,6-7H2"
3.7567,14.708333333333334,"InChI=1S/C17H16FN3/c1-10(2)15-9-16(21-17(19)20-15)13-7-8-14(18)12-6-4-3-5-11(12)13/h3-10H,1-2H3,(H2,19,20,21)"
2.2967500000000003,11.361666666666668,"InChI=1S/C17H16FN3O2S/c1-19-10-13-9-17(15-6-2-3-7-16(15)18)21(12-13)24(22,23)14-5-4-8-20-11-14/h2-9,11-12,19H,10H2,1H3"
2.8781,13.041666666666666,"InChI=1S/C17H16N2O3/c1-11(20)22-16-10-12-6-2-4-8-14(12)19(17(18)21)15-9-5-3-7-13(15)16/h2-9,16H,10H2,1H3,(H2,18,21)"
3.1594,13.025,"InChI=1S/C17H16N2O3/c1-22-15-6-2-12(3-7-15)11-19-9-8-13-4-5-14(10-16(13)19)17(20)18-21/h2-10,21H,11H2,1H3,(H,18,20)"
4.7685,20.35833333333333,"InChI=1S/C17H16O4/c1-20-13-10-15(19)17(16(11-13)21-2)14(18)9-8-12-6-4-3-5-7-12/h3-11,19H,1-2H3"
3.4585,14.388333333333332,"InChI=1S/C17H17BrN2O2/c1-2-6-16(21)19-12-7-5-8-13(11-12)20-17(22)14-9-3-4-10-15(14)18/h3-5,7-11H,2,6H2,1H3,(H,19,21)(H,20,22)"
3.4147499999999997,13.448333333333332,"InChI=1S/C17H17ClN2O/c1-3-19-16-20-15-10-9-13(18)11-14(15)17(2,21-16)12-7-5-4-6-8-12/h4-11H,3H2,1-2H3,(H,19,20)"
3.4707,13.525,"InChI=1S/C17H17ClO6/c1-8-5-9(19)6-12(23-4)17(8)16(20)13-10(21-2)7-11(22-3)14(18)15(13)24-17/h6-8H,5H2,1-4H3"
4.7902,18.78833333333333,"InChI=1S/C17H17F2NO2/c1-2-3-10-22-14-7-4-12(5-8-14)17(21)20-16-9-6-13(18)11-15(16)19/h4-9,11H,2-3,10H2,1H3,(H,20,21)"
2.4753,11.745,"InChI=1S/C17H17N3/c1-2-8-13-12(6-1)7-5-11-14(13)18-17-19-15-9-3-4-10-16(15)20-17/h1-4,6,8-10,14H,5,7,11H2,(H2,18,19,20)"
2.8217,12.651666666666667,"InChI=1S/C17H17N5O6S/c23-5-11-13(24)14(25)17(28-11)21-8-20-12-15(21)18-7-19-16(12)29-6-9-1-3-10(4-2-9)22(26)27/h1-4,7-8,11,13-14,17,23-25H,5-6H2"
2.7259,11.813333333333333,"InChI=1S/C17H17N7/c18-15-13-14(11-7-10-5-6-19-16(10)20-8-11)23-24(12-3-1-2-4-12)17(13)22-9-21-15/h5-9,12H,1-4H2,(H,19,20)(H2,18,21,22)"
2.1679,11.515,"InChI=1S/C17H18BrNO/c1-19-8-7-13-9-16(18)17(20)10-14(13)15(11-19)12-5-3-2-4-6-12/h2-6,9-10,15,20H,7-8,11H2,1H3"
3.5224,14.803333333333336,"InChI=1S/C17H18F3N3O3/c1-16(2)14(25)23(15(26)22(16)7-3-4-8-24)12-6-5-11(10-21)13(9-12)17(18,19)20/h5-6,9,24H,3-4,7-8H2,1-2H3"
4.9711,11.696666666666664,"InChI=1S/C17H18N2/c1-17(2,3)13-10-8-12(9-11-13)16-18-14-6-4-5-7-15(14)19-16/h4-11H,1-3H3,(H,18,19)"
2.28205,11.706666666666669,"InChI=1S/C17H18N2O4/c1-5-9-15-10-6-13(21-2)14(22-3)7-11(10)19-12(15)8-18-16(9)17(20)23-4/h6-8,19H,5H2,1-4H3"
1.95365,10.865,"InChI=1S/C17H18N4O/c1-11-13(19-10-18-11)9-21-8-7-15-16(17(21)22)12-5-3-4-6-14(12)20(15)2/h3-6,10H,7-9H2,1-2H3,(H,18,19)"
3.4409,14.853333333333332,"InChI=1S/C17H18N4O2/c1-3-15-17(16(4-2)21(20-15)5-6-22)23-14-8-12(10-18)7-13(9-14)11-19/h7-9,22H,3-6H2,1-2H3"
2.4569,11.48,"InChI=1S/C17H18N6/c18-7-5-15(12-3-1-2-4-12)23-10-13(9-22-23)16-14-6-8-19-17(14)21-11-20-16/h6,8-12,15H,1-5H2,(H,19,20,21)"
2.49125,11.793333333333331,"InChI=1S/C17H19FN2O2/c1-12(17(19)21)20-10-13-5-7-16(8-6-13)22-11-14-3-2-4-15(18)9-14/h2-9,12,20H,10-11H2,1H3,(H2,19,21)"
2.2994,10.84,"InChI=1S/C17H19FN4O2S/c18-11-4-1-3-10(7-11)14-8-13(22-17(19)24)15(25-14)16(23)21-12-5-2-6-20-9-12/h1,3-4,7-8,12,20H,2,5-6,9H2,(H,21,23)(H3,19,22,24)"
3.4502,14.395,"InChI=1S/C17H19FN4O5S/c1-21-16(25)14(23)13(15(24)19-10-11-4-6-12(18)7-5-11)20-17(21)22-8-2-3-9-28(22,26)27/h4-7,23H,2-3,8-10H2,1H3,(H,19,24)"
1.7266,10.783333333333331,"InChI=1S/C17H19N3/c1-19-9-10-20-16(12-19)15-7-3-2-5-13(15)11-14-6-4-8-18-17(14)20/h2-8,16H,9-12H2,1H3"
0.8374,1.4833333333333334,"InChI=1S/C17H19N5/c1-2-11-22-15(12-19-17(22)6-1)14-4-3-5-16(21-14)20-13-7-9-18-10-8-13/h1-6,11-13,18H,7-10H2,(H,20,21)"
2.1749,11.415,"InChI=1S/C17H19N7O5S3/c18-17(19)20-7-2-4-11(16(26)27)21-15(25)14-10(6-8-30-14)24-32(28,29)12-5-1-3-9-13(12)23-31-22-9/h1,3,5-6,8,11,24H,2,4,7H2,(H,21,25)(H,26,27)(H4,18,19,20)"
1.9868,10.741666666666667,"InChI=1S/C17H20N2O2/c1-19-11-6-7-12(19)9-13(8-11)21-17(20)15-10-18-16-5-3-2-4-14(15)16/h2-5,10-13,18H,6-9H2,1H3"
1.5617,10.318333333333332,"InChI=1S/C17H20N2O2/c1-2-19(12-14-8-10-18-11-9-14)17(21)16(13-20)15-6-4-3-5-7-15/h3-11,16,20H,2,12-13H2,1H3"
3.4596,13.326666666666666,"InChI=1S/C17H20O6/c1-9(5-7-13(18)19)4-6-11-15(20)14-12(8-23-17(14)21)10(2)16(11)22-3/h4,20H,5-8H2,1-3H3,(H,18,19)"
4.0481,12.545833333333333,"InChI=1S/C17H21NO/c1-14-8-6-7-11-16(14)19-17(12-13-18-2)15-9-4-3-5-10-15/h3-11,17-18H,12-13H2,1-2H3"
1.219,6.033333333333333,"InChI=1S/C17H21NO3/c1-12(17(21)14-4-8-16(20)9-5-14)18-11-10-13-2-6-15(19)7-3-13/h2-9,12,17-21H,10-11H2,1H3"
0.7662500000000001,1.57,"InChI=1S/C17H21NO3/c1-18-8-7-17-6-5-12(19)9-14(17)21-16-13(20-2)4-3-11(10-18)15(16)17/h3-6,12,14,19H,7-10H2,1-2H3"
3.0887000000000002,12.048333333333334,"InChI=1S/C17H22N2O3/c1-12(5-10-16(20)18-22)11-13(2)17(21)14-6-8-15(9-7-14)19(3)4/h5-11,13,22H,1-4H3,(H,18,20)"
1.9432,11.026666666666667,"InChI=1S/C17H22N4O2/c1-4-23-9-13-20-14-15(21(13)10-17(2,3)22)11-7-5-6-8-12(11)19-16(14)18/h5-8,22H,4,9-10H2,1-3H3,(H2,18,19)"
3.5656,12.935,"InChI=1S/C17H23N5O2S2/c1-9-12(10-8-25-14(20-10)17(2,3)4)26-15(19-9)21-16(24)22-7-5-6-11(22)13(18)23/h8,11H,5-7H2,1-4H3,(H2,18,23)(H,19,21,24)"
1.6105,10.633333333333333,"InChI=1S/C17H23NO3/c1-18-13-7-8-14(18)10-15(9-13)21-17(20)16(11-19)12-5-3-2-4-6-12/h2-6,13-16,19H,7-11H2,1H3"
1.2725499999999998,9.851666666666667,"InChI=1S/C17H23NO4/c1-18-12-7-13(9-15(18)16(20)8-12)22-17(21)14(10-19)11-5-3-2-4-6-11/h2-6,12-16,19-20H,7-10H2,1H3"
2.6565,11.276666666666667,"InChI=1S/C17H24N4O2S2/c1-17(2,3)12-8-19-13(23-12)10-24-14-9-20-16(25-14)21-15(22)11-4-6-18-7-5-11/h8-9,11,18H,4-7,10H2,1-3H3,(H,20,21,22)"
1.0045,1.6333333333333333,"InChI=1S/C17H25N3O2/c18-9-14-2-1-3-20(14)15(21)10-19-16-5-12-4-13(6-16)8-17(22,7-12)11-16/h12-14,19,22H,1-8,10-11H2"
1.7922,10.478333333333332,"InChI=1S/C17H25N3O2S/c1-19(2)10-7-15-12-18-17-6-5-14(11-16(15)17)13-23(21,22)20-8-3-4-9-20/h5-6,11-12,18H,3-4,7-10,13H2,1-2H3"
1.9249,11.48,"InChI=1S/C17H25NO3/c1-17(2,3)18-10-12(19)11-21-16-9-5-6-13-14(16)7-4-8-15(13)20/h5-6,9,12,18-19H,4,7-8,10-11H2,1-3H3"
2.001,11.101666666666668,"InChI=1S/C17H25NO4/c1-20-13-11-15(21-2)17(16(12-13)22-3)14(19)7-6-10-18-8-4-5-9-18/h11-12H,4-10H2,1-3H3"
3.1618,12.403333333333334,"InChI=1S/C17H26ClNO/c18-17-9-7-16(8-10-17)6-4-14-20-15-5-13-19-11-2-1-3-12-19/h7-10H,1-6,11-15H2"
1.5458,9.845,"InChI=1S/C17H27N3O4S/c1-4-20-8-6-7-12(20)11-19-17(21)13-9-16(25(22,23)5-2)14(18)10-15(13)24-3/h9-10,12H,4-8,11,18H2,1-3H3,(H,19,21)"
3.7702,16.529999999999998,"InChI=1S/C17H30N2O5/c1-6-23-17(22)14-13(24-14)16(21)19-12(9-11(4)5)15(20)18-8-7-10(2)3/h10-14H,6-9H2,1-5H3,(H,18,20)(H,19,21)"
4.3497,19.116666666666667,InChI=1S/C17H9NO3/c19-14-11-8-4-5-9-12(11)15(20)16-13(14)18-17(21-16)10-6-2-1-3-7-10/h1-9H
3.4274,12.745,"InChI=1S/C18H13F3N4O2/c19-18(20,21)27-14-6-4-13(5-7-14)25-16-9-15(23-10-24-16)11-2-1-3-12(8-11)17(22)26/h1-10H,(H2,22,26)(H,23,24,25)"
2.4809,11.563333333333333,"InChI=1S/C18H13N3OS2/c22-17-16(24-18(21-17)20-11-14-4-2-8-23-14)10-12-5-6-15-13(9-12)3-1-7-19-15/h1-10H,11H2,(H,20,21,22)"
2.1077,11.01,"InChI=1S/C18H13N7S/c1-24-11-13(10-20-24)16-6-7-17-21-22-18(25(17)23-16)26-14-4-5-15-12(9-14)3-2-8-19-15/h2-11H,1H3"
4.4750499999999995,15.485,"InChI=1S/C18H14Cl4N2O/c19-12-4-5-13(17(22)8-12)18(9-24-7-6-23-11-24)25-10-14-15(20)2-1-3-16(14)21/h1-8,11,18H,9-10H2"
1.9177,10.508333333333333,"InChI=1S/C18H14N6O2/c19-16-15-17(24-18(20)23-16)22-14(10-4-2-6-12(26)8-10)13(21-15)9-3-1-5-11(25)7-9/h1-8,25-26H,(H4,19,20,22,23,24)"
4.355,19.97833333333333,"InChI=1S/C18H14O3/c1-9-4-3-5-12-11(9)6-7-13-15(12)17(20)16(19)14-10(2)8-21-18(13)14/h3-7,10H,8H2,1-2H3"
4.7437000000000005,17.225,"InChI=1S/C18H15Cl4N3OS/c19-13-7-9-14(10-8-13)23-17(27)25-16(18(20,21)22)24-15(26)11-6-12-4-2-1-3-5-12/h1-11,16H,(H,24,26)(H2,23,25,27)"
2.9042,12.015,"InChI=1S/C18H15ClN6OS2/c19-11-2-1-3-12(8-11)24-17(26)25-18-21-9-13(28-18)4-6-20-16-15-14(5-7-27-15)22-10-23-16/h1-3,5,7-10H,4,6H2,(H,20,22,23)(H2,21,24,25,26)"
3.5333,14.66,"InChI=1S/C18H15N7O/c19-18-22-16-13(11-20-24(16)9-8-12-5-2-1-3-6-12)17-21-15(23-25(17)18)14-7-4-10-26-14/h1-7,10-11H,8-9H2,(H2,19,22)"
2.1405,11.235,"InChI=1S/C18H16F2N4O2S/c19-11-1-4-15(22-6-11)16(25)23-12-2-3-14(20)13(5-12)18-9-26-7-10(18)8-27-17(21)24-18/h1-6,10H,7-9H2,(H2,21,24)(H,23,25)"
3.8747,14.623333333333331,"InChI=1S/C18H16F2N6/c1-10-7-16(26-25-10)23-18-15(20)8-13(9-21)17(24-18)22-11(2)12-3-5-14(19)6-4-12/h3-8,11H,1-2H3,(H3,22,23,24,25,26)"
3.7926,15.616666666666667,"InChI=1S/C18H16N4O3S/c1-26(24,25)14-9-7-12(8-10-14)15-11-20-17(19)16(22-15)18(23)21-13-5-3-2-4-6-13/h2-11H,1H3,(H2,19,20)(H,21,23)"
3.4706,15.096666666666666,"InChI=1S/C18H16O7/c1-22-12-5-4-9(6-10(12)19)13-7-11(20)16-14(25-13)8-15(23-2)18(24-3)17(16)21/h4-8,19,21H,1-3H3"
3.9999,15.668333333333331,"InChI=1S/C18H17Br2NO5/c1-9(2)12-7-11(3-4-15(12)22)26-18-13(19)5-10(6-14(18)20)21-16(23)8-17(24)25/h3-7,9,22H,8H2,1-2H3,(H,21,23)(H,24,25)"
4.3779,16.611666666666668,"InChI=1S/C18H17Cl2F3N4O2/c19-11-1-2-14(13(20)7-11)26-17-25-9-12(15(27-17)18(21,22)23)16(28)24-8-10-3-5-29-6-4-10/h1-2,7,9-10H,3-6,8H2,(H,24,28)(H,25,26,27)"
4.8301,15.275,"InChI=1S/C18H17F2N3O2/c1-3-4-5-25-17-11(8-21-18-12(17)9-22-23-18)16(24)15-13(19)6-10(2)7-14(15)20/h6-9H,3-5H2,1-2H3,(H,21,22,23)"
1.5719,10.343333333333334,"InChI=1S/C18H17FN4O/c19-13-9-10(14-5-2-8-21-14)6-7-11(13)18-22-15-4-1-3-12(17(20)24)16(15)23-18/h1,3-4,6-7,9,14,21H,2,5,8H2,(H2,20,24)(H,22,23)"
1.2502,1.635,"InChI=1S/C18H17N3O2/c1-19-17(22)14-3-2-13-9-15(5-4-12(13)8-14)18(23)6-7-21-11-20-10-16(18)21/h2-5,8-11,23H,6-7H2,1H3,(H,19,22)"
2.1714,11.453333333333337,"InChI=1S/C18H17N3O4S/c1-25-15-8-10-16(11-9-15)26(23,24)21-17-3-2-12-19-18(17)20-13-4-6-14(22)7-5-13/h2-12,21-22H,1H3,(H,19,20)"
3.9202,16.428333333333335,"InChI=1S/C18H17NO4/c1-21-11-8-16(22-2)14(17(9-11)23-3)10-13-12-6-4-5-7-15(12)19-18(13)20/h4-10H,1-3H3,(H,19,20)"
3.6271,15.448333333333332,"InChI=1S/C18H17NO5/c1-23-15-9-7-12(11-16(15)24-2)8-10-17(20)19-14-6-4-3-5-13(14)18(21)22/h3-11H,1-2H3,(H,19,20)(H,21,22)"
3.7329,12.803333333333336,"InChI=1S/C18H18ClIN6O4/c1-21-16(29)13-11(27)12(28)17(30-13)26-7-23-10-14(24-18(19)25-15(10)26)22-6-8-3-2-4-9(20)5-8/h2-5,7,11-13,17,27-28H,6H2,1H3,(H,21,29)(H,22,24,25)"
2.8879,13.45,"InChI=1S/C18H18F2N2O4/c1-3-13-9(2)15(23)5-4-14(13)17(25)21-22-18(26)16(24)10-6-11(19)8-12(20)7-10/h4-8,16,23-24H,3H2,1-2H3,(H,21,25)(H,22,26)"
2.8959,11.558333333333334,"InChI=1S/C18H18N2O4/c21-15(19-24)10-2-1-3-11-20-17(22)13-8-4-6-12-7-5-9-14(16(12)13)18(20)23/h4-9,24H,1-3,10-11H2,(H,19,21)"
2.3005,11.646666666666668,"InChI=1S/C18H18N4O3S2/c1-12-17(27(19,24)25)26-18(21-12)22(2)16(23)11-13-6-8-14(9-7-13)15-5-3-4-10-20-15/h3-10H,11H2,1-2H3,(H2,19,24,25)"
2.89435,12.285,"InChI=1S/C18H19ClFN3O2/c1-25-16-5-4-12(20)7-14(16)13-8-17(22-10-15(13)19)23-18(24)11-3-2-6-21-9-11/h4-5,7-8,10-11,21H,2-3,6,9H2,1H3,(H,22,23,24)"
2.6455,11.836666666666668,"InChI=1S/C18H19ClFN7/c1-27-6-4-11(5-7-27)25-18-21-9-15-16(26-18)17(23-10-22-15)24-12-2-3-14(20)13(19)8-12/h2-3,8-11H,4-7H2,1H3,(H,21,25,26)(H,22,23,24)"
3.5577,14.743333333333334,"InChI=1S/C18H19F3N2S/c1-22(2)10-5-11-23-14-6-3-4-7-16(14)24-17-9-8-13(12-15(17)23)18(19,20)21/h3-4,6-9,12H,5,10-11H2,1-2H3"
3.0802,12.085833333333333,"InChI=1S/C18H19IN6O4/c1-20-17(28)14-12(26)13(27)18(29-14)25-8-24-11-15(22-7-23-16(11)25)21-6-9-3-2-4-10(19)5-9/h2-5,7-8,12-14,18,26-27H,6H2,1H3,(H,20,28)(H,21,22,23)"
1.9959500000000001,10.458333333333334,"InChI=1S/C18H19N3O3S/c1-21(16-4-2-3-9-19-16)10-11-24-14-7-5-13(6-8-14)12-15-17(22)20-18(23)25-15/h2-9,15H,10-12H2,1H3,(H,20,22,23)"
2.7077,12.635,"InChI=1S/C18H19N3O4/c1-3-25-18(23)15-16-14-5-4-8-20(14)17(22)12-9-11(24-2)6-7-13(12)21(16)10-19-15/h6-7,9-10,14H,3-5,8H2,1-2H3"
2.0556,9.981666666666666,"InChI=1S/C18H19N5O4S/c1-19-12-8-22(9-13(12)27-2)14-4-3-10-15(24)11(17(25)26)7-23(16(10)21-14)18-20-5-6-28-18/h3-7,12-13,19H,8-9H2,1-2H3,(H,25,26)"
3.1373,13.125,"InChI=1S/C18H19NOS/c1-19-12-11-17(18-10-5-13-21-18)20-16-9-4-7-14-6-2-3-8-15(14)16/h2-10,13,17,19H,11-12H2,1H3"
1.6663,10.026666666666667,"InChI=1S/C18H20ClN5/c19-14-3-1-13(2-4-14)11-18(20)6-9-24(10-7-18)17-15-5-8-21-16(15)22-12-23-17/h1-5,8,12H,6-7,9-11,20H2,(H,21,22,23)"
2.0138,10.603333333333332,"InChI=1S/C18H20FN5O4/c1-28-22-14-8-23(6-9(14)5-20)17-13(19)4-11-15(25)12(18(26)27)7-24(10-2-3-10)16(11)21-17/h4,7,9-10H,2-3,5-6,8,20H2,1H3,(H,26,27)"
1.908,10.396666666666668,"InChI=1S/C18H20N6OS/c1-12-16(26-17(19)21-12)15-6-7-20-18(23-15)22-13-2-4-14(5-3-13)24-8-10-25-11-9-24/h2-7H,8-11H2,1H3,(H2,19,21)(H,20,22,23)"
2.8091,13.075,"InChI=1S/C18H21F2N5O4S/c1-29-13-4-3-12(19)15(20)14(13)16(26)11-9-22-18(24-17(11)21)23-10-5-7-25(8-6-10)30(2,27)28/h3-4,9-10H,5-8H2,1-2H3,(H3,21,22,23,24)"
2.2198,10.83,"InChI=1S/C18H21F3N6O2/c19-18(20,21)13-9-15(22)23-11-12(13)14-10-16(26-1-5-28-6-2-26)25-17(24-14)27-3-7-29-8-4-27/h9-11H,1-8H2,(H2,22,23)"
1.6745,10.69,"InChI=1S/C18H21N5O2/c1-21-17(24)9-16(22-8-4-7-15(20)12-22)23(18(21)25)11-14-6-3-2-5-13(14)10-19/h2-3,5-6,9,15H,4,7-8,11-12,20H2,1H3"
1.8921,10.591666666666669,"InChI=1S/C18H21N5O2S/c1-12(2)23-13(3)20-11-17(23)16-9-10-19-18(22-16)21-14-5-7-15(8-6-14)26(4,24)25/h5-12H,1-4H3,(H,19,21,22)"
3.4202,13.605,"InChI=1S/C18H21N5O3/c1-11(2)12-5-7-13(8-6-12)20-14(24)9-23-10-19-16-15(23)17(25)22(4)18(26)21(16)3/h5-8,10-11H,9H2,1-4H3,(H,20,24)"
1.1595,9.476666666666668,"InChI=1S/C18H21N7O4/c1-20-17(28)14-12(26)13(27)18(29-14)25-8-24-11-15(22-7-23-16(11)25)21-6-9-2-4-10(19)5-3-9/h2-5,7-8,12-14,18,26-27H,6,19H2,1H3,(H,20,28)(H,21,22,23)"
3.4962999999999997,14.488333333333332,"InChI=1S/C18H22N2S/c1-14-7-8-17(15(2)13-14)21-18-6-4-3-5-16(18)20-11-9-19-10-12-20/h3-8,13,19H,9-12H2,1-2H3"
2.7,11.635,"InChI=1S/C18H22N4O4/c1-5-22-15(19)13(17(24)20-3)14(23)12-7-6-11(21-16(12)22)8-9-18(2,25)10-26-4/h6-7,25H,5,10,19H2,1-4H3,(H,20,24)"
0.9209,8.996666666666666,"InChI=1S/C18H22N6O4/c19-11-3-1-10(2-4-11)5-6-20-16-13-17(22-8-21-16)24(9-23-13)18-15(27)14(26)12(7-25)28-18/h1-4,8-9,12,14-15,18,25-27H,5-7,19H2,(H,20,21,22)"
3.4422,14.085,"InChI=1S/C18H23F2N5O4S2/c1-11(14(27)9-26)21-15-8-16(24-31(28,29)25-6-3-7-25)23-18(22-15)30-10-12-4-2-5-13(19)17(12)20/h2,4-5,8,11,14,26-27H,3,6-7,9-10H2,1H3,(H2,21,22,23,24)"
2.137,11.425,"InChI=1S/C18H23NO3/c1-13(12-22-17-6-4-3-5-7-17)19-14(2)18(21)15-8-10-16(20)11-9-15/h3-11,13-14,18-21H,12H2,1-2H3"
1.9807,10.658333333333331,"InChI=1S/C18H24N4O/c1-21-13-6-5-7-14(21)11-12(10-13)19-18(23)17-15-8-3-4-9-16(15)22(2)20-17/h3-4,8-9,12-14H,5-7,10-11H2,1-2H3,(H,19,23)"
1.7375,10.686666666666667,"InChI=1S/C18H26ClN3O3/c1-24-9-2-6-22-7-3-12(4-8-22)21-18(23)14-11-15(19)16(20)13-5-10-25-17(13)14/h11-12H,2-10,20H2,1H3,(H,21,23)"
3.11945,13.32,"InChI=1S/C18H26FN3O6/c1-9(2)14(23)26-8-11-13(28-15(24)10(3)4)18(5,19)16(27-11)22-7-6-12(20)21-17(22)25/h6-7,9-11,13,16H,8H2,1-5H3,(H2,20,21,25)"
3.14935,13.7,"InChI=1S/C18H26N2O4/c1-3-12-20(13-4-2)18(24)15(10-11-16(21)22)19-17(23)14-8-6-5-7-9-14/h5-9,15H,3-4,10-13H2,1-2H3,(H,19,23)(H,21,22)"
3.4854,14.358333333333333,"InChI=1S/C18H26O5/c1-12-6-5-9-14(19)8-4-2-3-7-13-10-15(20)11-16(21)17(13)18(22)23-12/h10-12,14,19-21H,2-9H2,1H3"
1.8538,10.123333333333331,"InChI=1S/C18H27N3O2/c1-23-17(22)16(5-15-9-19-11-21-15)20-10-18-6-12-2-13(7-18)4-14(3-12)8-18/h9,11-16,20H,2-8,10H2,1H3"
4.0737,15.781666666666666,"InChI=1S/C18H27NO3/c1-14(2)8-6-4-5-7-9-18(21)19-13-15-10-11-16(20)17(12-15)22-3/h6,8,10-12,14,20H,4-5,7,9,13H2,1-3H3,(H,19,21)"
2.1171,10.761666666666668,"InChI=1S/C18H28N2O3S/c1-15-7-11-19(12-8-15)13-9-16-4-3-10-20(16)24(22,23)18-6-2-5-17(21)14-18/h2,5-6,14-16,21H,3-4,7-13H2,1H3"
2.1673,11.458333333333334,"InChI=1S/C18H29N3O5/c1-18(2,3)19-11-15(22)12-8-13(25-16(23)20(4)5)10-14(9-12)26-17(24)21(6)7/h8-10,15,19,22H,11H2,1-7H3"
2.4846,12.306666666666668,"InChI=1S/C18H30N2O2/c1-3-5-12-20(13-6-4-2)14-7-15-22-18(21)16-8-10-17(19)11-9-16/h8-11H,3-7,12-15,19H2,1-2H3"
1.2748,9.821666666666667,"InChI=1S/C18H34N2O6S/c1-5-6-10-7-11(20(3)8-10)17(25)19-12(9(2)21)16-14(23)13(22)15(24)18(26-16)27-4/h9-16,18,21-24H,5-8H2,1-4H3,(H,19,25)"
4.6898,18.436666666666667,"InChI=1S/C19H12Cl2N2O2/c1-23-9-13(11-4-2-3-5-15(11)23)17-16(18(24)22-19(17)25)12-7-6-10(20)8-14(12)21/h2-9H,1H3,(H,22,24,25)"
3.5976,14.09,"InChI=1S/C19H12ClN3O2/c20-12-2-1-3-13(9-12)22-18-15-6-7-21-10-16(15)14-5-4-11(19(24)25)8-17(14)23-18/h1-10H,(H,22,23)(H,24,25)"
3.7879,14.968333333333334,"InChI=1S/C19H13ClF3N3O/c1-12-17(8-3-14-9-10-24-18(20)11-14)25-13(2)26(12)15-4-6-16(7-5-15)27-19(21,22)23/h4-7,9-11H,1-2H3"
2.6016,11.565,"InChI=1S/C19H13F2N7/c1-27-11-13(10-23-27)16-6-7-17-24-25-18(28(17)26-16)19(20,21)14-4-5-15-12(9-14)3-2-8-22-15/h2-11H,1H3"
3.3538,14.856666666666666,"InChI=1S/C19H14Cl2N2O3S/c1-27(25,26)13-6-7-14(17(21)11-13)19(24)23-12-5-8-16(20)15(10-12)18-4-2-3-9-22-18/h2-11H,1H3,(H,23,24)"
3.2681,14.308333333333334,"InChI=1S/C19H14N2O4/c22-17-13-6-1-2-7-14(13)18(23)21(17)16(19(24)25)9-11-10-20-15-8-4-3-5-12(11)15/h1-8,10,16,20H,9H2,(H,24,25)"
4.9165,19.486666666666668,"InChI=1S/C19H16ClNO4/c1-23-15-9-14(10-16(11-15)24-2)21-19(22)18-8-7-17(25-18)12-3-5-13(20)6-4-12/h3-11H,1-2H3,(H,21,22)"
4.0781,14.233333333333333,"InChI=1S/C19H16N2O3/c1-14-11-12-16(23-14)13-20-21-19(22)17-9-5-6-10-18(17)24-15-7-3-2-4-8-15/h2-13H,1H3,(H,21,22)"
3.8108500000000003,13.213333333333331,"InChI=1S/C19H16N2O5/c1-11-15-9-13(26-12-5-3-2-4-6-12)7-8-14(15)18(24)17(21-11)19(25)20-10-16(22)23/h2-9,24H,10H2,1H3,(H,20,25)(H,22,23)"
4.1652,16.49,"InChI=1S/C19H16N2O5/c22-15(23)10-20-18(25)16-17(24)13-8-4-5-9-14(13)21(19(16)26)11-12-6-2-1-3-7-12/h1-9,24H,10-11H2,(H,20,25)(H,22,23)"
1.6972,10.336666666666668,"InChI=1S/C19H16N8O/c28-7-6-26-12-15(9-22-26)17-10-21-18-19(23-17)27(25-24-18)11-13-3-4-16-14(8-13)2-1-5-20-16/h1-5,8-10,12,28H,6-7,11H2"
3.3982,6.161666666666666,"InChI=1S/C19H16O4/c20-16-7-1-14(2-8-16)5-11-18(22)13-19(23)12-6-15-3-9-17(21)10-4-15/h1-12,20-21H,13H2"
3.1574999999999998,12.625,"InChI=1S/C19H17Cl2N3O2S/c20-14-1-4-16(5-2-14)27(25,26)24-11-9-23(10-12-24)19-7-8-22-18-13-15(21)3-6-17(18)19/h1-8,13H,9-12H2"
3.8988,14.828333333333337,"InChI=1S/C19H17N3O/c1-21-16-9-5-3-7-14(16)19(23)22-11-10-13-12-6-2-4-8-15(12)20-17(13)18(21)22/h2-9,18,20H,10-11H2,1H3"
1.1885,9.911666666666669,"InChI=1S/C19H17N5O2/c20-17(21)14-2-1-13-10-16(8-5-12(13)9-14)26-18(25)11-3-6-15(7-4-11)24-19(22)23/h1-10H,(H3,20,21)(H4,22,23,24)"
4.6343,11.408333333333331,"InChI=1S/C19H18BrN3O/c1-2-7-17(14-8-4-3-5-9-14)23-19(24)15(13-21)12-16-10-6-11-18(20)22-16/h3-6,8-12,17H,2,7H2,1H3,(H,23,24)"
3.5057,13.576666666666666,"InChI=1S/C19H18ClN3O5S/c1-8-11(12(22-28-8)9-6-4-5-7-10(9)20)15(24)21-13-16(25)23-14(18(26)27)19(2,3)29-17(13)23/h4-7,13-14,17H,1-3H3,(H,21,24)(H,26,27)"
3.68,14.305,"InChI=1S/C19H18F3N3O6/c1-11(26)23-12-3-6-14(7-4-12)31-10-18(2,28)17(27)24-13-5-8-16(25(29)30)15(9-13)19(20,21)22/h3-9,28H,10H2,1-2H3,(H,23,26)(H,24,27)"
1.8107000000000002,10.703333333333337,"InChI=1S/C19H18FN3O/c1-21-10-11-2-4-12(5-3-11)18-14-6-7-22-19(24)15-8-13(20)9-16(23-18)17(14)15/h2-5,8-9,21,23H,6-7,10H2,1H3,(H,22,24)"
5.62305,21.12833333333333,"InChI=1S/C19H18N2O2S/c1-3-23-19(22)15-9-11-16(12-10-15)21(2)17-13-24-18(20-17)14-7-5-4-6-8-14/h4-13H,3H2,1-2H3"
2.0286,10.896666666666668,"InChI=1S/C19H18N4O2/c1-11-9-17(24)22-23-18(11)13-5-8-15-16(10-13)21-19(20-15)12-3-6-14(25-2)7-4-12/h3-8,10-11H,9H2,1-2H3,(H,20,21)(H,22,24)"
1.58595,10.056666666666668,"InChI=1S/C19H18N4O2/c24-10-9-23-12-17(19(21-23)13-5-7-20-8-6-13)15-1-3-16-14(11-15)2-4-18(16)22-25/h1,3,5-8,11-12,24-25H,2,4,9-10H2"
2.7232,12.796666666666663,"InChI=1S/C19H18N4O3/c1-24-14-4-2-3-13(8-14)15-9-18(23-19(20)22-15)21-10-12-5-6-16-17(7-12)26-11-25-16/h2-9H,10-11H2,1H3,(H3,20,21,22,23)"
2.9822,12.038333333333332,"InChI=1S/C19H18N4OS/c1-3-24-15-9-7-14(8-10-15)21-19-22-16(12-25-19)18-13(2)20-17-6-4-5-11-23(17)18/h4-12H,3H2,1-2H3,(H,21,22)"
3.95825,14.675,"InChI=1S/C19H19FN4O3/c1-10-6-13-14(23-10)4-5-15(17(13)20)27-19-18-12(3)16(26-8-11(2)25)7-24(18)22-9-21-19/h4-7,9,11,23,25H,8H2,1-3H3"
2.37525,11.513333333333332,"InChI=1S/C19H19N3O2S/c23-25(24,16-6-2-1-3-7-16)17-13-15-5-4-8-18(19(15)21-14-17)22-11-9-20-10-12-22/h1-8,13-14,20H,9-12H2"
2.9394,12.505,"InChI=1S/C19H20ClN3/c20-16-9-7-15(8-10-16)13-23-18-6-2-1-5-17(18)21-19(23)14-22-11-3-4-12-22/h1-2,5-10H,3-4,11-14H2"
2.0143,11.101666666666668,"InChI=1S/C19H20ClNO2/c1-2-9-21-10-8-14-15(11-17(22)19(23)18(14)20)16(12-21)13-6-4-3-5-7-13/h2-7,11,16,22-23H,1,8-10,12H2"
4.4272,17.523333333333333,"InChI=1S/C19H20F3IN2O5S/c1-30-15-7-13(21)16(22)18(24-14-3-2-10(23)6-12(14)20)17(15)25-31(28,29)19(4-5-19)8-11(27)9-26/h2-3,6-7,11,24-27H,4-5,8-9H2,1H3"
2.9959,12.975,"InChI=1S/C19H20FNO3/c20-15-3-1-13(2-4-15)17-7-8-21-10-14(17)11-22-16-5-6-18-19(9-16)24-12-23-18/h1-6,9,14,17,21H,7-8,10-12H2"
4.0225,15.613333333333332,"InChI=1S/C19H20N2O3/c1-19(2,18(22)23)24-13-16-15-10-6-7-11-17(15)21(20-16)12-14-8-4-3-5-9-14/h3-11H,12-13H2,1-2H3,(H,22,23)"
2.0221,10.625,"InChI=1S/C19H20N2O3/c22-18-10-21-12-5-11(18)6-13(21)8-14(7-12)24-19(23)16-9-20-17-4-2-1-3-15(16)17/h1-4,9,11-14,20H,5-8,10H2"
0.97,1.6133333333333333,"InChI=1S/C19H20N4O/c1-22(2)12-13-6-8-14(9-7-13)18-21-16-5-3-4-15-17(16)23(18)11-10-20-19(15)24/h3-9H,10-12H2,1-2H3,(H,20,24)"
2.0429,10.498333333333331,"InChI=1S/C19H20N4O/c20-19(24)17-5-1-3-15-12-23(22-18(15)17)16-8-6-13(7-9-16)14-4-2-10-21-11-14/h1,3,5-9,12,14,21H,2,4,10-11H2,(H2,20,24)"
3.2875,13.441666666666666,"InChI=1S/C19H20N4O2/c1-19(2,3)16-13(20-11-21-16)10-15-18(25)22-14(17(24)23-15)9-12-7-5-4-6-8-12/h4-11H,1-3H3,(H,20,21)(H,22,25)(H,23,24)"
3.4407,14.363333333333332,"InChI=1S/C19H20N4O2S2/c1-22(18(26)14-9-5-3-6-10-14)20-16(24)13-17(25)21-23(2)19(27)15-11-7-4-8-12-15/h3-12H,13H2,1-2H3,(H,20,24)(H,21,25)"
3.3789,12.208333333333334,"InChI=1S/C19H21Br2N3O/c20-13-1-3-18-16(9-13)17-10-14(21)2-4-19(17)24(18)12-15(25)11-23-7-5-22-6-8-23/h1-4,9-10,15,22,25H,5-8,11-12H2"
4.1586,15.638333333333332,"InChI=1S/C19H21F2N7O2/c20-15(21)16-22-13-3-1-2-4-14(13)28(16)19-24-17(26-5-9-29-10-6-26)23-18(25-19)27-7-11-30-12-8-27/h1-4,15H,5-12H2"
3.5388,15.25,"InChI=1S/C19H21F4N5O3/c1-3-24-16-12(19(21,22)23)10-25-18(27-16)26-14-9-13(20)11(8-15(14)30-2)17(29)28-4-6-31-7-5-28/h8-10H,3-7H2,1-2H3,(H2,24,25,26,27)"
2.8466,11.818333333333332,"InChI=1S/C19H21FN2O4/c1-10-2-3-12-16-13(18(24)14(19(25)26)9-22(10)16)8-15(20)17(12)21-6-4-11(23)5-7-21/h8-11,23H,2-7H2,1H3,(H,25,26)"
2.6372,12.115,"InChI=1S/C19H21IN2O/c20-17-8-6-16(7-9-17)19(23)21-18-10-12-22(13-11-18)14-15-4-2-1-3-5-15/h1-9,18H,10-14H2,(H,21,23)"
4.1309000000000005,16.611666666666668,"InChI=1S/C19H21NO/c1-2-19(21)20-16-12-15-10-6-7-11-17(15)18(13-16)14-8-4-3-5-9-14/h3-11,16,18H,2,12-13H2,1H3,(H,20,21)"
2.8016,12.675,"InChI=1S/C19H21NO/c1-20(2)13-7-11-17-16-9-4-3-8-15(16)14-21-19-12-6-5-10-18(17)19/h3-6,8-12H,7,13-14H2,1-2H3"
1.4809,10.475,"InChI=1S/C19H21NO4/c1-20-5-4-10-7-15(22)19(24-3)18-12-9-16(23-2)14(21)8-11(12)6-13(20)17(10)18/h7-9,13,21-22H,4-6H2,1-3H3"
4.071,17.48166666666667,"InChI=1S/C19H22F2N2O3S/c1-12(2)27(25,26)22-11-13(3)14-4-6-18(7-5-14)23-19(24)15-8-16(20)10-17(21)9-15/h4-10,12-13,22H,11H2,1-3H3,(H,23,24)"
3.2075,12.425,"InChI=1S/C19H22F3N5O2S/c1-10-14(11-6-7-24-13(9-11)18(2,3)19(20,21)22)30-16(25-10)26-17(29)27-8-4-5-12(27)15(23)28/h6-7,9,12H,4-5,8H2,1-3H3,(H2,23,28)(H,25,26,29)"
1.286,9.591666666666669,"InChI=1S/C19H22N2O/c1-2-13-12-21-10-8-14(13)11-18(21)19(22)16-7-9-20-17-6-4-3-5-15(16)17/h2-7,9,13-14,18-19,22H,1,8,10-12H2"
2.7939,11.501666666666669,"InChI=1S/C19H23F2N5O2/c1-10(2)5-6-26-11(3)18(28)25(4)15-9-22-19(24-17(15)26)23-12-7-13(20)16(27)14(21)8-12/h7-11,27H,5-6H2,1-4H3,(H,22,23,24)"
2.5887000000000002,12.491666666666667,"InChI=1S/C19H23N3O/c1-21(2)13-8-14-23-19-17-11-6-7-12-18(17)22(20-19)15-16-9-4-3-5-10-16/h3-7,9-12H,8,13-15H2,1-2H3"
2.5694,11.39,"InChI=1S/C19H23N3O2/c20-16-11-7-8-12-17(16)22-19(24)14-6-2-5-13-18(23)21-15-9-3-1-4-10-15/h1,3-4,7-12H,2,5-6,13-14,20H2,(H,21,23)(H,22,24)"
2.4989,11.456666666666669,"InChI=1S/C19H23N3O3/c1-11-12(2)25-19-17(11)18(13-6-3-4-7-14(13)20-19)21-15(23)10-22-9-5-8-16(22)24/h3-10H2,1-2H3,(H,20,21,23)"
4.19835,10.906666666666666,"InChI=1S/C19H23N9O/c20-15-6-1-2-7-16(15)26-19-22-11-14(17(21)29)18(27-19)25-12-4-3-5-13(10-12)28-23-8-9-24-28/h3-5,8-11,15-16H,1-2,6-7,20H2,(H2,21,29)(H2,22,25,26,27)"
2.9436,12.663333333333332,"InChI=1S/C19H23NO/c1-20-14-12-18(13-15-20)21-19(16-8-4-2-5-9-16)17-10-6-3-7-11-17/h2-11,18-19H,12-15H2,1H3"
2.8466,11.91,"InChI=1S/C19H24Cl2N2O4S/c1-23(10-9-14-3-8-18(20)19(21)11-14)12-16(24)13-27-17-6-4-15(5-7-17)22-28(2,25)26/h3-8,11,16,22,24H,9-10,12-13H2,1-2H3"
2.371,11.183333333333332,"InChI=1S/C19H24N2O/c22-19-16-6-2-4-14-3-1-5-15(18(14)16)11-21(19)17-12-20-9-7-13(17)8-10-20/h2,4,6,13,15,17H,1,3,5,7-12H2"
3.1885,13.393333333333334,"InChI=1S/C19H24N2OS/c1-14(12-20(2)3)13-21-16-7-5-6-8-18(16)23-19-10-9-15(22-4)11-17(19)21/h5-11,14H,12-13H2,1-4H3"
2.3683,11.86,"InChI=1S/C19H25NO2/c1-14(8-9-16-6-4-3-5-7-16)20-15(2)19(22)17-10-12-18(21)13-11-17/h3-7,10-15,19-22H,8-9H2,1-2H3"
3.9468,15.245,"InChI=1S/C19H25NO3/c21-18(20-12-15-8-4-5-9-16(15)13-20)11-17(19(22)23)10-14-6-2-1-3-7-14/h1-3,6-7,15-17H,4-5,8-13H2,(H,22,23)"
2.6446,12.611666666666668,"InChI=1S/C19H25NOS/c1-2-11-20(12-10-17-6-4-13-22-17)16-8-9-18-15(14-16)5-3-7-19(18)21/h3-7,13,16,21H,2,8-12,14H2,1H3"
2.7983000000000002,12.195,"InChI=1S/C19H26N4O4S/c1-19(25)5-7-23(8-6-19)18(24)21-17-20-15-14(26-2)4-3-13(16(15)28-17)22-9-11-27-12-10-22/h3-4,25H,5-12H2,1-2H3,(H,20,21,24)"
2.8171,10.503333333333334,"InChI=1S/C19H26N6O/c1-4-15(11-26)22-19-23-17(20-10-14-8-6-5-7-9-14)16-18(24-19)25(12-21-16)13(2)3/h5-9,12-13,15,26H,4,10-11H2,1-3H3,(H2,20,22,23,24)"
3.6776,13.941666666666666,"InChI=1S/C19H26O3/c1-19-8-7-12-13(15(19)5-6-18(19)21)4-3-11-9-16(20)17(22-2)10-14(11)12/h9-10,12-13,15,18,20-21H,3-8H2,1-2H3"
1.766,9.55,"InChI=1S/C19H27N5/c1-16-6-2-3-7-17(16)23-14-12-22(13-15-23)11-9-19-21-20-18-8-4-5-10-24(18)19/h2-3,6-7H,4-5,8-15H2,1H3"
2.9638,12.588333333333331,"InChI=1S/C19H27NO3/c21-18(23-16-13-20-11-14-22-15-12-20)19(9-5-2-6-10-19)17-7-3-1-4-8-17/h1,3-4,7-8H,2,5-6,9-16H2"
3.6067,11.531666666666666,"InChI=1S/C19H28ClNO6/c1-11(2)5-6-13-18(3,27-13)16-15(24-4)12(7-8-19(16)10-25-19)26-17(23)21-14(22)9-20/h5,12-13,15-16H,6-10H2,1-4H3,(H,21,22,23)"
1.7027,10.293333333333331,"InChI=1S/C19H28N2O4/c1-16(22)25-15-19(23)20-9-6-12-24-18-8-5-7-17(13-18)14-21-10-3-2-4-11-21/h5,7-8,13H,2-4,6,9-12,14-15H2,1H3,(H,20,23)"
1.5904500000000001,10.086666666666668,"InChI=1S/C19H31N5O2/c1-12(2)10-15(25)20-17-14-11-24(19(3,4)16(14)21-22-17)18(26)13-6-8-23(5)9-7-13/h12-13H,6-11H2,1-5H3,(H2,20,21,22,25)"
2.6087,11.721666666666666,"InChI=1S/C19H32N2O5/c1-4-8-14(19(25)26-5-2)20-12(3)17(22)21-15-10-7-6-9-13(15)11-16(21)18(23)24/h12-16,20H,4-11H2,1-3H3,(H,23,24)"
4.1245,16.098333333333333,"InChI=1S/C19H33NO2/c1-2-3-4-5-6-7-8-17-9-11-18(12-10-17)13-14-19(20,15-21)16-22/h9-12,21-22H,2-8,13-16,20H2,1H3"
4.2233,17.658333333333335,"InChI=1S/C19H35N/c1-3-9-16(10-4-1)19(17-11-5-2-6-12-17)15-18-13-7-8-14-20-18/h16-20H,1-15H2"
3.94735,14.908333333333331,InChI=1S/C19H9Cl2F2N3OS/c20-11-2-1-3-12(21)17(11)18-14-5-7-16(25-26(14)9-24-19(18)27)28-15-6-4-10(22)8-13(15)23/h1-9H
3.7782,16.111666666666668,"InChI=1S/C20H13Cl2F2N3O5S/c1-33(29,30)27-9-2-4-14-11(6-9)16-10(3-5-15(18(16)31-14)32-20(23)24)19(28)26-17-12(21)7-25-8-13(17)22/h2-8,20,27H,1H3,(H,25,26,28)"
2.5225,12.305,"InChI=1S/C20H13N5O/c21-9-13-3-5-14(6-4-13)16-8-17-18(12-24-19(17)23-11-16)25-20(26)15-2-1-7-22-10-15/h1-8,10-12H,(H,23,24)(H,25,26)"
3.2421,13.16,"InChI=1S/C20H14ClN3/c21-15-9-6-10-16(13-15)22-20-18-12-5-4-11-17(18)19(23-24-20)14-7-2-1-3-8-14/h1-13H,(H,22,24)"
4.1167,16.225,"InChI=1S/C20H15Cl3N2OS/c21-14-4-5-16(18(23)8-14)19(9-25-7-6-24-12-25)26-10-13-11-27-20-15(13)2-1-3-17(20)22/h1-8,11-12,19H,9-10H2"
1.9988000000000001,9.985,"InChI=1S/C20H15ClN4/c21-15-5-7-16(8-6-15)23-20-18-4-2-1-3-17(18)19(24-25-20)13-14-9-11-22-12-10-14/h1-12H,13H2,(H,23,25)"
3.06985,12.583333333333334,"InChI=1S/C20H15NO3/c22-15-9-5-13(6-10-15)20(14-7-11-16(23)12-8-14)17-3-1-2-4-18(17)21-19(20)24/h1-12,22-23H,(H,21,24)"
3.4095,12.481666666666666,"InChI=1S/C20H16ClN5O3/c1-22-19(27)16-10-12(6-8-23-16)11-29-20-17-15(7-9-28-17)18(25-26-20)24-14-4-2-13(21)3-5-14/h2-10H,11H2,1H3,(H,22,27)(H,24,25)"
3.3205,13.161666666666669,"InChI=1S/C20H16F3N7O2/c21-20(22,23)14-3-1-2-13(8-14)10-25-19-28-17(16-18(29-19)27-11-26-16)24-9-12-4-6-15(7-5-12)30(31)32/h1-8,11H,9-10H2,(H3,24,25,26,27,28,29)"
3.4456,13.965,"InChI=1S/C20H16N4O2S2/c21-23-16(25)12-28-20-22-18-17(15(11-27-18)13-7-3-1-4-8-13)19(26)24(20)14-9-5-2-6-10-14/h1-11H,12,21H2,(H,23,25)"
1.4163,9.7,"InChI=1S/C20H16N6/c1-25-13-16(11-23-25)19-6-7-20-22-12-17(26(20)24-19)10-14-4-5-18-15(9-14)3-2-8-21-18/h2-9,11-13H,10H2,1H3"
4.4821,17.196666666666665,"InChI=1S/C20H17ClF4N4O4S/c21-14-3-5-15(6-4-14)34(31,32)29(17(18(26)30)7-8-20(23,24)25)10-13-2-1-12(9-16(13)22)19-27-11-33-28-19/h1-6,9,11,17H,7-8,10H2,(H2,26,30)"
3.3179,13.213333333333331,"InChI=1S/C20H17F3N4O3/c21-20(22,23)30-16-6-4-15(5-7-16)27-18-11-17(25-12-26-18)13-2-1-3-14(10-13)19(29)24-8-9-28/h1-7,10-12,28H,8-9H2,(H,24,29)(H,25,26,27)"
2.8369,11.991666666666667,"InChI=1S/C20H17FN6/c21-16-6-2-1-4-13(16)11-27-20-14(5-3-9-23-20)17(26-27)19-24-10-15(12-7-8-12)18(22)25-19/h1-6,9-10,12H,7-8,11H2,(H2,22,24,25)"
2.1803,10.533333333333331,"InChI=1S/C20H17N3O4/c1-2-20(26)13-7-16-17-10(6-11-14(21)4-3-5-15(11)22-17)8-23(16)18(24)12(13)9-27-19(20)25/h3-7,26H,2,8-9,21H2,1H3"
4.2445,18.03166666666667,"InChI=1S/C20H18FNO4/c1-26-14-5-2-4-12(10-14)13-8-9-18(17(21)11-13)22-19(23)15-6-3-7-16(15)20(24)25/h2,4-5,8-11H,3,6-7H2,1H3,(H,22,23)(H,24,25)"
3.5119499999999997,15.735,"InChI=1S/C20H19ClFNO4/c1-10(24)11-5-7-16-13(8-11)17(18(25)20(2,3)27-16)23-19(26)12-4-6-15(22)14(21)9-12/h4-9,17-18,25H,1-3H3,(H,23,26)"
3.1498,13.473333333333333,"InChI=1S/C20H19F2N3O5/c1-10-4-5-30-15-9-24-8-13(17(26)18(27)16(24)20(29)25(10)15)19(28)23-7-11-2-3-12(21)6-14(11)22/h2-3,6,8,10,15,27H,4-5,7,9H2,1H3,(H,23,28)"
2.7030000000000003,12.146666666666668,"InChI=1S/C20H19FN8O2/c1-28(20(30)31-2)15-16(22)25-18(26-17(15)23)14-12-7-5-9-24-19(12)29(27-14)10-11-6-3-4-8-13(11)21/h3-9H,10H2,1-2H3,(H4,22,23,25,26)"
3.2081999999999997,13.303333333333336,"InChI=1S/C20H19N5/c1-13-10-14(2)19(15(3)11-13)24-18-8-9-22-20(25-18)23-17-6-4-16(12-21)5-7-17/h4-11H,1-3H3,(H2,22,23,24,25)"
2.5335,11.336666666666668,"InChI=1S/C20H20ClN3/c21-19-7-5-18(6-8-19)20(9-11-22-12-10-20)17-3-1-15(2-4-17)16-13-23-24-14-16/h1-8,13-14,22H,9-12H2,(H,23,24)"
3.0798,13.168333333333331,"InChI=1S/C20H20F4N2O2/c1-18(2,15-8-13(21)3-4-17(15)27)11-19(28,20(22,23)24)9-14-7-12-5-6-25-10-16(12)26-14/h3-8,10,26-28H,9,11H2,1-2H3"
2.8749,12.316666666666666,"InChI=1S/C20H20FNO3S/c1-12(23)25-18-10-14-11-22(9-8-17(14)26-18)19(20(24)13-6-7-13)15-4-2-3-5-16(15)21/h2-5,10,13,19H,6-9,11H2,1H3"
2.2262,10.808333333333334,"InChI=1S/C20H20N4O/c25-20(24-13-11-21-12-14-24)16-8-5-15(6-9-16)7-10-19-17-3-1-2-4-18(17)22-23-19/h1-10,21H,11-14H2,(H,22,23)"
2.0376,10.476666666666668,"InChI=1S/C20H20N6O7S4/c1-7-10(3-11(27)28)37-20(22-7)36-5-8-4-34-17-13(16(30)26(17)14(8)18(31)32)24-15(29)12(25-33-2)9-6-35-19(21)23-9/h6,13,17H,3-5H2,1-2H3,(H2,21,23)(H,24,29)(H,27,28)(H,31,32)"
2.7309,12.261666666666668,"InChI=1S/C20H21ClN2O/c21-17-7-5-16(6-8-17)20(24)9-11-23(12-10-20)14-15-13-22-19-4-2-1-3-18(15)19/h1-8,13,22,24H,9-12,14H2"
2.7603999999999997,12.066666666666666,"InChI=1S/C20H21FN2O/c1-23(2)11-3-10-20(17-5-7-18(21)8-6-17)19-9-4-15(13-22)12-16(19)14-24-20/h4-9,12H,3,10-11,14H2,1-2H3"
2.2438,11.466666666666669,"InChI=1S/C20H21N3O/c1-16-22-13-15-23(16)14-12-20(19(21)24,17-8-4-2-5-9-17)18-10-6-3-7-11-18/h2-11,13,15H,12,14H2,1H3,(H2,21,24)"
2.3977,9.688333333333333,"InChI=1S/C20H21N5O4/c26-19(15-4-3-5-16(14-15)25(27)28)22-20-21-17-6-1-2-7-18(17)24(20)9-8-23-10-12-29-13-11-23/h1-7,14H,8-13H2,(H,21,22,26)"
3.6502,14.986666666666668,"InChI=1S/C20H22ClN3O3/c1-22-19(25)14-5-4-6-15(13-14)23-20(26)24-11-9-16(10-12-24)27-18-8-3-2-7-17(18)21/h2-8,13,16H,9-12H2,1H3,(H,22,25)(H,23,26)"
2.96725,13.015,"InChI=1S/C20H22ClN3O3S2/c1-13-16-11-14(21)3-6-19(16)28-20(13)29(25,26)23-15-4-5-18(27-2)17(12-15)24-9-7-22-8-10-24/h3-6,11-12,22-23H,7-10H2,1-2H3"
3.3631,13.206666666666669,"InChI=1S/C20H22F2N4O2S/c1-25(28-2)19(27)26-20(11-6-12-23,14-7-4-3-5-8-14)29-18(24-26)16-13-15(21)9-10-17(16)22/h3-5,7-10,13H,6,11-12,23H2,1-2H3"
1.3227,9.181666666666668,"InChI=1S/C20H22N2O2/c1-3-19-10-22(2)16-11-9-24-15(8-13(11)19)20(17(16)19)12-6-4-5-7-14(12)21-18(20)23/h3-7,11,13,15-17H,1,8-10H2,2H3,(H,21,23)"
4.0551,16.015,"InChI=1S/C20H22N2O7S/c1-20(2,3)19(26)29-13-8-10-14(11-9-13)30(27,28)22-16-7-5-4-6-15(16)18(25)21-12-17(23)24/h4-11,22H,12H2,1-3H3,(H,21,25)(H,23,24)"
3.3908,13.011666666666668,"InChI=1S/C20H22N4/c1-15(16-9-3-2-4-10-16)21-19-17-11-5-6-12-18(17)22-20(23-19)24-13-7-8-14-24/h2-6,9-12,15H,7-8,13-14H2,1H3,(H,21,22,23)"
3.4318,14.236666666666668,"InChI=1S/C20H22N4O3/c1-3-8-22-20(25)24-12(2)15-9-17-18(27-11-26-17)10-16(15)19(23-24)13-4-6-14(21)7-5-13/h4-7,9-10,12H,3,8,11,21H2,1-2H3,(H,22,25)"
1.9703,10.856666666666666,"InChI=1S/C20H22N4O5/c1-24(2)17(25)12-28-18(26)11-13-3-9-16(10-4-13)29-19(27)14-5-7-15(8-6-14)23-20(21)22/h3-10H,11-12H2,1-2H3,(H4,21,22,23)"
1.34785,11.108333333333333,"InChI=1S/C20H22N8O5/c1-28(9-11-8-23-17-15(24-11)16(21)26-20(22)27-17)12-4-2-10(3-5-12)18(31)25-13(19(32)33)6-7-14(29)30/h2-5,8,13H,6-7,9H2,1H3,(H,25,31)(H,29,30)(H,32,33)(H4,21,22,23,26,27)"
1.56445,9.866666666666667,"InChI=1S/C20H23BrN8O/c21-17-12-24-19(28-18(17)23-7-6-16-11-22-13-25-16)26-14-4-3-5-15(10-14)27-20(30)29-8-1-2-9-29/h3-5,10-13H,1-2,6-9H2,(H,22,25)(H,27,30)(H2,23,24,26,28)"
3.2016,13.756666666666666,"InChI=1S/C20H23ClFNO/c21-18-5-3-17(4-6-18)20(24)14-23-11-9-16(10-12-23)13-15-1-7-19(22)8-2-15/h1-8,16,20,24H,9-14H2"
2.658,11.963333333333331,"InChI=1S/C20H23N3O2/c1-20-11-12-22(2)18(20)23(3)17-10-9-15(13-16(17)20)25-19(24)21-14-7-5-4-6-8-14/h4-10,13,18H,11-12H2,1-3H3,(H,21,24)"
2.4958,11.823333333333332,"InChI=1S/C20H23N5O6S/c1-20(2)13(17(28)29)25-15(27)12(16(25)32-20)22-14(26)11(10-6-4-3-5-7-10)23-19(31)24-9-8-21-18(24)30/h3-7,11-13,16H,8-9H2,1-2H3,(H,21,30)(H,22,26)(H,23,31)(H,28,29)"
3.8821,16.151666666666667,"InChI=1S/C20H23NO4/c1-13-9-14(2)11-16(10-13)21-18(22)12-15-5-7-17(8-6-15)25-20(3,4)19(23)24/h5-11H,12H2,1-4H3,(H,21,22)(H,23,24)"
3.4363,14.168333333333331,"InChI=1S/C20H24ClNO/c21-19-11-9-18(10-12-19)20(17-7-3-1-4-8-17)23-16-15-22-13-5-2-6-14-22/h1,3-4,7-12,20H,2,5-6,13-16H2"
2.0896,10.646666666666668,"InChI=1S/C20H24F2N4O/c1-14-2-3-15(13-26-8-6-23-7-9-26)10-19(14)25-20(27)12-24-16-4-5-17(21)18(22)11-16/h2-5,10-11,23-24H,6-9,12-13H2,1H3,(H,25,27)"
0.9705,9.616666666666667,"InChI=1S/C20H24FN5O3/c1-14-6-7-16(12-22-14)23-19(27)24-17-5-3-4-15(18(17)21)13-25-8-10-26(11-9-25)20(28)29-2/h3-7,12H,8-11,13H2,1-2H3,(H2,23,24,27)"
1.4783,10.07,"InChI=1S/C20H24N2O2/c1-3-13-12-22-9-7-14(13)10-19(22)20(23)16-6-8-21-18-5-4-15(24-2)11-17(16)18/h3-6,8,11,13-14,19-20,23H,1,7,9-10,12H2,2H3"
2.4439,10.771666666666668,"InChI=1S/C20H24N2O2S/c1-3-22(4-2)12-11-21-16-10-9-14(13-23)20-18(16)19(24)15-7-5-6-8-17(15)25-20/h5-10,21,23H,3-4,11-13H2,1-2H3"
3.2077,12.866666666666667,"InChI=1S/C20H24N2OS/c1-4-18(23)15-10-11-20-17(14-15)22(13-7-12-21(2)3)16-8-5-6-9-19(16)24-20/h5-6,8-11,14H,4,7,12-13H2,1-3H3"
3.5099,14.49,"InChI=1S/C20H24N2S2/c1-21-9-11-22(12-10-21)18-13-15-5-3-4-6-19(15)24-20-8-7-16(23-2)14-17(18)20/h3-8,14,18H,9-13H2,1-2H3"
3.5562,14.48,"InChI=1S/C20H24N4O4/c1-6-23-18-17(19(25)24(7-2)20(23)26)22(3)16(21-18)11-9-13-8-10-14(27-4)15(12-13)28-5/h8-12H,6-7H2,1-5H3"
3.2781000000000002,13.575,"InChI=1S/C20H24N6O3/c1-20(2,3)26-19(27)25-17-15(8-12-10-22-18(21)24-16(12)23-17)11-6-13(28-4)9-14(7-11)29-5/h6-10H,1-5H3,(H4,21,22,23,24,25,26,27)"
2.5393,13.363333333333332,"InChI=1S/C20H24O10/c1-6-12(23)28-11-9(21)18-8-5-7(16(2,3)4)17(18)10(22)13(24)29-15(17)30-20(18,14(25)27-8)19(6,11)26/h6-11,15,21-22,26H,5H2,1-4H3"
2.5379,11.861666666666666,"InChI=1S/C20H24O9/c1-7-12(22)26-10-6-17-9-5-8(16(2,3)4)18(17)11(21)13(23)28-15(18)29-20(17,14(24)27-9)19(7,10)25/h7-11,15,21,25H,5-6H2,1-4H3"
2.6693,12.125,"InChI=1S/C20H25ClN4O3S/c1-14-10-15(2)20(23-12-14)16-11-18(22-13-17(16)21)24-5-7-25(8-6-24)19(26)4-9-29(3,27)28/h10-13H,4-9H2,1-3H3"
1.5577,10.268333333333334,"InChI=1S/C20H25N3O2/c1-3-14(11-24)22-20(25)13-7-16-15-5-4-6-17-19(15)12(9-21-17)8-18(16)23(2)10-13/h4-7,9,13-14,18,21,24H,3,8,10-11H2,1-2H3,(H,22,25)"
3.1083,13.273333333333332,"InChI=1S/C20H25NO2/c1-19-8-6-16-15-5-3-14(22)12-13(15)2-4-17(16)18(19)7-9-20(19,23)10-11-21/h12,17-18,23H,2-10H2,1H3"
2.5086,11.898333333333332,"InChI=1S/C20H25NO3/c1-3-21(4-2)15-16-24-19(22)20(23,17-11-7-5-8-12-17)18-13-9-6-10-14-18/h5-14,23H,3-4,15-16H2,1-2H3"
1.935,10.858333333333333,"InChI=1S/C20H26N2O2/c1-3-10-11-8-14-17-20(12-6-4-5-7-13(12)21(17)2)9-15(16(11)18(20)23)22(14)19(10)24/h4-7,10-11,14-19,23-24H,3,8-9H2,1-2H3"
3.2419,14.005,"InChI=1S/C20H26N2O3/c1-22(16-6-3-2-4-7-16)20(24)8-5-13-25-17-10-11-18-15(14-17)9-12-19(23)21-18/h9-12,14,16H,2-8,13H2,1H3,(H,21,23)"
1.8014,10.625,"InChI=1S/C20H26N2O4/c1-22(2)11-12-26-17-8-5-15(6-9-17)14-21-20(23)16-7-10-18(24-3)19(13-16)25-4/h5-10,13H,11-12,14H2,1-4H3,(H,21,23)"
2.19,11.36,"InChI=1S/C20H26N8OS/c1-5-27(20(3,4)12-29)11-15-6-17(30-26-15)25-18-19-21-9-16(14-7-22-23-8-14)28(19)10-13(2)24-18/h6-10,29H,5,11-12H2,1-4H3,(H,22,23)(H,24,25)"
3.2905,14.568333333333332,"InChI=1S/C20H27N/c1-2-21(17-9-15-19-11-5-3-6-12-19)18-10-16-20-13-7-4-8-14-20/h3-8,11-14H,2,9-10,15-18H2,1H3"
3.5605,14.666666666666666,"InChI=1S/C20H27N5O2/c26-20-12-9-15-14-17(10-11-18(15)21-20)27-13-5-4-8-19-22-23-24-25(19)16-6-2-1-3-7-16/h10-11,14,16H,1-9,12-13H2,(H,21,26)"
2.544,10.788333333333332,"InChI=1S/C20H28N2O5/c1-3-27-20(26)16(12-11-15-8-5-4-6-9-15)21-14(2)18(23)22-13-7-10-17(22)19(24)25/h4-6,8-9,14,16-17,21H,3,7,10-13H2,1-2H3,(H,24,25)"
2.3807,11.031666666666666,"InChI=1S/C20H28N4O4/c1-12(2)8-13(10-18(25)24-28)19(26)23-17(20(27)21-3)9-14-11-22-16-7-5-4-6-15(14)16/h4-7,11-13,17,22,28H,8-10H2,1-3H3,(H,21,27)(H,23,26)(H,24,25)"
2.4973,13.236666666666668,"InChI=1S/C20H28O6/c1-9-10-4-5-11-18-8-26-20(25,19(11,14(9)22)15(10)23)16(24)13(18)17(2,3)7-6-12(18)21/h10-13,15-16,21,23-25H,1,4-8H2,2-3H3"
1.7305,10.618333333333334,"InChI=1S/C20H29N5O3/c1-22-18(15-19(26)23(2)20(22)27)21-9-6-10-24-11-13-25(14-12-24)16-7-4-5-8-17(16)28-3/h4-5,7-8,15,21H,6,9-14H2,1-3H3"
4.3048,16.175,"InChI=1S/C20H30N2O4/c1-4-5-11-17(13-23)21-19(24)18(12-15(2)3)22-20(25)26-14-16-9-7-6-8-10-16/h6-10,13,15,17-18H,4-5,11-12,14H2,1-3H3,(H,21,24)(H,22,25)"
0.9285,1.5799999999999998,"InChI=1S/C20H30N4O2/c1-4-7-8-19-21-17-15-16(10-12-20(25)22-26)9-11-18(17)24(19)14-13-23(5-2)6-3/h9-12,15,26H,4-8,13-14H2,1-3H3,(H,22,25)"
3.5839,14.701666666666666,"InChI=1S/C20H31NO2/c1-3-21(4-2)15-16-23-20(22)19(17-11-7-5-8-12-17)18-13-9-6-10-14-18/h5,7-8,11-12,18-19H,3-4,6,9-10,13-16H2,1-2H3"
3.1909,13.5,"InChI=1S/C20H31NO3/c1-3-21(4-2)14-15-23-16-17-24-19(22)20(12-8-9-13-20)18-10-6-5-7-11-18/h5-7,10-11H,3-4,8-9,12-17H2,1-2H3"
2.2693,11.408333333333331,"InChI=1S/C20H31NO4/c1-23-19-8-7-15(13-20(19)24-2)10-12-25-18-6-4-3-5-17(18)21-11-9-16(22)14-21/h7-8,13,16-18,22H,3-6,9-12,14H2,1-2H3"
3.0832,12.081666666666669,"InChI=1S/C20H32N5O8P/c1-19(2,3)17(26)30-11-32-34(28,33-12-31-18(27)20(4,5)6)13-29-8-7-25-10-24-14-15(21)22-9-23-16(14)25/h9-10H,7-8,11-13H2,1-6H3,(H2,21,22,23)"
3.3139,12.718333333333334,"InChI=1S/C20H33NO3/c1-5-20(6-2,18-12-10-9-11-13-18)19(22)24-17-16-23-15-14-21(7-3)8-4/h9-13H,5-8,14-17H2,1-4H3"
2.62605,12.068333333333332,"InChI=1S/C21H15F2N3O3S/c22-16-9-17(23)11-19(10-16)30(28,29)18-4-1-14(2-5-18)12-25-21(27)15-3-6-20-24-7-8-26(20)13-15/h1-11,13H,12H2,(H,25,27)"
4.2526,16.546666666666667,"InChI=1S/C21H15F4N5O2S/c1-27-17(31)13-4-3-11(8-15(13)22)30-19(33)29(18(32)20(30)5-2-6-20)12-7-14(21(23,24)25)16(9-26)28-10-12/h3-4,7-8,10H,2,5-6H2,1H3,(H,27,31)"
3.0726,12.24,"InChI=1S/C21H16F4N4O2/c1-10-19(20(31)28-17-6-12-9-26-29-16(12)8-15(17)22)14(7-18(30)27-10)11-2-4-13(5-3-11)21(23,24)25/h2-6,8-9,14H,7H2,1H3,(H,26,29)(H,27,30)(H,28,31)"
5.2975,20.37833333333333,"InChI=1S/C21H16N6O2S2/c1-13-6-9-15(10-7-13)31(28,29)27-21-20(23-16-4-2-3-5-17(16)24-21)22-14-8-11-18-19(12-14)26-30-25-18/h2-12H,1H3,(H,22,23)(H,24,27)"
4.6012,17.023333333333333,"InChI=1S/C21H17Cl3N4OS/c22-21(23,24)19(27-17(29)12-11-14-6-2-1-3-7-14)28-20(30)26-16-10-4-8-15-9-5-13-25-18(15)16/h1-13,19H,(H,27,29)(H2,26,28,30)"
4.3753,19.236666666666668,"InChI=1S/C21H17NO3/c1-14(16-11-10-15-6-2-3-7-17(15)13-16)12-20(23)22-19-9-5-4-8-18(19)21(24)25/h2-13H,1H3,(H,22,23)(H,24,25)"
5.0849,18.953333333333333,"InChI=1S/C21H18BrNO3/c1-11(24)12-5-6-18-15(7-12)13-3-2-4-14(13)21(23-18)16-8-19-20(9-17(16)22)26-10-25-19/h2-3,5-9,13-14,21,23H,4,10H2,1H3"
4.4231,15.961666666666668,"InChI=1S/C21H18ClNO6/c1-12-16(10-20(26)29-11-19(24)25)17-9-15(28-2)7-8-18(17)23(12)21(27)13-3-5-14(22)6-4-13/h3-9H,10-11H2,1-2H3,(H,24,25)"
3.7596,14.086666666666668,"InChI=1S/C21H18FN5O/c1-12-5-10-16(22)18(11-12)25-21(28)24-14-8-6-13(7-9-14)15-3-2-4-17-19(15)20(23)27-26-17/h2-11H,1H3,(H3,23,26,27)(H2,24,25,28)"
2.4131,10.971666666666666,"InChI=1S/C21H18O11/c22-9-6-10(8-4-2-1-3-5-8)30-11-7-12(14(23)15(24)13(9)11)31-21-18(27)16(25)17(26)19(32-21)20(28)29/h1-7,16-19,21,23-27H,(H,28,29)"
1.9928,10.556666666666668,"InChI=1S/C21H19ClN4O4/c1-29-19-10-17-13(9-14(19)20(23)27)18(6-7-24-17)30-12-4-5-16(15(22)8-12)26-21(28)25-11-2-3-11/h4-11H,2-3H2,1H3,(H2,23,27)(H2,25,26,28)"
4.3578,16.771666666666665,"InChI=1S/C21H20ClNO2/c1-3-7-16(21(24)25)19-13(2)23-18-11-10-15(22)12-17(18)20(19)14-8-5-4-6-9-14/h4-6,8-12,16H,3,7H2,1-2H3,(H,24,25)"
2.6598,11.486666666666668,"InChI=1S/C21H20ClNO5/c1-23-7-6-12(17(27)10-23)19-14(24)8-15(25)20-16(26)9-18(28-21(19)20)11-4-2-3-5-13(11)22/h2-5,8-9,12,17,24-25,27H,6-7,10H2,1H3"
2.4065,11.305,"InChI=1S/C21H20F3N7O3S/c1-31(35(2,33)34)19-12(4-3-7-25-19)10-26-18-15(21(22,23)24)11-27-20(30-18)28-14-5-6-16-13(8-14)9-17(32)29-16/h3-8,11H,9-10H2,1-2H3,(H,29,32)(H2,26,27,28,30)"
4.6852,18.105,"InChI=1S/C21H20F7N3O4S/c1-12(20(23,24)25)35-17-4-3-14(36(2,33)34)10-15(17)19(32)31-7-5-30(6-8-31)18-16(22)9-13(11-29-18)21(26,27)28/h3-4,9-12H,5-8H2,1-2H3"
2.47845,18.45,"InChI=1S/C21H20N4/c1-2-4-21-20(3-1)16(15-24-21)9-14-23-17-5-7-18(8-6-17)25-19-10-12-22-13-11-19/h1-8,10-13,15,23-24H,9,14H2,(H,22,25)"
2.1089,12.438333333333333,"InChI=1S/C21H20O10/c22-8-16-18(26)19(27)20(28)21(31-16)29-11-5-12(24)17-13(25)7-14(30-15(17)6-11)9-1-3-10(23)4-2-9/h1-7,16,18-24,26-28H,8H2"
1.8567,10.928333333333336,"InChI=1S/C21H20O12/c22-6-13-15(27)17(29)18(30)21(32-13)33-20-16(28)14-11(26)4-8(23)5-12(14)31-19(20)7-1-2-9(24)10(25)3-7/h1-5,13,15,17-18,21-27,29-30H,6H2"
4.9987,17.346666666666668,"InChI=1S/C21H20O6/c1-11(2)4-9-14-15(22)10-16(23)17-18(24)19(25)20(27-21(14)17)12-5-7-13(26-3)8-6-12/h4-8,10,22-23,25H,9H2,1-3H3"
3.0978,14.845,"InChI=1S/C21H20O6/c1-26-20-11-14(5-9-18(20)24)3-7-16(22)13-17(23)8-4-15-6-10-19(25)21(12-15)27-2/h3-12,24-25H,13H2,1-2H3"
2.5613,11.336666666666668,"InChI=1S/C21H20O8/c1-25-15-3-9(4-16(26-2)20(15)23)17-10-5-13-14(29-8-28-13)6-11(10)19(22)12-7-27-21(24)18(12)17/h3-6,12,17-19,22-23H,7-8H2,1-2H3"
4.7285,18.545,"InChI=1S/C21H21ClN2O/c1-4-14(2)24(3)21(25)19-13-15-9-5-6-10-16(15)20(23-19)17-11-7-8-12-18(17)22/h5-14H,4H2,1-3H3"
3.3754999999999997,13.695,"InChI=1S/C21H21F3IN3O2/c22-14-6-5-13(19(18(14)24)27-16-7-4-12(25)9-15(16)23)20(29)28-10-21(30,11-28)17-3-1-2-8-26-17/h4-7,9,17,26-27,30H,1-3,8,10-11H2"
3.0766,12.873333333333331,"InChI=1S/C21H21N3O2S/c22-16-9-5-11-24(13-16)19-15(12-18-20(25)23-21(26)27-18)8-4-10-17(19)14-6-2-1-3-7-14/h1-4,6-8,10,12,16H,5,9,11,13,22H2,(H,23,25,26)"
2.39865,11.046666666666663,"InChI=1S/C21H21N3O4/c1-3-15-5-4-6-16(11-15)24-21-17-12-19(27-8-7-25)20(28-10-9-26-2)13-18(17)22-14-23-21/h1,4-6,11-14,25H,7-10H2,2H3,(H,22,23,24)"
2.1386,10.976666666666668,"InChI=1S/C21H21N5/c1-13-6-5-7-16(24-13)19-18(25-20(26-19)21(2,3)4)14-8-9-15-17(12-14)23-11-10-22-15/h5-12H,1-4H3,(H,25,26)"
3.2199999999999998,12.226666666666668,"InChI=1S/C21H21NO/c1-15-3-7-17(8-4-15)11-19-13-22-14-20(21(19)23)12-18-9-5-16(2)6-10-18/h3-12,22H,13-14H2,1-2H3"
1.9748000000000001,11.005,"InChI=1S/C21H21NO6/c1-22-7-6-11-8-15-16(27-10-26-15)9-13(11)18(22)19-12-4-5-14(24-2)20(25-3)17(12)21(23)28-19/h4-5,8-9,18-19H,6-7,10H2,1-3H3"
2.7733999999999996,11.778333333333334,"InChI=1S/C21H22ClN3O/c22-18-10-14(12-23)7-8-20(18)26-21-17-6-2-1-4-15(17)11-19(21)25-9-3-5-16(24)13-25/h1-2,4,6-8,10,16,19,21H,3,5,9,11,13,24H2"
4.8099,19.90833333333333,"InChI=1S/C21H22O4/c1-13(2)4-5-15-10-17-18(23)11-20(14-6-8-16(22)9-7-14)25-21(17)12-19(15)24-3/h4,6-10,12,20,22H,5,11H2,1-3H3"
2.6116,11.856666666666666,"InChI=1S/C21H23Cl2N5O2S/c1-2-25-19(29)17-10-13-18(26-21(24)27-20(13)31-17)12-9-16(15(23)11-14(12)22)30-8-7-28-5-3-4-6-28/h9-11H,2-8H2,1H3,(H,25,29)(H2,24,26,27)"
3.8524000000000003,13.728333333333332,"InChI=1S/C21H23FN2O4/c1-15(19(25)13-22)23-20(26)18(12-16-8-4-2-5-9-16)24-21(27)28-14-17-10-6-3-7-11-17/h2-11,15,18H,12-14H2,1H3,(H,23,26)(H,24,27)"
2.1666,11.45,"InChI=1S/C21H23N5O3S/c27-20(17-8-9-17)23-21-22-19-3-1-2-18(26(19)24-21)16-6-4-15(5-7-16)14-25-10-12-30(28,29)13-11-25/h1-7,17H,8-14H2,(H,23,24,27)"
4.7667,19.16166666666667,"InChI=1S/C21H23N5S/c1-3-15(4-2)20(26-14-22-13-23-26)16-9-11-17(12-10-16)24-21-25-18-7-5-6-8-19(18)27-21/h5-15,20H,3-4H2,1-2H3,(H,24,25)"
2.40625,11.41,"InChI=1S/C21H23N7O2S/c1-13-5-6-15(11-19(13)31(22,29)30)24-21-23-10-9-20(25-21)27(3)16-7-8-17-14(2)28(4)26-18(17)12-16/h5-12H,1-4H3,(H2,22,29,30)(H,23,24,25)"
3.3007,13.446666666666664,"InChI=1S/C21H23NO/c1-22(2)20(18-10-4-3-5-11-18)15-16-23-21-14-8-12-17-9-6-7-13-19(17)21/h3-14,20H,15-16H2,1-2H3"
5.5083,20.49333333333333,"InChI=1S/C21H23NO3/c1-2-3-4-7-16-10-12-17(13-11-16)14-15-20(23)22-19-9-6-5-8-18(19)21(24)25/h5-6,8-15H,2-4,7H2,1H3,(H,22,23)(H,24,25)"
4.90835,19.785,"InChI=1S/C21H23NO3/c1-21(2,3)16-7-4-15(5-8-16)6-11-20(23)22-17-9-10-18-19(14-17)25-13-12-24-18/h4-11,14H,12-13H2,1-3H3,(H,22,23)"
4.2932,17.92,"InChI=1S/C21H23NO4S/c1-16(23)27-15-19(12-17-8-4-2-5-9-17)21(25)22-13-20(24)26-14-18-10-6-3-7-11-18/h2-11,19H,12-15H2,1H3,(H,22,25)"
4.1405,17.69,"InChI=1S/C21H24FN5O5S/c1-13(2)31-21(28)26-8-6-14(7-9-26)32-20-16-11-25-27(19(16)23-12-24-20)18-5-4-15(10-17(18)22)33(3,29)30/h4-5,10-14H,6-9H2,1-3H3"
2.50055,11.740833333333335,"InChI=1S/C21H24N2O2/c1-3-14-10-13-11-21(20(24)25-2)18-16(8-9-23(12-13)19(14)21)15-6-4-5-7-17(15)22-18/h4-7,10,13,19,22H,3,8-9,11-12H2,1-2H3"
1.3466,9.853333333333332,"InChI=1S/C21H24N4O2S/c22-21-25-18(14-28-21)12-20(27)24-17-8-6-15(7-9-17)10-11-23-13-19(26)16-4-2-1-3-5-16/h1-9,14,19,23,26H,10-13H2,(H2,22,25)(H,24,27)"
2.7791,12.91,"InChI=1S/C21H24N4O3S/c1-14-13-28-11-10-25(14)19-12-18(21(7-8-21)29(2,26)27)23-20(24-19)16-4-3-5-17-15(16)6-9-22-17/h3-6,9,12,14,22H,7-8,10-11,13H2,1-2H3"
3.7378,17.43166666666667,"InChI=1S/C21H24O2/c1-3-20-11-9-17-16-8-6-15(22)13-14(16)5-7-18(17)19(20)10-12-21(20,23)4-2/h2,9,11,13,18-19,23H,3,5-8,10,12H2,1H3"
2.4775,11.891666666666667,"InChI=1S/C21H25ClFN3O3/c1-2-28-20-10-19(24)18(22)9-17(20)21(27)25-11-16-13-26(7-8-29-16)12-14-3-5-15(23)6-4-14/h3-6,9-10,16H,2,7-8,11-13,24H2,1H3,(H,25,27)"
1.699,10.163333333333332,"InChI=1S/C21H25ClN6O2/c22-15-3-1-14(2-4-15)17(6-12-29)27-20(30)21(23)7-10-28(11-8-21)19-16-5-9-24-18(16)25-13-26-19/h1-5,9,13,17,29H,6-8,10-12,23H2,(H,27,30)(H,24,25,26)"
2.4444999999999997,12.061666666666667,"InChI=1S/C21H25N5O4S/c22-31(28,29)30-11-14-9-15(10-19(14)27)26-8-7-17-20(23-12-24-21(17)26)25-18-6-5-13-3-1-2-4-16(13)18/h1-4,7-8,12,14-15,18-19,27H,5-6,9-11H2,(H2,22,28,29)(H,23,24,25)"
1.89635,10.418333333333331,"InChI=1S/C21H25N7/c1-16-14-20(26-25-16)23-19-15-21(28-12-10-27(2)11-13-28)24-18(22-19)9-8-17-6-4-3-5-7-17/h3-9,14-15H,10-13H2,1-2H3,(H2,22,23,24,25,26)"
3.2419,13.061666666666667,"InChI=1S/C21H25NO/c1-22-18-12-13-19(22)15-20(14-18)23-21(16-8-4-2-5-9-16)17-10-6-3-7-11-17/h2-11,18-21H,12-15H2,1H3"
3.0027,13.363333333333332,"InChI=1S/C21H25NO2/c1-2-22-15-9-14-19(16-22)24-21(23)20(17-10-5-3-6-11-17)18-12-7-4-8-13-18/h3-8,10-13,19-20H,2,9,14-16H2,1H3"
2.04685,11.183333333333334,"InChI=1S/C21H26N2O3/c1-26-21(25)19-15-10-17-20-14(13-4-2-3-5-16(13)22-20)8-9-23(17)11-12(15)6-7-18(19)24/h2-5,12,15,17-19,22,24H,6-11H2,1H3"
3.2492,13.945,"InChI=1S/C21H27N3O3/c1-3-26-21(25)18-5-7-19(8-6-18)27-15-12-17-10-13-24(14-11-17)20-9-4-16(2)22-23-20/h4-9,17H,3,10-15H2,1-2H3"
2.2385,10.753333333333334,"InChI=1S/C21H27N7O3/c1-4-28-18-15(30-12-13-6-5-9-23-10-13)11-24-14(7-8-21(2,3)29)16(18)25-20(28)17-19(22)27-31-26-17/h11,13,23,29H,4-6,9-10,12H2,1-3H3,(H2,22,27)"
2.5869,11.963333333333331,"InChI=1S/C21H27NO2/c1-16(21(24)19-7-9-20(23)10-8-19)22-13-11-18(12-14-22)15-17-5-3-2-4-6-17/h2-10,16,18,21,23-24H,11-15H2,1H3"
1.81825,10.621666666666666,"InChI=1S/C21H28N6O2/c1-2-17-14-23-27-19(22-13-16-6-5-9-25(29)15-16)12-20(24-21(17)27)26-10-4-3-7-18(26)8-11-28/h5-6,9,12,14-15,18,22,28H,2-4,7-8,10-11,13H2,1H3"
4.6365,18.416666666666668,"InChI=1S/C21H28O2/c1-4-16-19(23)12-18-15-6-5-13-11-14(22)7-9-20(13,2)17(15)8-10-21(16,18)3/h4,11,15,17-18H,5-10,12H2,1-3H3"
3.6151,13.691666666666666,"InChI=1S/C21H30N2O6/c1-13(2)12-16(18(24)20(26)23-28)19(25)22-17(14-8-4-3-5-9-14)21(27)29-15-10-6-7-11-15/h3-5,8-9,13,15-18,24,28H,6-7,10-12H2,1-2H3,(H,22,25)(H,23,26)"
2.0593,10.788333333333332,"InChI=1S/C22H16N4O3/c23-21(27)13-4-6-14(7-5-13)22-25-19(20(26-22)16-3-1-2-10-24-16)15-8-9-17-18(11-15)29-12-28-17/h1-11H,12H2,(H2,23,27)(H,25,26)"
2.64215,11.611666666666668,"InChI=1S/C22H17ClN6O/c1-13(28-21-19-20(25-11-24-19)26-12-27-21)17-10-14-6-5-9-16(23)18(14)22(30)29(17)15-7-3-2-4-8-15/h2-13H,1H3,(H2,24,25,26,27,28)"
2.5903,11.503333333333334,"InChI=1S/C22H17N5O2/c1-28-16-7-8-17-19(13-16)23-12-11-20(17)29-14-22-25-24-21-10-9-18(26-27(21)22)15-5-3-2-4-6-15/h2-13H,14H2,1H3"
4.6778,18.285,"InChI=1S/C22H18F6N2O3/c1-12(31)30-19(8-14-10-29-18-5-3-2-4-17(14)18)20(32)33-11-13-6-15(21(23,24)25)9-16(7-13)22(26,27)28/h2-7,9-10,19,29H,8,11H2,1H3,(H,30,31)"
2.7705,11.896666666666668,"InChI=1S/C22H18FN7O/c1-2-15(28-20-18-19(25-11-24-18)26-12-27-20)21-29-16-10-6-9-14(23)17(16)22(31)30(21)13-7-4-3-5-8-13/h3-12,15H,2H2,1H3,(H2,24,25,26,27,28)"
3.4729,15.106666666666666,"InChI=1S/C22H18N2/c1-3-7-18(8-4-1)19-11-13-21(14-12-19)22(24-16-15-23-17-24)20-9-5-2-6-10-20/h1-17,22H"
3.6923,13.641666666666667,"InChI=1S/C22H19BrF2N2O3/c1-12-4-5-14(21(28)26-3)9-18(12)27-13(2)8-19(20(23)22(27)29)30-11-15-6-7-16(24)10-17(15)25/h4-10H,11H2,1-3H3,(H,26,28)"
2.147,10.57,"InChI=1S/C22H19ClN6O2S/c1-13-10-31-22(27-13)29-14-2-4-18-16(8-14)21(26-12-25-18)28-15-3-5-19(17(23)9-15)30-11-20-24-6-7-32-20/h2-9,12-13H,10-11H2,1H3,(H,27,29)(H,25,26,28)"
1.4368,10.195,"InChI=1S/C22H19N5O/c1-13-4-2-5-18(25-13)21-20(19-6-3-11-27(19)26-21)15-9-10-24-17-8-7-14(22(23)28)12-16(15)17/h2,4-5,7-10,12H,3,6,11H2,1H3,(H2,23,28)"
2.73915,11.98,"InChI=1S/C22H19N7O/c1-13-6-3-4-9-16(13)29-17(27-15-8-5-7-14(2)18(15)22(29)30)10-28-12-26-19-20(23)24-11-25-21(19)28/h3-9,11-12H,10H2,1-2H3,(H2,23,24,25)"
4.4577,18.82,"InChI=1S/C22H20Cl2N4/c23-16-11-10-14(12-17(16)24)25-22-20-19(15-8-4-5-9-18(15)26-22)27-21(28-20)13-6-2-1-3-7-13/h4-5,8-13H,1-3,6-7H2,(H,25,26)(H,27,28)"
2.5719,12.285,"InChI=1S/C22H20F3N5O3S/c1-34(32,33)16-4-2-3-13(9-16)11-26-20-17(22(23,24)25)12-27-21(30-20)28-15-6-7-18-14(10-15)5-8-19(31)29-18/h2-4,6-7,9-10,12H,5,8,11H2,1H3,(H,29,31)(H2,26,27,28,30)"
3.2244,13.088333333333331,"InChI=1S/C22H20N2O5S/c1-17(25)24(30(27,28)21-11-9-20(29-2)10-12-21)22-6-4-3-5-19(22)8-7-18-13-15-23(26)16-14-18/h3-16H,1-2H3"
3.4086,13.263333333333332,"InChI=1S/C22H20N4/c1-3-9-17(10-4-1)15-23-21-19-13-7-8-14-20(19)25-22(26-21)24-16-18-11-5-2-6-12-18/h1-14H,15-16H2,(H2,23,24,25,26)"
4.298,17.933333333333334,"InChI=1S/C22H21N3O3S/c26-20(25-17-10-5-6-12-23-21(17)27)15-8-2-3-9-16(15)24-22(28)19-13-14-7-1-4-11-18(14)29-19/h1-4,7-9,11,13,17H,5-6,10,12H2,(H,23,27)(H,24,28)(H,25,26)"
2.4056,11.23,"InChI=1S/C22H21N3O4/c1-2-16-4-3-5-17(12-16)25-22-18-13-20-21(14-19(18)23-15-24-22)29-11-9-27-7-6-26-8-10-28-20/h1,3-5,12-15H,6-11H2,(H,23,24,25)"
4.3344,17.33,"InChI=1S/C22H21NO3/c24-22(25)14-11-17-9-12-19(13-10-17)23-16-18-5-4-8-21(15-18)26-20-6-2-1-3-7-20/h1-10,12-13,15,23H,11,14,16H2,(H,24,25)"
3.37385,13.29,"InChI=1S/C22H22ClN5O2/c1-4-24-20(29)12-18-22-27-26-13(2)28(22)19-10-9-16(30-3)11-17(19)21(25-18)14-5-7-15(23)8-6-14/h5-11,18H,4,12H2,1-3H3,(H,24,29)"
3.7386999999999997,13.796666666666663,"InChI=1S/C22H22F3N/c1-16(20-13-5-10-18-9-2-3-12-21(18)20)26-14-6-8-17-7-4-11-19(15-17)22(23,24)25/h2-5,7,9-13,15-16,26H,6,8,14H2,1H3"
2.6916,12.35,"InChI=1S/C22H22F3N3O3/c1-13-15(4-3-5-18(13)22(23,24)25)12-28-14(2)26-20-17(21(29)30)10-16(11-19(20)28)27-6-8-31-9-7-27/h3-5,10-11H,6-9,12H2,1-2H3,(H,29,30)"
4.1134,15.218333333333334,"InChI=1S/C22H22N2O4/c1-15-14-16(2)24-21(23-15)28-19(20(25)26)22(27-3,17-10-6-4-7-11-17)18-12-8-5-9-13-18/h4-14,19H,1-3H3,(H,25,26)"
2.0521,10.403333333333334,"InChI=1S/C22H22N4O/c1-15-21-11-17(7-8-22(21)26-25-15)18-10-20(13-24-12-18)27-14-19(23)9-16-5-3-2-4-6-16/h2-8,10-13,19H,9,14,23H2,1H3,(H,25,26)"
1.66465,9.83,"InChI=1S/C22H22N8/c1-2-6-16-15(5-1)19(13-27-29-21-23-9-10-24-21)17-7-3-4-8-18(17)20(16)14-28-30-22-25-11-12-26-22/h1-8,13-14H,9-12H2,(H2,23,24,29)(H2,25,26,30)"
3.0181,13.323333333333332,"InChI=1S/C22H22N8OS/c1-14-4-6-16(7-5-14)25-22(31)30-11-9-29(10-12-30)18-17-20(28-21(23)27-18)32-19(26-17)15-3-2-8-24-13-15/h2-8,13H,9-12H2,1H3,(H,25,31)(H2,23,27,28)"
2.0803,11.401666666666667,"InChI=1S/C22H22O12/c1-31-12-4-8(2-3-10(12)25)20-21(17(28)15-11(26)5-9(24)6-13(15)32-20)34-22-19(30)18(29)16(27)14(7-23)33-22/h2-6,14,16,18-19,22-27,29-30H,7H2,1H3"
3.12405,13.518333333333334,"InChI=1S/C22H22O8/c1-25-16-4-10(5-17(26-2)21(16)27-3)18-11-6-14-15(30-9-29-14)7-12(11)20(23)13-8-28-22(24)19(13)18/h4-7,13,18-20,23H,8-9H2,1-3H3"
3.2265,13.973333333333333,"InChI=1S/C22H23FN2O5S/c1-24-22(27)20-17-11-16(13-3-4-13)18(25(9-10-26)31(2,28)29)12-19(17)30-21(20)14-5-7-15(23)8-6-14/h5-8,11-13,26H,3-4,9-10H2,1-2H3,(H,24,27)"
1.6994,10.783333333333331,"InChI=1S/C22H23FN6O3/c1-14(30)25-12-19-13-29(22(31)32-19)18-6-7-20(21(23)8-18)16-4-2-15(3-5-16)9-24-10-17-11-26-28-27-17/h2-8,11,19,24H,9-10,12-13H2,1H3,(H,25,30)(H,26,27,28)"
1.6622,10.048333333333334,"InChI=1S/C22H23N5O/c1-22(2)14-26-19-12-16(5-6-18(19)22)27-21(28)17-4-3-9-24-20(17)25-13-15-7-10-23-11-8-15/h3-12,26H,13-14H2,1-2H3,(H,24,25)(H,27,28)"
2.1098,10.731666666666666,"InChI=1S/C22H24BrFN4O2/c1-28-7-5-14(6-8-28)12-30-21-11-19-16(10-20(21)29-2)22(26-13-25-19)27-18-4-3-15(23)9-17(18)24/h3-4,9-11,13-14H,5-8,12H2,1-2H3,(H,25,26,27)"
3.28235,12.433333333333334,"InChI=1S/C22H24FN5O4/c1-11-7-15-16(27-11)5-6-17(19(15)23)32-21-20-13(3)18(8-28(20)26-10-25-21)30-9-12(2)31-22(29)14(4)24/h5-8,10,12,14,27H,9,24H2,1-4H3"
3.4398999999999997,14.316666666666666,"InChI=1S/C22H24N2O7S/c1-5-31-19-11-14(9-10-18(19)30-3)17(12-32(4,28)29)24-21(26)15-7-6-8-16(23-13(2)25)20(15)22(24)27/h6-11,17H,5,12H2,1-4H3,(H,23,25)"
3.1904,12.795,"InChI=1S/C22H25F2NO4/c23-15-3-7-19-13(9-15)1-5-21(28-19)17(26)11-25-12-18(27)22-6-2-14-10-16(24)4-8-20(14)29-22/h3-4,7-10,17-18,21-22,25-27H,1-2,5-6,11-12H2"
1.6806,10.37,"InChI=1S/C22H25N3O3/c26-14-13-25(12-11-19-15-23-21-4-2-1-3-20(19)21)16-18-7-5-17(6-8-18)9-10-22(27)24-28/h1-10,15,23,26,28H,11-14,16H2,(H,24,27)"
3.1028,13.045,"InChI=1S/C22H25NO2/c24-22(25)20-13-7-15-23(17-20)16-8-14-21(18-9-3-1-4-10-18)19-11-5-2-6-12-19/h1-6,9-12,14,20H,7-8,13,15-17H2,(H,24,25)"
2.56195,11.366666666666667,"InChI=1S/C22H26ClN7O2S/c1-14-4-3-5-16(23)20(14)28-21(32)17-13-24-22(33-17)27-18-12-19(26-15(2)25-18)30-8-6-29(7-9-30)10-11-31/h3-5,12-13,31H,6-11H2,1-2H3,(H,28,32)(H,24,25,26,27)"
3.0843,12.946666666666664,"InChI=1S/C22H26N2O2/c1-3-22-11-7-12-23-13-10-16-15-8-5-6-9-17(15)24(19(16)20(22)23)18(14-22)21(25)26-4-2/h5-6,8-9,14,20H,3-4,7,10-13H2,1-2H3"
2.5195,10.065,"InChI=1S/C22H26N2O2S/c1-24-12-5-6-19(24)15-18-16-23-22-10-9-17(14-21(18)22)11-13-27(25,26)20-7-3-2-4-8-20/h2-4,7-10,14,16,19,23H,5-6,11-13,15H2,1H3"
3.3956,13.081666666666669,"InChI=1S/C22H26N2O3/c1-25-20-9-5-18(6-10-20)4-3-15-27-22(16-24-14-13-23-17-24)19-7-11-21(26-2)12-8-19/h5-14,17,22H,3-4,15-16H2,1-2H3"
3.8839,12.89,"InChI=1S/C22H26N2O4/c1-16(2)20(24-22(27)28-15-18-11-7-4-8-12-18)21(26)23-19(14-25)13-17-9-5-3-6-10-17/h3-12,14,16,19-20H,13,15H2,1-2H3,(H,23,26)(H,24,27)"
2.8464,11.726666666666668,"InChI=1S/C22H26N2O4S/c1-15(25)28-20-21(16-9-11-17(27-4)12-10-16)29-19-8-6-5-7-18(19)24(22(20)26)14-13-23(2)3/h5-12,20-21H,13-14H2,1-4H3"
4.8234,19.09,"InChI=1S/C22H26O7/c1-3-5-19-20(11-10-18(15(2)23)22(19)26)28-13-4-12-27-16-6-8-17(9-7-16)29-14-21(24)25/h6-11,26H,3-5,12-14H2,1-2H3,(H,24,25)"
3.206,13.198333333333332,"InChI=1S/C22H27ClFN7O4S/c1-12(2)31-11-16(17-6-7-25-21(28-17)26-10-13(3)27-22(32)35-4)20(29-31)15-8-14(23)9-18(19(15)24)30-36(5,33)34/h6-9,11-13,30H,10H2,1-5H3,(H,27,32)(H,25,26,28)"
4.54375,19.72833333333333,"InChI=1S/C22H27NO2/c1-4-22(24)10-8-18-16-6-5-15-11-19-14(13-23-25-19)12-20(15,2)17(16)7-9-21(18,22)3/h1,11,13,16-18,24H,5-10,12H2,2-3H3"
5.3409,11.173333333333334,"InChI=1S/C22H28O2S2/c23-22(24)14-8-7-13-21(26-18-20-11-5-2-6-12-20)15-16-25-17-19-9-3-1-4-10-19/h1-6,9-12,21H,7-8,13-18H2,(H,23,24)"
3.043,12.921666666666663,"InChI=1S/C22H28O5/c1-12-8-16-15-5-4-13-9-14(24)6-7-20(13,2)19(15)17(25)10-21(16,3)22(12,27)18(26)11-23/h6-7,9,12,15-16,19,23,27H,4-5,8,10-11H2,1-3H3"
3.1428,13.865,"InChI=1S/C22H29ClO5/c1-12-8-16-15-5-4-13-9-14(25)6-7-19(13,2)21(15,23)17(26)10-20(16,3)22(12,28)18(27)11-24/h6-7,9,12,15-17,24,26,28H,4-5,8,10-11H2,1-3H3"
3.386,14.058333333333334,"InChI=1S/C22H29FO4/c1-12-9-17-15-6-8-21(27,13(2)24)20(15,4)11-18(26)22(17,23)19(3)7-5-14(25)10-16(12)19/h5,7,10,12,15,17-18,26-27H,6,8-9,11H2,1-4H3"
3.0323,12.278333333333334,"InChI=1S/C22H29FO5/c1-12-8-16-15-5-4-13-9-14(25)6-7-19(13,2)21(15,23)17(26)10-20(16,3)22(12,28)18(27)11-24/h6-7,9,12,15-17,24,26,28H,4-5,8,10-11H2,1-3H3"
1.7297,10.535,"InChI=1S/C22H29N3O4S/c26-21(18-30(27)17-20-7-6-14-28-20)23-9-2-5-13-29-22-15-19(8-10-24-22)16-25-11-3-1-4-12-25/h2,5-8,10,14-15H,1,3-4,9,11-13,16-18H2,(H,23,26)"
2.5281,12.276666666666667,"InChI=1S/C22H29NO2/c1-17(22(25)20-7-9-21(24)10-8-20)16-23-13-11-19(12-14-23)15-18-5-3-2-4-6-18/h2-10,17,19,22,24-25H,11-16H2,1H3"
2.8997,12.526666666666667,"InChI=1S/C22H29NO5/c1-7-22(23(2)3,17-11-9-8-10-12-17)15-28-21(24)16-13-18(25-4)20(27-6)19(14-16)26-5/h8-14H,7,15H2,1-6H3"
3.704,15.258333333333333,"InChI=1S/C22H30N2O2S/c1-4-16(2)13-23-14-22(25)24-10-8-21-19(9-11-27-21)20(24)15-26-18-7-5-6-17(3)12-18/h5-7,9,11-12,16,20,23H,4,8,10,13-15H2,1-3H3"
3.6504,12.321666666666664,"InChI=1S/C22H30N4O6/c1-22(2,3)31-21(29)24-16-11-9-15(10-12-16)18-14-17(26-32-18)20(28)23-13-7-5-4-6-8-19(27)25-30/h9-12,14,30H,4-8,13H2,1-3H3,(H,23,28)(H,24,29)(H,25,27)"
1.9777,10.88,"InChI=1S/C22H30N6OS/c1-17-13-21(28(24-17)18-5-3-2-4-6-18)26-9-7-25(8-10-26)19-14-20(23-15-19)22(29)27-11-12-30-16-27/h2-6,13,19-20,23H,7-12,14-16H2,1H3"
2.7574,12.205,"InChI=1S/C22H31N3O6S2/c1-11-15-14(12(2)26)18(27)25(15)16(19(28)30-10-31-20(29)22(3,4)5)17(11)33-13-8-24(9-13)21-23-6-7-32-21/h11-15,26H,6-10H2,1-5H3"
1.9704,10.79,"InChI=1S/C22H31N9O/c1-14(2)17-10-16(32-29-17)13-23-22-25-19(24-20-11-18(27-28-20)15-4-5-15)12-21(26-22)31-8-6-30(3)7-9-31/h10-12,14-15H,4-9,13H2,1-3H3,(H3,23,24,25,26,27,28)"
2.2373,11.298333333333334,"InChI=1S/C22H31NO2/c1-16(2)23(17(3)4)13-12-20(19-8-6-5-7-9-19)21-14-18(15-24)10-11-22(21)25/h5-11,14,16-17,20,24-25H,12-13,15H2,1-4H3"
2.3546,10.878333333333334,"InChI=1S/C22H32N6/c1-17(2)19-16-26-28-21(25-15-18-10-6-5-7-11-18)14-20(27-22(19)28)24-13-9-4-3-8-12-23/h5-7,10-11,14,16-17,25H,3-4,8-9,12-13,15,23H2,1-2H3,(H,24,27)"
4.1326,17.266666666666666,"InChI=1S/C22H34O7/c1-8-19(5)11-14(25)22(27)20(6)13(24)9-10-18(3,4)16(20)15(26)17(28-12(2)23)21(22,7)29-19/h8,13,15-17,24,26-27H,1,9-11H2,2-7H3"
2.4973,10.4,"InChI=1S/C22H38N2/c1-16(2)5-4-6-17(3)7-8-23-9-10-24-22-20-12-18-11-19(14-20)15-21(22)13-18/h5,7,18-24H,4,6,8-15H2,1-3H3"
3.7926,18.551666666666662,"InChI=1S/C23H13Cl2N3O2/c24-15-6-8-19(25)18(12-15)22-9-7-16(30-22)11-14(13-26)23(29)28-21-5-1-4-20-17(21)3-2-10-27-20/h1-12H,(H,28,29)"
3.1831,12.516666666666667,"InChI=1S/C23H15ClF2N4O3/c24-20-19(7-8-29-22(20)27)33-18-6-5-14(9-17(18)26)30-23(32)16-11-28-10-15(21(16)31)12-1-3-13(25)4-2-12/h1-11H,(H2,27,29)(H,28,31)(H,30,32)"
3.8934,16.111666666666668,"InChI=1S/C23H15F2NO2/c1-13-21(23(27)28)18-12-16(24)10-11-20(18)26-22(13)15-8-6-14(7-9-15)17-4-2-3-5-19(17)25/h2-12H,1H3,(H,27,28)"
4.6477,18.89,"InChI=1S/C23H18ClF2N3O3S/c1-2-9-33(31,32)29-19-8-7-18(25)20(21(19)26)22(30)17-12-28-23-16(17)10-14(11-27-23)13-3-5-15(24)6-4-13/h3-8,10-12,29H,2,9H2,1H3,(H,27,28)"
3.92,15.786666666666669,"InChI=1S/C23H19N3O2/c27-22-19(16-11-24-18-9-2-1-7-14(16)18)20(23(28)25-22)17-12-26-10-4-6-13-5-3-8-15(17)21(13)26/h1-3,5,7-9,11-12,19-20,24H,4,6,10H2,(H,25,27,28)"
4.5449,16.235,"InChI=1S/C23H19NO3/c1-26-17-11-7-15(8-12-17)21(16-9-13-18(27-2)14-10-16)22-19-5-3-4-6-20(19)24-23(22)25/h3-14H,1-2H3,(H,24,25)"
4.049899999999999,16.146666666666665,"InChI=1S/C23H20FNO5/c1-29-19-8-4-17-11-20(9-5-16(17)10-19)30-14-23(22(27)28)12-25(13-23)21(26)15-2-6-18(24)7-3-15/h2-11H,12-14H2,1H3,(H,27,28)"
1.8704,10.86,"InChI=1S/C23H20N6O/c1-15-9-17(12-28-23(15)18-5-6-25-16(2)10-18)11-22(30)29-21-4-3-19(13-27-21)20-14-24-7-8-26-20/h3-10,12-14H,11H2,1-2H3,(H,27,29,30)"
2.0718,11.065,"InChI=1S/C23H20N6O/c24-19-5-1-2-6-21(19)28-22(30)17-9-7-16(8-10-17)14-27-23-26-13-11-20(29-23)18-4-3-12-25-15-18/h1-13,15H,14,24H2,(H,28,30)(H,26,27,29)"
4.534,15.998333333333331,"InChI=1S/C23H21F7N4O3/c1-12(14-8-15(22(25,26)27)10-16(9-14)23(28,29)30)37-20-19(13-2-4-17(24)5-3-13)34(6-7-36-20)11-18-31-21(35)33-32-18/h2-5,8-10,12,19-20H,6-7,11H2,1H3,(H2,31,32,33,35)"
3.4501,14.376666666666669,"InChI=1S/C23H21IN2O3/c24-18-11-12-20(19(14-18)23(28)29)26-22(27)21(13-16-7-3-1-4-8-16)25-15-17-9-5-2-6-10-17/h1-12,14,21,25H,13,15H2,(H,26,27)(H,28,29)"
3.7323,14.581666666666669,"InChI=1S/C23H21N5O3S/c32-23(24-12-15-5-6-18-19(11-15)30-14-29-18)28-9-7-27(8-10-28)22-21-20(25-13-26-22)16-3-1-2-4-17(16)31-21/h1-6,11,13H,7-10,12,14H2,(H,24,32)"
3.2747,14.501666666666669,"InChI=1S/C23H21N5O5S/c1-15-8-9-19(25-14-15)34(29,30)28-22-20(33-18-7-5-4-6-17(18)31-2)23(32-3)27-21(26-22)16-10-12-24-13-11-16/h4-14H,1-3H3,(H,26,27,28)"
2.9366,12.081666666666669,"InChI=1S/C23H22ClN5O3/c1-29(2)21(25)14-4-6-15(7-5-14)22(30)27-19-10-9-17(32-3)12-18(19)23(31)28-20-11-8-16(24)13-26-20/h4-13,25H,1-3H3,(H,27,30)(H,26,28,31)"
2.1719,10.713333333333331,"InChI=1S/C23H22FN3O4S/c1-14-18(5-7-20(22(14)24)32(2,29)30)23(28)27-9-10-31-19-6-3-15(11-17(19)13-27)16-4-8-21(25)26-12-16/h3-8,11-12H,9-10,13H2,1-2H3,(H2,25,26)"
4.0132,17.21333333333333,"InChI=1S/C23H22N4O/c24-22-21-20(14-27(17-6-4-5-7-17)23(21)26-15-25-22)16-10-12-19(13-11-16)28-18-8-2-1-3-9-18/h1-3,8-15,17H,4-7H2,(H2,24,25,26)"
2.7012,11.986666666666668,"InChI=1S/C23H22N6O2/c24-10-12-25-22(30)18-3-1-17(2-4-18)21-9-11-26-23(28-21)27-19-5-7-20(8-6-19)29-13-15-31-16-14-29/h1-9,11H,12-16H2,(H,25,30)(H,26,27,28)"
4.6753,18.15333333333333,"InChI=1S/C23H23ClFNO5/c1-12(2)19(11-27)26-10-16(23(29)30)22(28)15-8-14(20(31-3)9-18(15)26)7-13-5-4-6-17(24)21(13)25/h4-6,8-10,12,19,27H,7,11H2,1-3H3,(H,29,30)"
1.679,10.316666666666666,"InChI=1S/C23H23N7O5/c1-2-3-14(10-15-11-26-20-18(27-15)19(24)29-23(25)30-20)12-4-6-13(7-5-12)21(33)28-16(22(34)35)8-9-17(31)32/h1,4-7,11,14,16H,3,8-10H2,(H,28,33)(H,31,32)(H,34,35)(H4,24,25,26,29,30)"
3.3219,15.771666666666668,"InChI=1S/C23H24FN9O/c1-23(21(34)26-15-7-8-18(24)25-13-15)9-3-10-32(23)22-28-20(17-4-2-11-33(17)31-22)27-19-12-16(29-30-19)14-5-6-14/h2,4,7-8,11-14H,3,5-6,9-10H2,1H3,(H,26,34)(H2,27,28,29,30,31)"
4.4553,19.256666666666668,"InChI=1S/C23H24N2O2/c1-6-13-27-19-11-12-21-20(14-19)22(24-23(26)25(21)16(4)5)18-9-7-17(8-10-18)15(2)3/h1,7-12,14-16H,13H2,2-5H3"
2.7948000000000004,12.373333333333331,"InChI=1S/C23H24N4O/c1-27-13-3-2-4-14-28-21-10-6-8-19(16-21)22-11-12-24-23(26-22)25-20-9-5-7-18(15-20)17-27/h2-3,5-12,15-16H,4,13-14,17H2,1H3,(H,24,25,26)"
3.1847,13.96,"InChI=1S/C23H24N4O6/c1-30-20-10-17(5-6-19(20)21-12-24-14-32-21)27-22(28)26-16-4-2-3-15(9-16)11-25-23(29)33-18-7-8-31-13-18/h2-6,9-10,12,14,18H,7-8,11,13H2,1H3,(H,25,29)(H2,26,27,28)"
2.887,12.825,"InChI=1S/C23H24N6/c1-16(2)20-6-4-5-7-21(20)23-24-14-17(3)22(27-23)25-15-18-8-10-19(11-9-18)29-13-12-26-28-29/h4-14,16H,15H2,1-3H3,(H,24,25,27)"
2.7298,11.241666666666667,"InChI=1S/C23H24N8O4S/c1-30(23-25-11-15(12-26-23)22(32)29-33)13-16-9-17-19(36-16)21(31-5-7-35-8-6-31)28-20(27-17)14-3-4-18(34-2)24-10-14/h3-4,9-12,33H,5-8,13H2,1-2H3,(H,29,32)"
1.8014,10.175,"InChI=1S/C23H25ClFN5O3/c1-26-21(31)12-30-8-6-14(7-9-30)33-20-10-15-18(11-19(20)32-2)27-13-28-23(15)29-17-5-3-4-16(24)22(17)25/h3-5,10-11,13-14H,6-9,12H2,1-2H3,(H,26,31)(H,27,28,29)"
2.9791,11.858333333333333,"InChI=1S/C23H25ClFN7O/c1-14-9-21(29-28-14)27-22-11-17(13-31-5-7-33-8-6-31)23-26-15(2)20(32(23)30-22)10-16-3-4-18(24)12-19(16)25/h3-4,9,11-12H,5-8,10,13H2,1-2H3,(H2,27,28,29,30)"
3.4715,12.04,"InChI=1S/C23H25ClN6O3/c1-25-22(31)16-5-3-4-6-18(16)27-21-17(24)14-26-23(29-21)28-19-8-7-15(13-20(19)32-2)30-9-11-33-12-10-30/h3-8,13-14H,9-12H2,1-2H3,(H,25,31)(H2,26,27,28,29)"
2.7169,11.736666666666668,"InChI=1S/C23H25ClN8OS/c1-30(2)16-5-3-15(4-6-16)21-28-19-20(17(24)13-26-22(19)29-21)32-10-8-31(9-11-32)14-18(33)27-23-25-7-12-34-23/h3-7,12-13H,8-11,14H2,1-2H3,(H,25,27,33)(H,26,28,29)"
3.0374499999999998,11.931666666666668,"InChI=1S/C23H25F3N6O2/c1-12(33)27-11-20(34)32-18-7-8-19(32)16-9-14(5-6-15(16)18)30-22-28-10-17(23(24,25)26)21(31-22)29-13-3-2-4-13/h5-6,9-10,13,18-19H,2-4,7-8,11H2,1H3,(H,27,33)(H2,28,29,30,31)"
3.2492,14.31,"InChI=1S/C23H25NO/c1-18(2)24(17-19-8-4-3-5-9-19)15-14-23(25)22-13-12-20-10-6-7-11-21(20)16-22/h3-13,16,18H,14-15,17H2,1-2H3"
4.3972,15.728333333333332,"InChI=1S/C23H26F2N2O4/c1-14(26-19(28)12-15-10-17(24)13-18(25)11-15)21(29)27-20(16-8-6-5-7-9-16)22(30)31-23(2,3)4/h5-11,13-14,20H,12H2,1-4H3,(H,26,28)(H,27,29)"
2.4575,10.88,"InChI=1S/C23H26FN6O9P/c1-23(2)21(31)30(11-38-40(32,33)34)20-14(39-23)6-7-17(28-20)27-19-13(24)10-25-22(29-19)26-12-8-15(35-3)18(37-5)16(9-12)36-4/h6-10H,11H2,1-5H3,(H2,32,33,34)(H2,25,26,27,28,29)"
2.85435,11.521666666666668,"InChI=1S/C23H26IN7O2S/c24-18-15-27-22(30-20(18)25-9-5-10-26-21(32)19-8-4-13-34-19)28-16-6-3-7-17(14-16)29-23(33)31-11-1-2-12-31/h3-4,6-8,13-15H,1-2,5,9-12H2,(H,26,32)(H,29,33)(H2,25,27,28,30)"
3.1774,12.613333333333332,"InChI=1S/C23H26N2O2/c26-23(27-21-16-24-13-10-18(21)11-14-24)25-15-12-17-6-4-5-9-20(17)22(25)19-7-2-1-3-8-19/h1-9,18,21-22H,10-16H2"
2.8559,12.238333333333332,"InChI=1S/C23H26N4O4S/c1-4-26(16-19-9-7-13-24-14-19)23(28)17-27(20-11-12-22(31-3)25-15-20)32(29,30)21-10-6-5-8-18(21)2/h5-15H,4,16-17H2,1-3H3"
3.0663,12.261666666666668,"InChI=1S/C23H27ClO7/c24-18-6-3-14(23-22(28)21(27)20(26)19(11-25)31-23)10-15(18)9-13-1-4-16(5-2-13)30-17-7-8-29-12-17/h1-6,10,17,19-23,25-28H,7-9,11-12H2"
2.635,12.513333333333332,"InChI=1S/C23H27N3O3/c1-29-21-11-5-4-10-20(21)25-16-14-24(15-17-25)12-6-7-13-26-22(27)18-8-2-3-9-19(18)23(26)28/h2-5,8-11H,6-7,12-17H2,1H3"
1.3585,9.925,"InChI=1S/C23H27N3O7/c1-25(2)12-5-6-13(27)15-10(12)7-9-8-11-17(26(3)4)19(29)16(22(24)32)21(31)23(11,33)20(30)14(9)18(15)28/h5-6,9,11,17,27-28,31,33H,7-8H2,1-4H3,(H2,24,32)"
2.7801,11.888333333333335,"InChI=1S/C23H27N5/c1-19-23(20(2)28(25-19)22-11-7-4-8-12-22)17-24-27-15-13-26(14-16-27)18-21-9-5-3-6-10-21/h3-12,17H,13-16,18H2,1-2H3"
2.4028,11.77,"InChI=1S/C23H27N7O3S2/c1-35(31,32)30-7-5-28(6-8-30)15-16-13-20-21(34-16)23(29-9-11-33-12-10-29)26-22(25-20)17-3-2-4-19-18(17)14-24-27-19/h2-4,13-14H,5-12,15H2,1H3,(H,24,27)"
4.2113,13.046666666666663,"InChI=1S/C23H28N4O2/c1-2-7-20-10-6-11-21(23(20)29)16-24-25-22(28)18-27-14-12-26(13-15-27)17-19-8-4-3-5-9-19/h2-6,8-11,16,29H,1,7,12-15,17-18H2,(H,25,28)"
4.1918,16.521666666666665,"InChI=1S/C23H28N4O4S/c1-16(2)22-25-23(31-26-22)27-12-10-17(11-13-27)15-30-19-6-9-21(24-14-19)18-4-7-20(8-5-18)32(3,28)29/h4-9,14,16-17H,10-13,15H2,1-3H3"
2.8447,12.858333333333333,"InChI=1S/C23H29ClFN3O4/c1-30-21-13-19(26)18(24)12-17(21)23(29)27-20-8-10-28(14-22(20)31-2)9-3-11-32-16-6-4-15(25)5-7-16/h4-7,12-13,20,22H,3,8-11,14,26H2,1-2H3,(H,27,29)"
3.3178,13.956666666666669,"InChI=1S/C23H29ClN4O2S/c1-14-19(11-16(24)12-25-14)26-13-18-8-9-21(31-18)23(30)28-20(10-15-4-2-3-5-15)22(29)27-17-6-7-17/h8-9,11-12,15,17,20,26H,2-7,10,13H2,1H3,(H,27,29)(H,28,30)"
3.01585,12.53,"InChI=1S/C23H29N3O2S2/c1-24(2)30(27,28)18-10-11-23-21(17-18)19(20-7-4-5-9-22(20)29-23)8-6-12-26-15-13-25(3)14-16-26/h4-5,7-11,17H,6,12-16H2,1-3H3"
1.9062,8.385,"InChI=1S/C23H29N7O6/c1-2-25-21(35)18-16(33)17(34)22(36-18)30-11-27-15-19(24)28-23(29-20(15)30)26-10-9-13-5-3-12(4-6-13)7-8-14(31)32/h3-6,11,16-18,22,33-34H,2,7-10H2,1H3,(H,25,35)(H,31,32)(H3,24,26,28,29)"
2.95105,12.751666666666669,"InChI=1S/C23H30FN3/c1-2-26-13-15-27(16-14-26)23-17-21(18-9-11-19(24)12-10-18)20-7-5-3-4-6-8-22(20)25-23/h9-12,17H,2-8,13-16H2,1H3"
2.8993,12.921666666666663,"InChI=1S/C23H30N4O2S/c28-22-17-7-1-2-8-18(17)23(29)27(22)12-6-5-11-25-13-15-26(16-14-25)21-19-9-3-4-10-20(19)30-24-21/h3-4,9-10,17-18H,1-2,5-8,11-16H2"
1.7175500000000001,10.496666666666666,"InChI=1S/C23H30N8O/c1-29(2)22(32)19-13-16-14-26-23(28-21(16)31(19)17-5-3-4-6-17)27-20-8-7-18(15-25-20)30-11-9-24-10-12-30/h7-8,13-15,17,24H,3-6,9-12H2,1-2H3,(H,25,26,27,28)"
1.8031,10.193333333333332,"InChI=1S/C23H30N8O3S/c1-14-17(13-29-3-5-31(6-4-29)22(33)15(2)32)35-19-18(14)27-20(16-11-25-23(24)26-12-16)28-21(19)30-7-9-34-10-8-30/h11-12,15,32H,3-10,13H2,1-2H3,(H2,24,25,26)"
4.2075,19.251666666666665,"InChI=1S/C23H30O4/c1-13-11-21-20-7-5-16-12-17(26)6-8-18(16)19(20)9-10-22(21,4)23(13,14(2)24)27-15(3)25/h12,18-21H,1,5-11H2,2-4H3"
4.9753,18.066666666666663,"InChI=1S/C23H30O6/c1-12-8-14-10-16(25-3)21(27-5)20(24)18(14)19-15(9-13(12)2)11-17(26-4)22(28-6)23(19)29-7/h10-13,24H,8-9H2,1-7H3"
3.7318,15.326666666666666,"InChI=1S/C23H31NO2/c1-4-17-23(20-13-9-7-10-14-20,21-15-11-8-12-16-21)22(25)26-19-18-24(5-2)6-3/h7-16H,4-6,17-19H2,1-3H3"
2.4041,11.918333333333331,"InChI=1S/C23H32N6O4S/c1-5-8-20-24-16(4)21-23(30)25-22(26-29(20)21)18-15-17(9-10-19(18)33-7-3)34(31,32)28-13-11-27(6-2)12-14-28/h9-10,15H,5-8,11-14H2,1-4H3,(H,25,26,30)"
3.2139,13.243333333333334,"InChI=1S/C23H36N6O5S/c1-14-8-10-29(18(12-14)22(31)32)21(30)17(6-4-9-26-23(24)25)28-35(33,34)19-7-3-5-16-11-15(2)13-27-20(16)19/h3,5,7,14-15,17-18,27-28H,4,6,8-13H2,1-2H3,(H,31,32)(H4,24,25,26)"
0.79085,8.213333333333333,"InChI=1S/C23H36N6S/c1-5-27(6-2)11-10-24-23(30)25-19-8-9-21-20(17-19)18(4)16-22(26-21)29-14-12-28(7-3)13-15-29/h8-9,16-17H,5-7,10-15H2,1-4H3,(H2,24,25,30)"
2.2275,10.885,"InChI=1S/C24H15F3N4O/c25-24(26,27)17-2-1-3-18(11-17)31-22(32)9-6-16-13-29-20-7-4-14(10-19(20)23(16)31)15-5-8-21(28)30-12-15/h1-13H,(H2,28,30)"
3.9546,16.568333333333335,"InChI=1S/C24H16F6N6O/c1-36-19-7-6-15(10-17(19)34-22(36)33-14-4-2-13(3-5-14)23(25,26)27)37-16-8-9-31-18(11-16)21-32-12-20(35-21)24(28,29)30/h2-12H,1H3,(H,32,35)(H,33,34)"
1.096,9.585,InChI=1S/C24H16N4S/c1-9-25-10-2-17(1)21-22(18-3-11-26-12-4-18)24(20-7-15-28-16-8-20)29-23(21)19-5-13-27-14-6-19/h1-16H
3.6245,13.745,"InChI=1S/C24H18ClFN4O2/c1-2-23(31)29-17-6-8-21-19(11-17)24(28-14-27-21)30-18-7-9-22(20(25)12-18)32-13-15-4-3-5-16(26)10-15/h2-12,14H,1,13H2,(H,29,31)(H,27,28,30)"
4.8476,18.825,"InChI=1S/C24H18F2N2O5/c1-13-5-8-19(27-20(13)14-3-2-4-15(11-14)21(29)30)28-22(31)23(9-10-23)16-6-7-17-18(12-16)33-24(25,26)32-17/h2-8,11-12H,9-10H2,1H3,(H,29,30)(H,27,28,31)"
3.3018,13.031666666666666,"InChI=1S/C24H18F3N3O4/c1-32-22-11-15-20(12-23(22)33-2)28-8-7-21(15)34-14-4-6-19(17(27)10-14)30-24(31)29-18-5-3-13(25)9-16(18)26/h3-12H,1-2H3,(H2,29,30,31)"
3.5855,14.725,"InChI=1S/C24H18FN3O2/c25-23-14-19(10-12-27-23)18-8-9-22(30-16-17-5-2-1-3-6-17)21(13-18)24(29)28-20-7-4-11-26-15-20/h1-15H,16H2,(H,28,29)"
3.4252,14.451666666666666,"InChI=1S/C24H20F3N5O/c1-31-12-18(21-22(28)29-13-30-23(21)31)15-5-6-19-16(11-15)7-8-32(19)20(33)10-14-3-2-4-17(9-14)24(25,26)27/h2-6,9,11-13H,7-8,10H2,1H3,(H2,28,29,30)"
4.1231,14.896666666666668,"InChI=1S/C24H20N4O4S/c1-30-24-26-23(16-7-12-20-21(13-16)32-15-31-20)28(27-24)18-10-8-17(9-11-18)25-22(29)14-33-19-5-3-2-4-6-19/h2-13H,14-15H2,1H3,(H,25,29)"
4.0023,16.743333333333332,"InChI=1S/C24H20N6O2S/c1-16-3-5-17(6-4-16)22-26-21(32-29-22)15-33-24-28-27-23(18-11-13-25-14-12-18)30(24)19-7-9-20(31-2)10-8-19/h3-14H,15H2,1-2H3"
4.15445,17.475,"InChI=1S/C24H21FN4O2S/c1-15-26-21(22(32-15)18-11-5-6-12-19(18)25)24(30)29-13-7-10-17(29)14-20-27-28-23(31-20)16-8-3-2-4-9-16/h2-6,8-9,11-12,17H,7,10,13-14H2,1H3"
5.155,19.961666666666662,"InChI=1S/C24H21N3OS/c1-3-21-27-22(18-11-7-8-16(2)14-18)23(29-21)19-12-13-25-20(15-19)26-24(28)17-9-5-4-6-10-17/h4-15H,3H2,1-2H3,(H,25,26,28)"
4.2014,15.706666666666669,"InChI=1S/C24H22O6/c1-14(25)16-6-9-18-19-11-22(28-3)23(12-21(19)30-24(26)20(18)10-16)29-13-15-4-7-17(27-2)8-5-15/h4-12,14,25H,13H2,1-3H3"
2.2359,12.123333333333331,"InChI=1S/C24H23ClFN5O2/c1-4-33-22-12-20-17(11-21(22)30-23(32)6-5-9-31(2)3)24(15(13-27)14-28-20)29-16-7-8-19(26)18(25)10-16/h5-8,10-12,14H,4,9H2,1-3H3,(H,28,29)(H,30,32)"
3.7318,14.436666666666667,"InChI=1S/C24H23F3N4O2/c25-24(26,27)19-6-7-22(29-15-19)33-21-5-1-3-18(14-21)13-17-8-11-31(12-9-17)23(32)30-20-4-2-10-28-16-20/h1-7,10,14-17H,8-9,11-13H2,(H,30,32)"
2.6665,11.953333333333337,"InChI=1S/C24H23FN4O3/c25-20-8-5-15(14-21-17-3-1-2-4-18(17)22(30)27-26-21)13-19(20)24(32)29-11-9-28(10-12-29)23(31)16-6-7-16/h1-5,8,13,16H,6-7,9-12,14H2,(H,27,30)"
4.921250000000001,19.258333333333333,"InChI=1S/C24H23N5OS/c1-15(2)29-14-26-21-23(25-12-11-16-7-9-17(30)10-8-16)27-22(28-24(21)29)19-13-31-20-6-4-3-5-18(19)20/h3-10,13-15,30H,11-12H2,1-2H3,(H,25,27,28)"
4.7585,19.401666666666664,"InChI=1S/C24H23NO5S/c1-15-19(25-23(30-15)16-6-4-3-5-7-16)10-12-29-20-9-8-17(14-21(28-2)24(26)27)22-18(20)11-13-31-22/h3-9,11,13,21H,10,12,14H2,1-2H3,(H,26,27)"
3.9067,15.551666666666668,"InChI=1S/C24H24N6O2S3/c31-19(15-17-7-3-1-4-8-17)25-23-29-27-21(34-23)11-13-33-14-12-22-28-30-24(35-22)26-20(32)16-18-9-5-2-6-10-18/h1-10H,11-16H2,(H,25,29,31)(H,26,30,32)"
2.1163,11.731666666666666,"InChI=1S/C24H25ClFN5O2/c1-33-22-14-20-17(24(28-15-27-20)29-16-7-8-19(26)18(25)12-16)13-21(22)30-23(32)6-5-11-31-9-3-2-4-10-31/h5-8,12-15H,2-4,9-11H2,1H3,(H,30,32)(H,27,28,29)"
2.2279,10.503333333333334,"InChI=1S/C24H25ClFN5O3/c1-2-23(32)30-21-13-17-20(14-22(21)34-9-3-6-31-7-10-33-11-8-31)27-15-28-24(17)29-16-4-5-19(26)18(25)12-16/h2,4-5,12-15H,1,3,6-11H2,(H,30,32)(H,27,28,29)"
2.0226499999999996,10.531666666666666,"InChI=1S/C24H25ClFN5O3/c1-31(2)8-3-4-23(32)30-21-11-17-20(12-22(21)34-16-7-9-33-13-16)27-14-28-24(17)29-15-5-6-19(26)18(25)10-15/h3-6,10-12,14,16H,7-9,13H2,1-2H3,(H,30,32)(H,27,28,29)"
3.5216000000000003,14.276666666666667,"InChI=1S/C24H25ClN2O2/c1-24(2,13-17-10-11-18-6-3-4-7-19(18)12-17)27-15-20(28)16-29-23-9-5-8-22(25)21(23)14-26/h3-12,20,27-28H,13,15-16H2,1-2H3"
2.9028,11.581666666666669,"InChI=1S/C24H25ClN6O2/c1-3-22(32)27-18-5-4-6-20(15-18)33-23-21(25)16-26-24(29-23)28-17-7-9-19(10-8-17)31-13-11-30(2)12-14-31/h3-10,15-16H,1,11-14H2,2H3,(H,27,32)(H,26,28,29)"
3.8899,14.111666666666668,"InChI=1S/C24H25FO5S/c1-13-2-3-15(24-23(29)22(28)21(27)19(12-26)30-24)10-16(13)11-18-8-9-20(31-18)14-4-6-17(25)7-5-14/h2-10,19,21-24,26-29H,11-12H2,1H3"
1.5377,9.741666666666667,"InChI=1S/C24H25N5O/c1-2-12-28(13-3-1)14-15-30-22-6-4-19(5-7-22)21-16-26-24-23(17-27-29(24)18-21)20-8-10-25-11-9-20/h4-11,16-18H,1-3,12-15H2"
3.1218500000000002,12.966666666666669,"InChI=1S/C24H25N5O5S/c1-28-13-18(12-26-28)17-9-22-23(25-11-17)6-4-16-3-5-19(10-21(16)24(22)30)27-35(31,32)29(2)14-20-15-33-7-8-34-20/h3-6,9-13,20,27H,7-8,14-15H2,1-2H3"
3.3988,11.786666666666669,"InChI=1S/C24H26N4O4/c1-3-17-9-8-10-18(13-17)27-24-19-14-22(21(31-2)15-20(19)25-16-26-24)32-12-7-5-4-6-11-23(29)28-30/h1,8-10,13-16,30H,4-7,11-12H2,2H3,(H,28,29)(H,25,26,27)"
2.4481,11.256666666666666,"InChI=1S/C24H26N6O2S/c1-28-13-15-29(16-14-28)20-6-3-5-19(17-20)25-24-26-23-22(7-4-12-30(23)27-24)18-8-10-21(11-9-18)33(2,31)32/h3-12,17H,13-16H2,1-2H3,(H,25,27)"
2.3526,11.45,"InChI=1S/C24H26N6O3/c1-4-7-19-25-21(24(2,3)33)20(23(31)32)30(19)14-15-10-12-16(13-11-15)17-8-5-6-9-18(17)22-26-28-29-27-22/h5-6,8-13,33H,4,7,14H2,1-3H3,(H,31,32)(H,26,27,28,29)"
2.9716,12.59,"InChI=1S/C24H27FN2O2/c1-24(2)20-5-3-4-6-21(20)27(23(24)29)16-15-26-13-11-18(12-14-26)22(28)17-7-9-19(25)10-8-17/h3-10,18H,11-16H2,1-2H3"
2.8645,11.998333333333331,"InChI=1S/C24H27FN2O4/c1-16(28)18-4-7-21(23(14-18)29-2)30-13-3-10-27-11-8-17(9-12-27)24-20-6-5-19(25)15-22(20)31-26-24/h4-7,14-15,17H,3,8-13H2,1-2H3"
2.03525,10.898333333333332,"InChI=1S/C24H27N3O4/c1-3-27(4-2)15-17-5-7-21-14-18(6-8-20(21)13-17)16-31-24(29)25-22-11-9-19(10-12-22)23(28)26-30/h5-14,30H,3-4,15-16H2,1-2H3,(H,25,29)(H,26,28)"
2.4609,10.485,"InChI=1S/C24H27N3O5/c1-17(28)22(24(30)26-31)25-23(29)21-10-8-19(9-11-21)3-2-18-4-6-20(7-5-18)16-27-12-14-32-15-13-27/h4-11,17,22,28,31H,12-16H2,1H3,(H,25,29)(H,26,30)"
2.3249,10.756666666666666,"InChI=1S/C24H27N5O2/c1-30-13-14-31-19-6-7-21-20(15-19)26-16-29(21)23-8-5-17-3-2-4-22(24(17)27-23)28-11-9-18(25)10-12-28/h2-8,15-16,18H,9-14,25H2,1H3"
3.308,12.853333333333332,"InChI=1S/C24H27N5O3/c30-22(28-32)15-9-1-2-10-16-25-23(31)19-17-26-24(27-18-19)29(20-11-5-3-6-12-20)21-13-7-4-8-14-21/h3-8,11-14,17-18,32H,1-2,9-10,15-16H2,(H,25,31)(H,28,30)"
3.1927,13.963333333333331,"InChI=1S/C24H28N2O3/c1-28-24-11-5-4-10-22(24)26-15-13-25(14-16-26)17-20(27)18-29-23-12-6-8-19-7-2-3-9-21(19)23/h2-12,20,27H,13-18H2,1H3"
3.68595,12.088333333333331,"InChI=1S/C24H28N2O3/c1-3-26(4-2)23(28)18-10-8-17(9-11-18)19-16-24(12-14-25-15-13-24)29-21-7-5-6-20(27)22(19)21/h5-11,16,25,27H,3-4,12-15H2,1-2H3"
3.7568,15.876666666666669,"InChI=1S/C24H29ClN2O2/c1-24(2,14-18-15-26-21-10-9-19(25)13-20(18)21)27-11-12-28-22-5-3-4-6-23(22)29-16-17-7-8-17/h3-6,9-10,13,15,17,26-27H,7-8,11-12,14,16H2,1-2H3"
2.3444,10.511666666666668,"InChI=1S/C24H29FN6/c1-23(2,3)13-31-20-17(28-22(31)26)12-11-16(27-20)19-18(14-7-9-15(25)10-8-14)29-21(30-19)24(4,5)6/h7-12H,13H2,1-6H3,(H2,26,28)(H,29,30)"
3.903,14.423333333333334,"InChI=1S/C24H29N5O3/c1-4-5-10-21(30)29(22(16(2)3)24(31)32)15-17-11-13-18(14-12-17)19-8-6-7-9-20(19)23-25-27-28-26-23/h6-9,11-14,16,22H,4-5,10,15H2,1-3H3,(H,31,32)(H,25,26,27,28)"
2.343,10.541666666666666,"InChI=1S/C24H29N7O/c1-4-19(14-32)28-24-29-22(21-23(30-24)31(15-27-21)16(2)3)26-13-17-8-10-18(11-9-17)20-7-5-6-12-25-20/h5-12,15-16,19,32H,4,13-14H2,1-3H3,(H2,26,28,29,30)"
3.8197,14.343333333333334,"InChI=1S/C24H29N7O5/c1-34-23(32)26-17-5-3-16(4-6-17)20-27-21(29-11-13-36-14-12-29)19-15-25-31(22(19)28-20)18-7-9-30(10-8-18)24(33)35-2/h3-6,15,18H,7-14H2,1-2H3,(H,26,32)"
2.5215,11.5,"InChI=1S/C24H29NO3/c1-27-22-14-19-13-20(24(26)21(19)15-23(22)28-2)12-17-8-10-25(11-9-17)16-18-6-4-3-5-7-18/h3-7,14-15,17,20H,8-13,16H2,1-2H3"
4.1872,16.821666666666665,"InChI=1S/C24H29NO5/c1-3-30-24(29)17(2)15-21(25-22(26)13-14-23(27)28)16-18-9-11-20(12-10-18)19-7-5-4-6-8-19/h4-12,17,21H,3,13-16H2,1-2H3,(H,25,26)(H,27,28)"
2.1031000000000004,10.871666666666666,"InChI=1S/C24H30ClN7O4S/c1-31(2)24(36)13-4-6-15(27-20(33)21(34)30-19-7-5-14(25)11-26-19)17(10-13)28-22(35)23-29-16-8-9-32(3)12-18(16)37-23/h5,7,11,13,15,17H,4,6,8-10,12H2,1-3H3,(H,27,33)(H,28,35)(H,26,30,34)"
3.2997,15.35,"InChI=1S/C24H30F2O6/c1-20(2)31-19-9-13-14-8-16(25)15-7-12(28)5-6-21(15,3)23(14,26)17(29)10-22(13,4)24(19,32-20)18(30)11-27/h5-7,13-14,16-17,19,27,29H,8-11H2,1-4H3"
2.2885,11.106666666666666,"InChI=1S/C24H30N6O2/c1-5-8-19(18-9-7-12-25-15-18)28-22-16(3)14-27-23(30-22)17-10-11-20(21(13-17)32-4)29-24(31)26-6-2/h7,9-15,19H,5-6,8H2,1-4H3,(H2,26,29,31)(H,27,28,30)"
4.4745,18.84916666666666,"InChI=1S/C24H31ClO7/c1-4-30-21(29)32-24(20(28)31-13-25)10-8-17-16-6-5-14-11-15(26)7-9-22(14,2)19(16)18(27)12-23(17,24)3/h7,9,11,16-19,27H,4-6,8,10,12-13H2,1-3H3"
2.2058,10.903333333333334,"InChI=1S/C24H31N3O3/c1-16(2)20-11-21(23(29)12-22(20)28)24(30)27-14-18-5-4-17(10-19(18)15-27)13-26-8-6-25(3)7-9-26/h4-5,10-12,16,28-29H,6-9,13-15H2,1-3H3"
1.8944999999999999,10.166666666666666,"InChI=1S/C24H32ClN5O2/c1-15(2)26-13-19(17-4-6-18(25)7-5-17)24(32)30-10-8-29(9-11-30)23-21-16(3)12-20(31)22(21)27-14-28-23/h4-7,14-16,19-20,26,31H,8-13H2,1-3H3"
2.1887,10.895,"InChI=1S/C24H32N6O3/c1-28-12-10-17(11-13-28)33-18-8-9-19(21(14-18)32-3)26-23-25-15-20-22(27-23)30(24(31)29(20)2)16-6-4-5-7-16/h8-9,14-17H,4-7,10-13H2,1-3H3,(H,25,26,27)"
3.2074,13.575,"InChI=1S/C24H32O6/c1-21(2)29-19-10-16-15-6-5-13-9-14(26)7-8-22(13,3)20(15)17(27)11-23(16,4)24(19,30-21)18(28)12-25/h7-9,15-17,19-20,25,27H,5-6,10-12H2,1-4H3"
2.5293,11.38,"InChI=1S/C24H33N3O4/c1-18-7-6-8-19(2)24(18)25-23(29)16-27-13-11-26(12-14-27)15-20(28)17-31-22-10-5-4-9-21(22)30-3/h4-10,20,28H,11-17H2,1-3H3,(H,25,29)"
2.6660000000000004,11.823333333333332,"InChI=1S/C24H34F3N3O3/c1-15(2)23(7-4-18(11-23)29-20-6-9-33-14-21(20)32-3)22(31)30-8-5-19-16(13-30)10-17(12-28-19)24(25,26)27/h10,12,15,18,20-21,29H,4-9,11,13-14H2,1-3H3"
3.5216,16.183333333333334,"InChI=1S/C24H34O4/c1-22-10-7-17(25)13-16(22)4-5-20-19(22)8-11-23(2)18(9-12-24(20,23)27)15-3-6-21(26)28-14-15/h3,6,14,16-20,25,27H,4-5,7-13H2,1-2H3"
4.14245,17.654999999999998,"InChI=1S/C24H34O5/c1-4-21(28)29-24(20(27)14-25)12-9-19-17-6-5-15-13-16(26)7-10-22(15,2)18(17)8-11-23(19,24)3/h13,17-19,25H,4-12,14H2,1-3H3"
0.9657,9.458333333333334,"InChI=1S/C24H35N7/c1-6-31(7-2)12-8-9-16(3)27-24-28-18(5)14-23(30-24)29-19-10-11-22-20(15-19)21(25)13-17(4)26-22/h10-11,13-16H,6-9,12H2,1-5H3,(H2,25,26)(H2,27,28,29,30)"
3.4965,14.146666666666668,"InChI=1S/C25H14F7N5/c26-19-4-2-1-3-17(19)23-33-21-9-10-37(13-22(21)34-23)12-15-6-8-20(36-35-15)16-7-5-14(24(27,28)29)11-18(16)25(30,31)32/h1-11,13H,12H2"
4.287,15.781666666666666,"InChI=1S/C25H15ClF2N4O2/c26-15-6-9-17-18(10-15)23(21-19(27)2-1-3-20(21)28)29-11-14-12-30-25(32-22(14)17)31-16-7-4-13(5-8-16)24(33)34/h1-10,12H,11H2,(H,33,34)(H,30,31,32)"
3.3114,13.078333333333337,"InChI=1S/C25H17F2N5O3S/c1-35-25-23(32-36(33,34)24-5-3-18(26)12-21(24)27)11-17(13-29-25)15-2-4-22-20(10-15)19(7-8-28-22)16-6-9-30-31-14-16/h2-14,32H,1H3"
4.7868,18.808333333333337,"InChI=1S/C25H18ClN5O2S2/c26-17-5-1-16(2-6-17)24-30-18(13-34-24)14-35-25-21(12-28)22(20(11-27)23(29)31-25)15-3-7-19(8-4-15)33-10-9-32/h1-8,13,32H,9-10,14H2,(H2,29,31)"
2.8876,11.673333333333334,"InChI=1S/C25H19ClF2N4O4/c1-2-35-19-10-12-32(16-6-3-14(27)4-7-16)25(34)21(19)24(33)31-15-5-8-18(17(28)13-15)36-20-9-11-30-23(29)22(20)26/h3-13H,2H2,1H3,(H2,29,30)(H,31,33)"
4.221,15.69,"InChI=1S/C25H19N3O3/c29-23(27-19-5-1-3-14-4-2-12-26-22(14)19)15-8-10-18(11-9-15)28-24(30)20-16-6-7-17(13-16)21(20)25(28)31/h1-12,16-17,20-21H,13H2,(H,27,29)"
4.4751,19.895,"InChI=1S/C25H19NO3S/c27-21-15-23(26-11-13-28-14-12-26)29-24-17(6-3-9-20(21)24)19-8-4-7-18-16-5-1-2-10-22(16)30-25(18)19/h1-10,15H,11-14H2"
2.6265,11.953333333333337,"InChI=1S/C25H20N4O/c1-29-16-23(18-12-14-26-15-13-18)25(28-29)20-7-10-22(11-8-20)30-17-21-9-6-19-4-2-3-5-24(19)27-21/h2-16H,17H2,1H3"
4.7715,21.805,"InChI=1S/C25H21F3N4O3S/c26-25(27,28)22-31-20(32-35-22)17-7-4-8-18(13-17)21(33)29-15-24(9-11-34-12-10-24)23-30-19(14-36-23)16-5-2-1-3-6-16/h1-8,13-14H,9-12,15H2,(H,29,33)"
3.98805,13.893333333333334,"InChI=1S/C25H22ClF3N6O3/c1-13-8-9-35(34-13)20-11-16(26)6-7-17(20)22(25(27,28)29)38-21-12-19(32-24(31)33-21)15-4-2-14(3-5-15)10-18(30)23(36)37/h2-9,11-12,18,22H,10,30H2,1H3,(H,36,37)(H2,31,32,33)"
4.32505,15.375,"InChI=1S/C25H22ClN5O2S/c1-13-14(2)34-25-22(13)23(16-4-6-17(26)7-5-16)28-20(24-30-29-15(3)31(24)25)12-21(33)27-18-8-10-19(32)11-9-18/h4-11,20,32H,12H2,1-3H3,(H,27,33)"
4.6403,17.753333333333334,"InChI=1S/C25H22F3NO3S/c1-14-20(13-16-3-7-19(8-4-16)25(26,27)28)21(15(2)33-14)22(30)29-24(11-12-24)18-9-5-17(6-10-18)23(31)32/h3-10H,11-13H2,1-2H3,(H,29,30)(H,31,32)"
4.4472,11.665,"InChI=1S/C25H22N2O2/c28-25(29)20-11-10-18(12-21(20)17-8-4-5-9-17)23-15-27-24-22(23)13-19(14-26-24)16-6-2-1-3-7-16/h1-3,6-7,10-15,17H,4-5,8-9H2,(H,26,27)(H,28,29)"
2.4555,11.225,"InChI=1S/C25H22N6O2/c1-30-10-12-31(13-11-30)25-27-19-9-5-3-7-16(19)22(28-25)21-20(23(32)29-24(21)33)17-14-26-18-8-4-2-6-15(17)18/h2-9,14,26H,10-13H2,1H3,(H,29,32,33)"
2.8442,11.990833333333333,"InChI=1S/C25H22O10/c1-32-17-6-11(2-4-14(17)28)24-20(10-26)33-16-5-3-12(7-18(16)34-24)25-23(31)22(30)21-15(29)8-13(27)9-19(21)35-25/h2-9,20,23-29,31H,10H2,1H3"
2.9595,11.415,"InChI=1S/C25H22O10/c1-32-17-6-11(2-4-14(17)28)24-20(10-26)33-18-7-12(3-5-16(18)34-24)25-23(31)22(30)21-15(29)8-13(27)9-19(21)35-25/h2-9,20,23-29,31H,10H2,1H3"
5.1118500000000004,19.558333333333337,"InChI=1S/C25H23F3N4O2/c26-25(27,28)21-9-4-20(5-10-21)8-13-24-30-22(18-34-24)17-33-23-11-6-19(7-12-23)3-1-2-15-32-16-14-29-31-32/h4-14,16,18H,1-3,15,17H2"
1.8583,10.286666666666669,"InChI=1S/C25H23N5O2/c31-25(29-20-9-13-32-14-10-20)18-6-4-17(5-7-18)23-15-19(8-12-27-23)21-16-28-30-24(21)22-3-1-2-11-26-22/h1-8,11-12,15-16,20H,9-10,13-14H2,(H,28,30)(H,29,31)"
3.0043,12.776666666666667,"InChI=1S/C25H23N5O2S/c1-29-13-17(15-7-2-4-9-19(15)29)21-22(24(32)28-23(21)31)18-14-30(11-6-12-33-25(26)27)20-10-5-3-8-16(18)20/h2-5,7-10,13-14H,6,11-12H2,1H3,(H3,26,27)(H,28,31,32)"
3.17895,13.048333333333334,"InChI=1S/C25H23N7OS/c33-24(22-13-27-20-7-3-4-8-21(20)28-22)29-19-6-2-1-5-18(19)23-15-32-17(16-34-25(32)30-23)14-31-11-9-26-10-12-31/h1-8,13,15-16,26H,9-12,14H2,(H,29,33)"
3.7036,14.16,"InChI=1S/C25H24N6O2/c1-2-21(32)30-14-6-7-18(15-30)31-25-22(24(26)27-16-28-25)23(29-31)17-10-12-20(13-11-17)33-19-8-4-3-5-9-19/h2-5,8-13,16,18H,1,6-7,14-15H2,(H2,26,27,28)"
3.72775,14.656666666666666,"InChI=1S/C25H25ClN6O4S/c1-25(2,27)24(33)28-15-7-6-8-17(13-15)37(34,35)32-23-22(29-19-9-4-5-10-20(19)30-23)31-21-14-16(36-3)11-12-18(21)26/h4-14H,27H2,1-3H3,(H,28,33)(H,29,31)(H,30,32)"
2.7889,12.741666666666667,"InChI=1S/C25H26F3N5O3/c1-29-24(34)17-5-3-4-6-19(17)31-21-14-23(30-15-18(21)25(26,27)28)32-20-8-7-16(13-22(20)35-2)33-9-11-36-12-10-33/h3-8,13-15H,9-12H2,1-2H3,(H,29,34)(H2,30,31,32)"
3.3249,13.908333333333331,"InChI=1S/C25H26FN3O2/c1-17-15-28(16-27-17)23-11-6-19(14-24(23)31-3)13-21-5-4-12-29(25(21)30)18(2)20-7-9-22(26)10-8-20/h6-11,13-16,18H,4-5,12H2,1-3H3"
1.773,10.165,"InChI=1S/C25H26N4O4/c1-16(22(25(31)33-2)15-17-4-3-5-21(14-17)23(26)27)28-24(30)20-8-6-18(7-9-20)19-10-12-29(32)13-11-19/h3-14,16,22H,15H2,1-2H3,(H3,26,27)(H,28,30)"
3.518,14.751666666666669,"InChI=1S/C25H27ClN2O/c26-22-12-7-13-23(18-22)28-16-14-27(15-17-28)19-24(29)25(20-8-3-1-4-9-20)21-10-5-2-6-11-21/h1-13,18,24-25,29H,14-17,19H2"
3.1673,11.963333333333331,"InChI=1S/C25H27ClN6O3/c1-4-23(33)28-17-6-5-7-19(14-17)35-24-20(26)16-27-25(30-24)29-21-9-8-18(15-22(21)34-3)32-12-10-31(2)11-13-32/h4-9,14-16H,1,10-13H2,2-3H3,(H,28,33)(H,27,29,30)"
2.8926,11.82,"InChI=1S/C25H27FN4O3/c1-16-12-17-19(29-16)6-7-21(24(17)26)33-25-18-13-22(31-2)23(14-20(18)27-15-28-25)32-11-5-10-30-8-3-4-9-30/h6-7,12-15,29H,3-5,8-11H2,1-2H3"
2.95,12.446666666666664,"InChI=1S/C25H27N3O3/c1-17-8-9-22-20(16-17)25(31-24(29)27-22)11-14-28(15-12-25)13-10-21-18(2)30-23(26-21)19-6-4-3-5-7-19/h3-9,16H,10-15H2,1-2H3,(H,27,29)"
3.65125,13.193333333333332,"InChI=1S/C25H28N6O7S3/c1-12-15(41-10-27-12)7-6-13-8-39-21-17(29-19(32)16(30-36-5)14-9-40-24(26)28-14)20(33)31(21)18(13)22(34)37-11-38-23(35)25(2,3)4/h6-7,9-10,17,21H,8,11H2,1-5H3,(H2,26,28)(H,29,32)"
2.3467,11.161666666666669,"InChI=1S/C25H28N8O2/c1-4-5-13-32-21-22(29-24(32)31-12-8-9-17(26)14-31)30(3)25(35)33(23(21)34)15-20-27-16(2)18-10-6-7-11-19(18)28-20/h6-7,10-11,17H,8-9,12-15,26H2,1-3H3"
1.9657,10.861666666666668,"InChI=1S/C25H29FN4O5/c1-27-25(32)35-22-15-34-21-7-6-18(29-8-10-30(11-9-29)19-13-33-14-19)12-20(21)23(22)28-24(31)16-2-4-17(26)5-3-16/h2-7,12,19,22-23H,8-11,13-15H2,1H3,(H,27,32)(H,28,31)"
2.3872,11.088333333333331,"InChI=1S/C25H29N9O3/c1-35-15-16-36-19-6-4-18(5-7-19)32-11-8-31(9-12-32)10-13-33-23-20(17-27-33)24-28-22(21-3-2-14-37-21)30-34(24)25(26)29-23/h2-7,14,17H,8-13,15-16H2,1H3,(H2,26,29)"
2.6722,11.64,"InChI=1S/C25H31N5O4/c1-16-13-30(14-17(2)34-16)25-27-23-20(24(28-25)29-8-10-33-11-9-29)5-6-21(26-23)18-4-7-22(32-3)19(12-18)15-31/h4-7,12,16-17,31H,8-11,13-15H2,1-3H3"
2.84135,11.64,"InChI=1S/C25H31N5O4/c1-16-14-33-10-8-29(16)24-20-5-6-21(18-4-7-22(32-3)19(12-18)13-31)26-23(20)27-25(28-24)30-9-11-34-15-17(30)2/h4-7,12,16-17,31H,8-11,13-15H2,1-3H3"
3.4596,14.361666666666668,"InChI=1S/C25H31NO6/c1-13-26-25(20(30)12-31-14(2)27)21(32-13)10-18-17-6-5-15-9-16(28)7-8-23(15,3)22(17)19(29)11-24(18,25)4/h7-9,17-19,21-22,29H,5-6,10-12H2,1-4H3"
2.1299,10.905,"InChI=1S/C25H32F3N3O4/c1-17(30-8-12-34-21-5-2-3-6-22(21)35-16-25(26,27)28)13-18-14-19-7-10-31(9-4-11-32)23(19)20(15-18)24(29)33/h2-3,5-6,14-15,17,30,32H,4,7-13,16H2,1H3,(H2,29,33)"
2.5828,11.438333333333333,"InChI=1S/C25H32F3N7O2/c1-18(36)33-14-12-32(13-15-33)16-17-37-21-4-2-19(3-5-21)20-8-10-34(11-9-20)23-7-6-22-29-30-24(25(26,27)28)35(22)31-23/h2-5,20H,6-17H2,1H3"
2.329,10.926666666666668,"InChI=1S/C25H32N8O/c1-25(2)14-16-15-27-24(29-20(16)22-19(25)21(23(34)26-3)30-32(22)5)28-17-6-8-18(9-7-17)33-12-10-31(4)11-13-33/h6-9,15H,10-14H2,1-5H3,(H,26,34)(H,27,28,29)"
3.1949,13.591666666666669,"InChI=1S/C25H34N4O2/c1-31-23-12-6-5-11-22(23)28-18-15-27(16-19-28)17-20-29(24-13-7-8-14-26-24)25(30)21-9-3-2-4-10-21/h5-8,11-14,21H,2-4,9-10,15-20H2,1H3"
1.778,10.693333333333332,"InChI=1S/C25H34N6O3/c1-17(2)22-16-34-25(33)31(22)23-9-10-26-24(28-23)27-18(3)21-7-5-20(6-8-21)15-29-11-13-30(14-12-29)19(4)32/h5-10,17-18,22H,11-16H2,1-4H3,(H,26,27,28)"
3.757,16.665,"InChI=1S/C25H34O6/c1-4-5-21-30-20-11-17-16-7-6-14-10-15(27)8-9-23(14,2)22(16)18(28)12-24(17,3)25(20,31-21)19(29)13-26/h8-10,16-18,20-22,26,28H,4-7,11-13H2,1-3H3"
1.617,0.005,"InChI=1S/C25H35N3O2/c1-4-27(5-2)19-20-10-12-22(13-11-20)25(29)28(23-14-16-26-18-23)17-15-21-8-6-7-9-24(21)30-3/h6-13,23,26H,4-5,14-19H2,1-3H3"
3.7682,16.846666666666668,"InChI=1S/C25H36O6/c1-4-5-21(30)31-25(20(29)14-26)11-9-18-17-7-6-15-12-16(27)8-10-23(15,2)22(17)19(28)13-24(18,25)3/h12,17-19,22,26,28H,4-11,13-14H2,1-3H3"
3.8534,13.14,"InChI=1S/C26H20F3N7O/c1-15-8-9-16(25(37)32-19-7-3-6-18(12-19)26(27,28)29)11-21(15)33-23-20-14-31-36(2)24(20)35-22(34-23)17-5-4-10-30-13-17/h3-14H,1-2H3,(H,32,37)(H,33,34,35)"
2.5068,11.371666666666666,"InChI=1S/C26H21N3O2S/c1-31-22-8-5-19-15-21(4-3-20(19)16-22)25-24(17-11-13-27-14-12-17)28-26(29-25)18-6-9-23(10-7-18)32(2)30/h3-16H,1-2H3,(H,28,29)"
3.86555,15.821666666666664,"InChI=1S/C26H23F2N3O3/c1-15(29-23(32)13-16-11-17(27)14-18(28)12-16)25(33)30-24-21-9-4-3-7-19(21)20-8-5-6-10-22(20)31(2)26(24)34/h3-12,14-15,24H,13H2,1-2H3,(H,29,32)(H,30,33)"
3.6136,14.161666666666669,"InChI=1S/C26H24F4N6O/c1-34(25(37)20-8-7-16(27)15-21(20)26(28,29)30)17-10-13-36(14-11-17)24-19-6-4-3-5-18(19)23(32-33-24)22-9-12-31-35(22)2/h3-9,12,15,17H,10-11,13-14H2,1-2H3"
4.37895,17.68166666666667,"InChI=1S/C26H24N2O/c1-3-22(19-12-6-4-7-13-19)28-26(29)24-18(2)25(20-14-8-5-9-15-20)27-23-17-11-10-16-21(23)24/h4-17,22H,3H2,1-2H3,(H,28,29)"
2.7593,12.121666666666666,"InChI=1S/C26H25Cl2FN8/c1-2-36-7-5-20(6-8-36)37-15-19(34-35-37)14-31-18-9-21-25(33-17-3-4-24(29)22(27)10-17)16(12-30)13-32-26(21)23(28)11-18/h3-4,9-11,13,15,20,31H,2,5-8,14H2,1H3,(H,32,33)"
3.7918,13.358333333333333,"InChI=1S/C26H25ClF3N5O3/c1-25(2,37)14-22(36)31-9-11-35-10-8-20-23(35)24(33-15-32-20)34-17-6-7-21(19(27)13-17)38-18-5-3-4-16(12-18)26(28,29)30/h3-8,10,12-13,15,37H,9,11,14H2,1-2H3,(H,31,36)(H,32,33,34)"
4.0925,14.98,"InChI=1S/C26H25ClN2O3/c1-16-6-3-4-7-20(16)25(31)28-19-10-11-21(17(2)14-19)26(32)29-13-5-8-24(30)22-15-18(27)9-12-23(22)29/h3-4,6-7,9-12,14-15,24,30H,5,8,13H2,1-2H3,(H,28,31)"
3.4563,13.975,"InChI=1S/C26H25N3O2/c1-3-18-8-11-21(12-9-18)31-16-19-6-4-5-7-22(19)26(30)29-20-10-13-25-23(15-20)24(27)14-17(2)28-25/h4-15H,3,16H2,1-2H3,(H2,27,28)(H,29,30)"
2.2969,10.98,"InChI=1S/C26H26ClN3/c1-18-13-19(16-28-15-18)17-30-11-8-20(9-12-30)25-24-7-6-23(27)14-22(24)5-4-21-3-2-10-29-26(21)25/h2-3,6-7,10,13-16H,4-5,8-9,11-12,17H2,1H3"
4.7213,18.72833333333333,"InChI=1S/C26H26ClNO5/c1-30-20-7-9-21(10-8-20)33-16-23-22-15-25(32-3)24(31-2)14-17(22)11-12-28(23)26(29)18-5-4-6-19(27)13-18/h4-10,13-15,23H,11-12,16H2,1-3H3"
3.8785,15.943333333333332,"InChI=1S/C26H26F3N7O2/c1-17-14-22(25-31-24(33-38-25)19-2-6-21(7-3-19)37-26(27,28)29)32-36(17)16-18-8-9-30-23(15-18)35-12-10-34(11-13-35)20-4-5-20/h2-3,6-9,14-15,20H,4-5,10-13,16H2,1H3"
2.4648,11.739999999999998,"InChI=1S/C26H26N2O3/c29-19-8-7-15-11-20-26(30)12-17-16-3-1-2-4-18(16)27-22(17)24-25(26,21(15)23(19)31-24)9-10-28(20)13-14-5-6-14/h1-4,7-8,14,20,24,27,29-30H,5-6,9-13H2"
3.2604,13.048333333333334,"InChI=1S/C26H27Cl2N5O2/c1-4-33(5-2)13-14-35-19-11-9-18(10-12-19)30-26-29-16-17-15-20(25(34)32(3)24(17)31-26)23-21(27)7-6-8-22(23)28/h6-12,15-16H,4-5,13-14H2,1-3H3,(H,29,30,31)"
4.2428,16.701666666666668,"InChI=1S/C26H27F3N2O6/c1-24(2,13-33)22-8-14-7-18(17(27)10-19(14)31(22)11-16(34)12-32)30-23(35)25(5-6-25)15-3-4-20-21(9-15)37-26(28,29)36-20/h3-4,7-10,16,32-34H,5-6,11-13H2,1-2H3,(H,30,35)"
2.4395,11.695,"InChI=1S/C26H27N5O2/c27-16-18-4-6-23-22(13-18)19(17-29-23)3-1-2-8-30-9-11-31(12-10-30)21-5-7-24-20(14-21)15-25(33-24)26(28)32/h4-7,13-15,17,29H,1-3,8-12H2,(H2,28,32)"
4.1628,16.698333333333334,"InChI=1S/C26H28ClNO/c1-3-28(4-2)19-20-29-24-17-15-22(16-18-24)25(21-11-7-5-8-12-21)26(27)23-13-9-6-10-14-23/h5-18H,3-4,19-20H2,1-2H3"
3.8199,16.2,"InChI=1S/C26H28N2/c1-4-11-23(12-5-1)13-10-18-27-19-21-28(22-20-27)26(24-14-6-2-7-15-24)25-16-8-3-9-17-25/h1-17,26H,18-22H2"
2.3741,11.255,"InChI=1S/C26H29Cl2N5O3/c1-32-6-8-33(9-7-32)5-4-10-36-25-13-21-18(11-24(25)35-3)26(17(15-29)16-30-21)31-22-14-23(34-2)20(28)12-19(22)27/h11-14,16H,4-10H2,1-3H3,(H,30,31)"
1.8754,10.348333333333333,"InChI=1S/C26H29N3O3/c30-26(28-19-21-4-2-1-3-5-21)18-24-9-6-23(20-27-24)22-7-10-25(11-8-22)32-17-14-29-12-15-31-16-13-29/h1-11,20H,12-19H2,(H,28,30)"
2.5416,11.121666666666666,"InChI=1S/C26H29N5O2/c1-26(14-32-15-26)16-33-20-6-7-22-21(13-20)28-17-31(22)24-8-5-18-3-2-4-23(25(18)29-24)30-11-9-19(27)10-12-30/h2-8,13,17,19H,9-12,14-16,27H2,1H3"
4.208399999999999,16.865,"InChI=1S/C26H29NO/c1-4-25(21-11-7-5-8-12-21)26(22-13-9-6-10-14-22)23-15-17-24(18-16-23)28-20-19-27(2)3/h5-18H,4,19-20H2,1-3H3"
1.7595,10.188333333333333,"InChI=1S/C26H30FN7O3/c1-2-34(10-11-35)9-4-12-37-21-7-8-22-23(16-21)28-17-29-26(22)31-24-14-20(32-33-24)15-25(36)30-19-6-3-5-18(27)13-19/h3,5-8,13-14,16-17,35H,2,4,9-12,15H2,1H3,(H,30,36)(H2,28,29,31,32,33)"
2.2503,10.706666666666669,"InChI=1S/C26H30N6O2/c1-17-11-12-27-25(34)23-15-18-9-10-19(16-22(18)32(17)23)24(33)29-26-28-20-7-4-5-8-21(20)31(26)14-6-13-30(2)3/h4-5,7-10,15-17H,6,11-14H2,1-3H3,(H,27,34)(H,28,29,33)"
1.9219,10.228333333333332,"InChI=1S/C26H30N6O3/c1-30-12-14-31(15-13-30)20-10-8-19(9-11-20)25(33)27-24-21-16-32(17-22(21)28-29-24)26(34)23(35-2)18-6-4-3-5-7-18/h3-11,23H,12-17H2,1-2H3,(H2,27,28,29,33)"
3.8151,15.803333333333336,"InChI=1S/C26H32N2O/c1-25-13-11-18(29)15-17(25)7-8-19-20-9-10-24(26(20,2)14-12-21(19)25)28-16-27-22-5-3-4-6-23(22)28/h3-7,10,16,18-21,29H,8-9,11-15H2,1-2H3"
2.7176,11.451666666666666,"InChI=1S/C26H33N5O3/c1-17-15-31(16-18(2)27-17)22-9-6-20(7-10-22)26(32)28-25-13-21(29-30-25)8-5-19-11-23(33-3)14-24(12-19)34-4/h6-7,9-14,17-18,27H,5,8,15-16H2,1-4H3,(H2,28,29,30,32)"
4.61215,15.901666666666667,"InChI=1S/C26H34O7/c1-18(2)13-14-20-25(3,33-20)24-23(30-4)19(15-16-26(24)17-31-26)32-22(29)12-10-8-6-5-7-9-11-21(27)28/h5-13,19-20,23-24H,14-17H2,1-4H3,(H,27,28)"
4.5817,15.923333333333334,"InChI=1S/C26H35F3O6/c1-17(2)35-25(33)11-6-4-3-5-10-21-22(24(32)15-23(21)31)13-12-19(30)16-34-20-9-7-8-18(14-20)26(27,28)29/h3,5,7-9,12-14,17,19,21-24,30-32H,4,6,10-11,15-16H2,1-2H3"
4.453,18.276666666666664,"InChI=1S/C26H35N3O5/c1-14(2)11-20-23-17(16-8-7-15(33-6)12-19(16)27-23)13-21-24(31)28-18(25(32)29(20)21)9-10-22(30)34-26(3,4)5/h7-8,12,14,18,20-21,27H,9-11,13H2,1-6H3,(H,28,31)"
1.8743,10.13,"InChI=1S/C26H35N7O2S/c1-19-18-27-25(29-20-9-11-22(12-10-20)33-15-13-32(5)14-16-33)30-24(19)28-21-7-6-8-23(17-21)36(34,35)31-26(2,3)4/h6-12,17-18,31H,13-16H2,1-5H3,(H2,27,28,29,30)"
3.2037500000000003,13.828333333333337,"InChI=1S/C26H37NO3/c1-18(2)26(29)30-25-13-12-21(17-28)16-24(25)23(22-10-8-7-9-11-22)14-15-27(19(3)4)20(5)6/h7-13,16,18-20,23,28H,14-15,17H2,1-6H3"
3.7266,14.565,"InChI=1S/C26H39NO6S/c1-14-8-7-9-19-21(32-19)11-20(15(2)10-18-13-34-17(4)27-18)33-23(29)12-22(28)26(5,6)25(31)16(3)24(14)30/h10,13-14,16,19-22,24,28,30H,7-9,11-12H2,1-6H3"
4.4487,17.045,"InChI=1S/C26H40O5/c1-19(2)31-26(30)13-9-4-3-8-12-22-23(25(29)18-24(22)28)17-16-21(27)15-14-20-10-6-5-7-11-20/h3,5-8,10-11,19,21-25,27-29H,4,9,12-18H2,1-2H3"
3.1233000000000004,12.991666666666667,"InChI=1S/C26H41ClN4O5/c1-28-23(14-19-6-5-12-35-18-19)16-30-25(32)31-11-4-8-21(17-31)24(20-7-3-9-22(27)15-20)36-13-10-29-26(33)34-2/h3,7,9,15,19,21,23-24,28H,4-6,8,10-14,16-18H2,1-2H3,(H,29,33)(H,30,32)"
3.2996499999999997,12.063333333333333,"InChI=1S/C26H45NO6S/c1-16(4-9-24(30)27-12-13-34(31,32)33)20-7-8-21-19-6-5-17-14-18(28)10-11-25(17,2)22(19)15-23(29)26(20,21)3/h16-23,28-29H,4-15H2,1-3H3,(H,27,30)(H,31,32,33)"
3.0689,11.081666666666669,"InChI=1S/C26H45NO7S/c1-15(4-7-23(31)27-10-11-35(32,33)34)18-5-6-19-24-20(14-22(30)26(18,19)3)25(2)9-8-17(28)12-16(25)13-21(24)29/h15-22,24,28-30H,4-14H2,1-3H3,(H,27,31)(H,32,33,34)"
4.2205,15.318333333333332,"InChI=1S/C27H20ClFN4O4/c1-36-21-5-3-4-20(29)23(21)25-19-10-15(28)6-8-17(19)24-14(12-30-25)13-31-27(33-24)32-16-7-9-18(26(34)35)22(11-16)37-2/h3-11,13H,12H2,1-2H3,(H,34,35)(H,31,32,33)"
5.4294,21.27833333333333,"InChI=1S/C27H22BrNO4S/c1-33-25-14-13-24(28)18-26(25)34(31,32)29-27(30)15-12-21-7-3-5-9-23(21)17-19-10-11-20-6-2-4-8-22(20)16-19/h2-16,18H,17H2,1H3,(H,29,30)"
4.502000000000001,19.60333333333333,"InChI=1S/C27H23N5O4/c33-23-17-24(26-29-31-32-30-26)36-25-21(23)10-6-11-22(25)28-27(34)19-12-14-20(15-13-19)35-16-5-4-9-18-7-2-1-3-8-18/h1-3,6-8,10-15,17H,4-5,9,16H2,(H,28,34)(H,29,30,31,32)"
5.39485,21.95833333333333,"InChI=1S/C27H25ClF3N3O2/c1-17(34-25(35)26(2,3)36-24-12-9-21(16-33-24)27(29,30)31)23(14-18-7-10-22(28)11-8-18)20-6-4-5-19(13-20)15-32/h4-13,16-17,23H,14H2,1-3H3,(H,34,35)"
2.7318,11.388333333333332,"InChI=1S/C27H26N4O5S/c1-16-11-21(37(34,35)20-10-5-7-17(12-20)27(33)31(2)3)14-22-24(16)29-15-23(26(28)32)25(22)30-18-8-6-9-19(13-18)36-4/h5-15H,1-4H3,(H2,28,32)(H,29,30)"
4.1315,17.029999999999998,"InChI=1S/C27H27F2NO6/c1-4-36-15-17-13-22(34-2)24(23(14-17)35-3)18-10-8-16(9-11-18)12-21(27(32)33)30-26(31)25-19(28)6-5-7-20(25)29/h5-11,13-14,21H,4,12,15H2,1-3H3,(H,30,31)(H,32,33)"
2.7657,11.236666666666668,"InChI=1S/C27H27FN8O3/c1-17-23(34-27(37)39-15-22-14-38-8-7-29-22)13-36-25(17)26(30-16-32-36)33-21-5-6-24-19(10-21)11-31-35(24)12-18-3-2-4-20(28)9-18/h2-6,9-11,13,16,22,29H,7-8,12,14-15H2,1H3,(H,34,37)(H,30,32,33)"
2.0528,10.363333333333332,"InChI=1S/C27H27N5O3/c1-18-13-21(8-11-25(18)35-22-9-6-19(2)29-15-22)32-27-23-14-20(7-10-24(23)30-17-31-27)5-4-12-28-26(33)16-34-3/h4-11,13-15,17H,12,16H2,1-3H3,(H,28,33)(H,30,31,32)"
2.48255,11.353333333333332,"InChI=1S/C27H27N7O2S/c1-17-14-29-18(15-28-17)16-30-26(36)23-24(35)19-8-9-22(33-11-5-10-32(2)12-13-33)31-25(19)34-20-6-3-4-7-21(20)37-27(23)34/h3-4,6-9,14-15H,5,10-13,16H2,1-2H3,(H,30,36)"
1.8717,10.181666666666668,"InChI=1S/C27H28F2N6O/c28-23-12-18(13-24(29)22(23)17-34-8-10-36-11-9-34)21-2-1-3-25-27(21)33-26(15-31-25)19-14-32-35(16-19)20-4-6-30-7-5-20/h1-3,12-16,20,30H,4-11,17H2"
2.7602,11.496666666666666,"InChI=1S/C27H28F3N5O2S/c1-17(19-5-3-4-6-20(19)27(28,29)30)37-23-14-24(38-25(23)26(31)36)35-16-32-21-8-7-18(13-22(21)35)15-34-11-9-33(2)10-12-34/h3-8,13-14,16-17H,9-12,15H2,1-2H3,(H2,31,36)"
5.0548,20.16333333333333,"InChI=1S/C27H28N2O7/c1-18-23(26(30)35-14-8-11-20-9-5-4-6-10-20)25(21-12-7-13-22(17-21)29(32)33)24(19(2)28-18)27(31)36-16-15-34-3/h4-13,17,25,28H,14-16H2,1-3H3"
3.1971,13.331666666666669,"InChI=1S/C27H29ClN6O2/c1-19-25(18-30-34(19)24-5-2-21(28)3-6-24)27(35)31-22-4-7-26(20(16-22)17-29)33-10-8-23(9-11-33)32-12-14-36-15-13-32/h2-7,16,18,23H,8-15H2,1H3,(H,31,35)"
2.3164,10.866666666666667,"InChI=1S/C27H29FN8O3/c1-29-26(38)23-17(28)6-5-7-18(23)31-25-16-8-10-30-24(16)33-27(34-25)32-19-13-20-15(12-21(19)39-4)9-11-36(20)22(37)14-35(2)3/h5-8,10,12-13H,9,11,14H2,1-4H3,(H,29,38)(H3,30,31,32,33,34)"
2.6024,11.875,"InChI=1S/C27H29N3O2/c1-19-9-4-5-10-22(19)26(31)28-21-16-14-20(15-17-21)27(32)30-18-8-13-24(29(2)3)23-11-6-7-12-25(23)30/h4-7,9-12,14-17,24H,8,13,18H2,1-3H3,(H,28,31)"
4.2307,15.651666666666667,"InChI=1S/C27H29N5O6S/c1-27(2,3)18-10-12-19(13-11-18)39(34,35)32-23-22(38-21-9-6-5-8-20(21)36-4)26(37-17-16-33)31-25(30-23)24-28-14-7-15-29-24/h5-15,33H,16-17H2,1-4H3,(H,30,31,32)"
3.7302999999999997,16.021666666666665,"InChI=1S/C27H29NO3/c1-3-8-22(9-4-1)27(23-10-5-2-6-11-23)31-24-12-7-16-28(19-24)17-15-21-13-14-25-26(18-21)30-20-29-25/h1-6,8-11,13-14,18,24,27H,7,12,15-17,19-20H2"
3.8526,14.285,"InChI=1S/C27H30F2N2O3/c1-32-24-13-8-21(26(33-2)27(24)34-3)18-30-14-16-31(17-15-30)25(19-4-9-22(28)10-5-19)20-6-11-23(29)12-7-20/h4-13,25H,14-18H2,1-3H3"
4.6567,17.404999999999998,"InChI=1S/C27H31Br2ClN4O2/c28-20-12-19-2-1-18-13-21(30)14-22(29)24(18)25(26(19)32-15-20)17-5-9-33(10-6-17)23(35)11-16-3-7-34(8-4-16)27(31)36/h12-17,25H,1-11H2,(H2,31,36)"
3.6253,14.921666666666663,"InChI=1S/C27H31FN4O2/c1-19-9-6-7-14-24(19)26(27(34)30-22-11-4-3-5-12-22)32(23-13-8-10-21(28)17-23)25(33)18-31-16-15-29-20(31)2/h6-10,13-17,22,26H,3-5,11-12,18H2,1-2H3,(H,30,34)"
3.0856,13.125,"InChI=1S/C27H31NO4S/c1-21-14-24(20-33(30,31)27-7-3-2-4-8-27)16-26(15-21)32-19-23-11-9-22(10-12-23)17-28-13-5-6-25(28)18-29/h2-4,7-12,14-16,25,29H,5-6,13,17-20H2,1H3"
1.9355,10.461666666666668,"InChI=1S/C27H32N6/c1-3-32-13-15-33(16-14-32)18-21-9-11-23(12-10-21)25-17-24-26(28-19-29-27(24)31-25)30-20(2)22-7-5-4-6-8-22/h4-12,17,19-20H,3,13-16,18H2,1-2H3,(H2,28,29,30,31)"
2.2383,10.731666666666666,"InChI=1S/C27H32N8O2/c1-5-13-34-25(36)21-18-28-26(29-19-9-11-20(12-10-19)33-16-14-32(4)15-17-33)31-24(21)35(34)23-8-6-7-22(30-23)27(2,3)37/h5-12,18,37H,1,13-17H2,2-4H3,(H,28,29,31)"
3.51485,13.24,"InChI=1S/C27H33N7O4/c1-28-26(35)30-18-4-2-17(3-5-18)23-31-24(33-15-20-6-7-21(16-33)38-20)22-14-29-34(25(22)32-23)19-8-10-27(11-9-19)36-12-13-37-27/h2-5,14,19-21H,6-13,15-16H2,1H3,(H2,28,30,35)"
2.6633,11.98,"InChI=1S/C27H34FN5O2/c1-26-11-10-17-15(6-9-21-27(17,2)13-19(28)25(35)33(21)3)16(26)7-8-18(26)24(34)30-14-22-31-20-5-4-12-29-23(20)32-22/h4-5,12-13,15-18,21H,6-11,14H2,1-3H3,(H,30,34)(H,29,31,32)"
2.3081,10.815,"InChI=1S/C27H34N4O5/c1-35-21-6-4-19(5-7-21)26(33)20-8-11-30(12-9-20)16-25(32)31(14-18-2-3-18)15-24-28-23-10-13-36-17-22(23)27(34)29-24/h4-7,18,20H,2-3,8-17H2,1H3,(H,28,29,34)"
2.3704,10.825,"InChI=1S/C27H34O14/c1-11-20(33)22(35)24(37)26(38-11)41-25-23(36)21(34)18(10-28)40-27(25)39-14-8-16(31)19(17(32)9-14)15(30)7-4-12-2-5-13(29)6-3-12/h2-3,5-6,8-9,11,18,20-29,31-37H,4,7,10H2,1H3"
2.2991,11.276666666666667,"InChI=1S/C27H36N2O5/c1-28(17-21-11-20-14-25(33-4)26(34-5)16-22(20)21)8-6-9-29-10-7-18-12-23(31-2)24(32-3)13-19(18)15-27(29)30/h12-14,16,21H,6-11,15,17H2,1-5H3"
3.2567500000000003,12.956666666666669,"InChI=1S/C27H36N4O5S/c1-6-37(34,35)30-13-11-20(12-14-30)18(3)31-19(4)25(21-9-7-8-10-23(21)31)27(33)28-16-22-24(36-5)15-17(2)29-26(22)32/h7-10,15,18,20H,6,11-14,16H2,1-5H3,(H,28,33)(H,29,32)"
2.0109,10.32,"InChI=1S/C27H36N6O3S/c1-20-19-28-26(30-21-10-12-23(13-11-21)36-17-16-33-14-5-6-15-33)31-25(20)29-22-8-7-9-24(18-22)37(34,35)32-27(2,3)4/h7-13,18-19,32H,5-6,14-17H2,1-4H3,(H2,28,29,30,31)"
3.69705,13.835,"InChI=1S/C27H37N3O7S/c1-18(2)15-30(38(33,34)21-10-8-20(28)9-11-21)16-24(31)23(14-19-6-4-3-5-7-19)29-27(32)37-25-17-36-26-22(25)12-13-35-26/h3-11,18,22-26,31H,12-17,28H2,1-2H3,(H,29,32)"
2.6282,12.481666666666666,"InChI=1S/C27H39NO2/c1-15-11-25(30)26(28-14-15)17(3)20-7-8-21-22-6-5-18-12-19(29)9-10-27(18,4)24(22)13-23(21)16(20)2/h5,7-8,15,17,19,22,24-26,28-30H,6,9-14H2,1-4H3"
2.542,11.643333333333334,"InChI=1S/C27H39NO3/c1-14-11-21-24(28-13-14)16(3)27(31-21)10-8-19-20-6-5-17-12-18(29)7-9-26(17,4)23(20)25(30)22(19)15(27)2/h5,14,16,18-21,23-24,28-29H,6-13H2,1-4H3"
3.8906,15.015,"InChI=1S/C27H41NO6S/c1-15-9-8-10-27(7)22(34-27)12-20(16(2)11-19-14-35-18(4)28-19)33-23(30)13-21(29)26(5,6)25(32)17(3)24(15)31/h11,14-15,17,20-22,24,29,31H,8-10,12-13H2,1-7H3"
2.7327,11.4575,"InChI=1S/C27H42N2O5S/c1-15-9-8-10-27(7)22(34-27)12-20(16(2)11-19-14-35-18(4)28-19)29-23(31)13-21(30)26(5,6)25(33)17(3)24(15)32/h11,14-15,17,20-22,24,30,32H,8-10,12-13H2,1-7H3,(H,29,31)"
3.4366000000000003,12.611666666666668,"InChI=1S/C27H43NO2/c1-16-7-12-27(28-15-16)17(2)24-23(30-27)14-22-20-6-5-18-13-19(29)8-10-25(18,3)21(20)9-11-26(22,24)4/h5,16-17,19-24,28-29H,6-15H2,1-4H3"
2.1738,10.016666666666667,"InChI=1S/C27H43NO3/c1-15-4-7-25-27(3,31)21-6-5-17-18(20(21)14-28(25)13-15)11-22-19(17)12-24(30)23-10-16(29)8-9-26(22,23)2/h15-23,25,29,31H,4-14H2,1-3H3"
1.9434,10.299999999999999,"InChI=1S/C27H44O7/c1-23(2,32)9-8-22(31)26(5,33)21-7-11-27(34)16-12-18(28)17-13-19(29)20(30)14-24(17,3)15(16)6-10-25(21,27)4/h12,15,17,19-22,29-34H,6-11,13-14H2,1-5H3"
4.1734,16.98,"InChI=1S/C27H45N5O5/c1-25(2,3)20(30-24(37)31-26(4,5)6)23(36)32-13-15-17(27(15,7)8)18(32)22(35)29-16(19(33)21(28)34)12-14-10-9-11-14/h14-18,20H,9-13H2,1-8H3,(H2,28,34)(H,29,35)(H2,30,31,37)"
3.3831,12.938333333333333,"InChI=1S/C27H45NO2/c1-16-7-12-27(28-15-16)17(2)24-23(30-27)14-22-20-6-5-18-13-19(29)8-10-25(18,3)21(20)9-11-26(22,24)4/h16-24,28-29H,5-15H2,1-4H3"
3.0404,12.176666666666668,"InChI=1S/C28H21N7OS/c1-17-15-24(37-16-17)25-20-5-2-3-6-21(20)26(35-34-25)32-18-8-10-19(11-9-18)36-27-22(7-4-13-30-27)23-12-14-31-28(29)33-23/h2-16H,1H3,(H,32,35)(H2,29,31,33)"
3.7545,14.876666666666669,"InChI=1S/C28H22F2N4O4/c29-21-10-8-17(13-22(21)30)15-34-12-4-7-20(27(34)36)26(35)31-25(18-5-2-1-3-6-18)16-38-19-9-11-23-24(14-19)33-28(37)32-23/h1-14,25H,15-16H2,(H,31,35)(H2,32,33,37)"
2.9359,12.928333333333336,"InChI=1S/C28H22F3N7O/c1-17-5-6-19(10-25(17)37-27-33-9-7-24(36-27)20-4-3-8-32-14-20)26(39)35-22-11-21(28(29,30)31)12-23(13-22)38-15-18(2)34-16-38/h3-16H,1-2H3,(H,35,39)(H,33,36,37)"
3.3927,12.96,"InChI=1S/C28H23N7O2/c1-16-7-3-4-12-21(16)35-22(32-20-11-5-8-17(2)23(20)28(35)37)14-34-27-24(26(29)30-15-31-27)25(33-34)18-9-6-10-19(36)13-18/h3-13,15,36H,14H2,1-2H3,(H2,29,30,31)"
3.30495,13.883333333333333,"InChI=1S/C28H24FN3O5/c1-35-24-15-21-22(16-25(24)36-2)30-14-11-23(21)37-20-9-7-19(8-10-20)32-27(34)28(12-13-28)26(33)31-18-5-3-17(29)4-6-18/h3-11,14-16H,12-13H2,1-2H3,(H,31,33)(H,32,34)"
2.3611,10.503333333333334,"InChI=1S/C28H25F3N6O2/c1-35-24-16-33-22-6-3-17(18-4-8-25(39-2)34-15-18)13-20(22)26(24)37(27(35)38)19-5-7-23(21(14-19)28(29,30)31)36-11-9-32-10-12-36/h3-8,13-16,32H,9-12H2,1-2H3"
4.6703,19.03,"InChI=1S/C28H25NO6/c1-18(2)27(31)25-16-29(26-13-8-19(28(32)33)14-24(25)26)15-20(30)17-34-21-9-11-23(12-10-21)35-22-6-4-3-5-7-22/h3-14,16,18H,15,17H2,1-2H3,(H,32,33)"
3.0269500000000003,12.335,"InChI=1S/C28H30N2O2/c29-27(31)28(23-7-3-1-4-8-23,24-9-5-2-6-10-24)25-14-17-30(20-25)16-13-21-11-12-26-22(19-21)15-18-32-26/h1-12,19,25H,13-18,20H2,(H2,29,31)"
1.99035,10.306666666666668,"InChI=1S/C28H30N6OS/c1-20-5-10-24(16-25(20)31-28-32-26(19-36-28)23-4-3-11-29-17-23)30-27(35)22-8-6-21(7-9-22)18-34-14-12-33(2)13-15-34/h3-11,16-17,19H,12-15,18H2,1-2H3,(H,30,35)(H,31,32)"
3.2596,14.06,"InChI=1S/C28H31N3O6/c1-18-24(27(32)36-3)26(21-11-7-12-22(15-21)31(34)35)25(19(2)29-18)28(33)37-23-13-8-14-30(17-23)16-20-9-5-4-6-10-20/h4-7,9-12,15,23,26,29H,8,13-14,16-17H2,1-3H3"
3.7782,15.943333333333332,"InChI=1S/C28H32F2N2O/c29-26-12-8-24(9-13-26)28(25-10-14-27(30)15-11-25)33-22-21-32-19-17-31(18-20-32)16-4-7-23-5-2-1-3-6-23/h1-3,5-6,8-15,28H,4,7,16-22H2"
2.3659,10.743333333333334,"InChI=1S/C28H32N4O3S/c1-5-36(34,35)21-8-6-7-19(14-21)23-15-22(28(33)30-20-9-11-32(4)12-10-20)18(3)26-25(23)24-13-17(2)16-29-27(24)31-26/h6-8,13-16,20H,5,9-12H2,1-4H3,(H,29,31)(H,30,33)"
2.8738,12.361666666666668,"InChI=1S/C28H33ClN4O3/c1-18(32-11-13-35-14-12-32)17-33-25-8-7-22(28-19(2)31-36-20(28)3)16-24(25)30-27(33)10-6-21-5-9-26(34-4)23(29)15-21/h5,7-9,15-16,18H,6,10-14,17H2,1-4H3"
3.6043,14.568333333333332,"InChI=1S/C28H34N2O/c1-4-11-25(12-5-1)13-10-18-29-19-21-30(22-20-29)23-24-31-28(26-14-6-2-7-15-26)27-16-8-3-9-17-27/h1-9,11-12,14-17,28H,10,13,18-24H2"
2.2356,10.871666666666666,"InChI=1S/C28H34O15/c1-10-21(33)23(35)25(37)27(39-10)43-26-24(36)22(34)19(9-29)42-28(26)40-12-6-14(31)20-15(32)8-17(41-18(20)7-12)11-3-4-16(38-2)13(30)5-11/h3-7,10,17,19,21-31,33-37H,8-9H2,1-2H3"
3.7683,11.061666666666667,"InChI=1S/C28H35N7O2/c1-4-19-7-6-8-20(5-2)25(19)29-28(37)35-17-23-24(18-35)31-32-26(23)30-27(36)21-9-11-22(12-10-21)34-15-13-33(3)14-16-34/h6-12H,4-5,13-18H2,1-3H3,(H,29,37)(H2,30,31,32,36)"
3.5148,14.73,"InChI=1S/C28H36N4O2S/c33-27-24-18-9-10-19(15-18)25(24)28(34)32(27)17-21-6-2-1-5-20(21)16-30-11-13-31(14-12-30)26-22-7-3-4-8-23(22)35-29-26/h3-4,7-8,18-21,24-25H,1-2,5-6,9-17H2"
2.5152,10.906666666666666,"InChI=1S/C28H36O15/c1-11-21(34)23(36)25(38)27(40-11)43-26-24(37)22(35)19(10-29)42-28(26)41-13-8-16(32)20(17(33)9-13)14(30)5-3-12-4-6-18(39-2)15(31)7-12/h4,6-9,11,19,21-29,31-38H,3,5,10H2,1-2H3"
3.9082,14.231666666666666,"InChI=1S/C28H37N3O3S3/c32-26(30-27-29-19-25(36-27)35-17-16-31-14-4-5-15-31)28(18-24(28)20-6-2-1-3-7-20)21-8-10-22(11-9-21)37(33,34)23-12-13-23/h8-11,19-20,23-24H,1-7,12-18H2,(H,29,30,32)"
1.769,10.2,"InChI=1S/C28H37NO9/c1-26(2,32)8-9-28(33,15-22(30)35-4)25(31)38-24-21(34-3)14-27-7-5-10-29(27)11-6-17-12-19-20(37-16-36-19)13-18(17)23(24)27/h12-14,23-24,32-33H,5-11,15-16H2,1-4H3"
2.9478999999999997,12.396666666666668,"InChI=1S/C28H38F3N5O2/c1-19-16-35(14-15-36(19)24(17-38-5)22-6-8-23(9-7-22)28(29,30)31)27(4)10-12-34(13-11-27)26(37)25-20(2)32-18-33-21(25)3/h6-9,18-19,24H,10-17H2,1-5H3"
1.1849,10.15,"InChI=1S/C28H38N6O2/c1-32-12-7-13-34(17-16-32)28-30-24-19-26(36-3)25(35-2)18-23(24)27(31-28)29-22-10-14-33(15-11-22)20-21-8-5-4-6-9-21/h4-6,8-9,18-19,22H,7,10-17,20H2,1-3H3,(H,29,30,31)"
3.2927,12.653333333333334,"InChI=1S/C28H38O6/c1-14-11-21(33-25(32)17(14)13-29)15(2)18-5-6-19-16-12-24-28(34-24)23(31)8-7-22(30)27(28,4)20(16)9-10-26(18,19)3/h7-8,15-16,18-21,23-24,29,31H,5-6,9-13H2,1-4H3"
4.2055,17.101666666666667,"InChI=1S/C28H39N3O3/c1-17-12-22-23(13-18(17)2)31(26(30-22)29-10-9-11-32)16-24(33)19-14-20(27(3,4)5)25(34)21(15-19)28(6,7)8/h12-15,32,34H,9-11,16H2,1-8H3,(H,29,30)"
1.6376,9.251666666666669,"InChI=1S/C28H39N3O3/c1-18(2)26(30-27(34)25-13-20-8-9-24(33)12-21(20)15-29-25)17-31-11-10-28(4,19(3)16-31)22-6-5-7-23(32)14-22/h5-9,12,14,18-19,25-26,29,32-33H,10-11,13,15-17H2,1-4H3,(H,30,34)"
2.0048,10.405,"InChI=1S/C28H39N7O3/c1-5-22-27(37)34(3)23-17-29-28(32-25(23)35(22)20-8-6-7-9-20)31-21-11-10-18(16-24(21)38-4)26(36)30-19-12-14-33(2)15-13-19/h10-11,16-17,19-20,22H,5-9,12-15H2,1-4H3,(H,30,36)(H,29,31,32)"
4.5261,17.691666666666666,"InChI=1S/C29H24ClN3O3S/c1-21-10-12-22(13-11-21)18-33(29(34)26-7-2-4-8-27(26)30)19-23-14-16-24(17-15-23)25-6-3-5-9-28(25)37(35,36)32-20-31/h2-17,32H,18-19H2,1H3"
3.3238,13.533333333333331,"InChI=1S/C29H27F3N6O/c1-20-5-6-22(16-21(20)8-10-25-18-33-27-4-3-11-34-38(25)27)28(39)35-24-9-7-23(26(17-24)29(30,31)32)19-37-14-12-36(2)13-15-37/h3-7,9,11,16-18H,12-15,19H2,1-2H3,(H,35,39)"
3.66085,14.983333333333333,"InChI=1S/C29H28F4N4O4/c1-40-20-6-3-5-19(16-20)35-11-13-36(14-12-35)28-34-27-21(7-4-8-22(27)30)23(17-26(38)39)37(28)24-15-18(29(31,32)33)9-10-25(24)41-2/h3-10,15-16,23H,11-14,17H2,1-2H3,(H,38,39)"
3.1275,13.858333333333333,"InChI=1S/C29H30N6O6/c1-5-8-23-30-25(29(3,4)38)24(27(36)39-16-22-17(2)40-28(37)41-22)35(23)15-18-11-13-19(14-12-18)20-9-6-7-10-21(20)26-31-33-34-32-26/h6-7,9-14,38H,5,8,15-16H2,1-4H3,(H,31,32,33,34)"
2.4095,11.24,"InChI=1S/C29H31F3N6O3/c30-29(31,32)21-4-1-3-19(15-21)27(40)36-17-25(39)38-14-9-23(18-38)37-22-7-10-28(41,11-8-22)24-6-5-20(16-35-24)26-33-12-2-13-34-26/h1-6,12-13,15-16,22-23,37,41H,7-11,14,17-18H2,(H,36,40)"
1.983,10.453333333333337,"InChI=1S/C29H31N5O4/c1-36-26-18-24-25(19-27(26)38-15-5-12-34-13-16-37-17-14-34)30-20-31-28(24)32-22-8-10-23(11-9-22)33-29(35)21-6-3-2-4-7-21/h2-4,6-11,18-20H,5,12-17H2,1H3,(H,33,35)(H,30,31,32)"
2.03615,10.666666666666666,"InChI=1S/C29H31N7O/c1-21-5-10-25(18-27(21)34-29-31-13-11-26(33-29)24-4-3-12-30-19-24)32-28(37)23-8-6-22(7-9-23)20-36-16-14-35(2)15-17-36/h3-13,18-19H,14-17,20H2,1-2H3,(H,32,37)(H,31,33,34)"
5.17765,21.41333333333333,"InChI=1S/C29H32N4O5S2/c1-5-30-29(35)32-40(36,37)28-24(16-23(39-28)15-19(2)3)21-13-11-20(12-14-21)17-33-25(18-34)27(38-4)31-26(33)22-9-7-6-8-10-22/h6-14,16,18-19H,5,15,17H2,1-4H3,(H2,30,32,35)"
4.565,17.251666666666665,"InChI=1S/C29H32O7S/c1-19-12-25(34-10-5-11-37(3,32)33)13-20(2)29(19)22-7-4-6-21(14-22)17-35-24-8-9-26-23(15-28(30)31)18-36-27(26)16-24/h4,6-9,12-14,16,23H,5,10-11,15,17-18H2,1-3H3,(H,30,31)"
2.9184,11.495,"InChI=1S/C29H34N10O3/c1-3-39-27-24(34-35-39)26(37-16-18-42-19-17-37)32-25(33-27)20-4-8-22(9-5-20)30-29(41)31-23-10-6-21(7-11-23)28(40)38-14-12-36(2)13-15-38/h4-11H,3,12-19H2,1-2H3,(H2,30,31,41)"
5.4213000000000005,17.09333333333333,"InChI=1S/C29H37N3O6/c1-15-10-11-29(17(3)13-16(2)27(38-29)18(4)26(33)20-7-6-12-31-20)37-22(15)14-23-32-25-21(36-23)9-8-19(30-5)24(25)28(34)35/h6-9,12,15-18,22,27,30-31H,10-11,13-14H2,1-5H3,(H,34,35)"
2.4272,11.511666666666668,"InChI=1S/C29H38Cl2N4O4/c30-23-8-6-20(18-24(23)31)10-13-32-15-12-27(38)35(22-4-2-1-3-5-22)17-16-33-14-11-21-7-9-25(36)28-29(21)39-19-26(37)34-28/h6-9,18,22,32-33,36H,1-5,10-17,19H2,(H,34,37)"
4.0607500000000005,16.23,"InChI=1S/C29H38N2O6/c1-4-6-14-30(15-7-5-2)26(32)18-31-17-23(21-10-13-24-25(16-21)37-19-36-24)27(29(33)34)28(31)20-8-11-22(35-3)12-9-20/h8-13,16,23,27-28H,4-7,14-15,17-19H2,1-3H3,(H,33,34)"
1.986,11.033333333333331,"InChI=1S/C29H39NO9/c1-27(2,33)8-5-10-29(34,16-23(31)36-4)26(32)39-25-22(35-3)15-28-9-6-11-30(28)12-7-18-13-20-21(38-17-37-20)14-19(18)24(25)28/h13-15,24-25,33-34H,5-12,16-17H2,1-4H3"
2.3993,11.169166666666666,"InChI=1S/C29H41F2N5O/c1-19(2)27-34-33-20(3)36(27)25-17-23-9-10-24(18-25)35(23)16-13-26(21-7-5-4-6-8-21)32-28(37)22-11-14-29(30,31)15-12-22/h4-8,19,22-26H,9-18H2,1-3H3,(H,32,37)"
3.6238,14.395,"InChI=1S/C29H42N2O3/c1-29-16-15-23-22-10-8-21(34-2)19-20(22)7-9-24(23)25(29)11-12-26(29)30-17-5-3-4-6-18-31-27(32)13-14-28(31)33/h8,10,19,23-26,30H,3-7,9,11-18H2,1-2H3"
1.5152,9.901666666666667,"InChI=1S/C29H44O12/c1-13-22(34)23(35)24(36)25(40-13)41-15-8-19(32)28(12-30)21-17(3-5-27(28,37)9-15)29(38)6-4-16(14-7-20(33)39-11-14)26(29,2)10-18(21)31/h7,13,15-19,21-25,30-32,34-38H,3-6,8-12H2,1-2H3"
4.3111,16.461666666666666,"InChI=1S/C30H24N4O8/c1-3-38-28-31-23-10-6-9-22(27(35)39-16-24-17(2)40-30(37)41-24)25(23)34(28)15-18-11-13-19(14-12-18)20-7-4-5-8-21(20)26-32-29(36)42-33-26/h4-14H,3,15-16H2,1-2H3,(H,32,33,36)"
4.7438,19.711666666666662,"InChI=1S/C30H26N2O4/c33-21-9-5-19(6-10-21)15-17-31-25-13-14-26(32-18-16-20-7-11-22(34)12-8-20)28-27(25)29(35)23-3-1-2-4-24(23)30(28)36/h1-14,31-34H,15-18H2"
3.8607,14.243333333333334,"InChI=1S/C30H28FN7O3/c1-30(2,3)26-17-27(38(37-26)19-7-9-23-18(14-19)6-5-12-33-23)36-29(40)35-24-10-8-20(15-22(24)31)41-21-11-13-34-25(16-21)28(39)32-4/h5-17H,1-4H3,(H,32,39)(H2,35,36,40)"
2.1766,10.331666666666669,"InChI=1S/C30H29ClN6O3/c1-4-39-28-16-25-23(15-26(28)36-29(38)9-7-13-37(2)3)30(20(17-32)18-34-25)35-21-10-11-27(24(31)14-21)40-19-22-8-5-6-12-33-22/h5-12,14-16,18H,4,13,19H2,1-3H3,(H,34,35)(H,36,38)"
3.6337,14.78,"InChI=1S/C30H30Cl2N4O4/c1-18(2)40-25-16-23(39-3)12-13-24(25)29-34-27(19-4-8-21(31)9-5-19)28(20-6-10-22(32)11-7-20)36(29)30(38)35-15-14-33-26(37)17-35/h4-13,16,18,27-28H,14-15,17H2,1-3H3,(H,33,37)"
3.55725,13.615,"InChI=1S/C30H31F3N4O3/c1-3-36-10-12-37(13-11-36)18-21-6-5-20(15-25(21)30(31,32)33)29(39)34-23-7-4-19(2)27(17-23)40-24-8-9-26-22(14-24)16-28(38)35-26/h4-9,14-15,17H,3,10-13,16,18H2,1-2H3,(H,34,39)(H,35,38)"
4.02345,16.505,"InChI=1S/C30H33ClN4O2/c1-20(2)27(34(17-7-16-32)29(36)23-12-10-21(3)11-13-23)28-33-26-18-24(31)14-15-25(26)30(37)35(28)19-22-8-5-4-6-9-22/h4-6,8-15,18,20,27H,7,16-17,19,32H2,1-3H3"
2.5585,12.473333333333333,"InChI=1S/C30H33N3O5S/c1-19-16-32(17-20(2)37-19)18-28(35)31-23-6-7-27-22(13-23)12-21-4-3-5-25(30(21)39-27)26-14-24(34)15-29(38-26)33-8-10-36-11-9-33/h3-7,13-15,19-20H,8-12,16-18H2,1-2H3,(H,31,35)"
2.1847,10.528333333333334,"InChI=1S/C30H33N7O/c1-6-37-19-26(28(34-37)21-10-12-23(13-11-21)32-30(38)36(4)5)24-14-15-31-29-25(24)17-27(33-29)22-9-7-8-20(16-22)18-35(2)3/h7-17,19H,6,18H2,1-5H3,(H,31,33)(H,32,38)"
3.1229500000000003,12.33,"InChI=1S/C30H34N4O2/c1-4-20-16-23-24(17-26(20)34-9-7-21(8-10-34)33-11-13-36-14-12-33)30(2,3)29-27(28(23)35)22-6-5-19(18-31)15-25(22)32-29/h5-6,15-17,21,32H,4,7-14H2,1-3H3"
3.3257,12.661666666666669,"InChI=1S/C30H34N8/c31-29-33-30(32-24-13-10-20-11-14-25(15-12-22(20)18-24)37-16-3-4-17-37)36-38(29)27-19-23-8-5-7-21-6-1-2-9-26(21)28(23)35-34-27/h1-2,6,9-10,13,18-19,25H,3-5,7-8,11-12,14-17H2,(H3,31,32,33,36)"
4.86325,21.021666666666665,"InChI=1S/C30H36N2O2/c1-21(2)23-11-16-26(17-12-23)32(20-22-9-14-25(15-10-22)31(3)4)30(33)28-8-6-7-24-13-18-27(34-5)19-29(24)28/h9-19,21,28H,6-8,20H2,1-5H3"
3.3736,14.566666666666666,"InChI=1S/C30H37NO4/c1-18(32)30(35-19(2)33)15-14-27-25-12-8-21-16-23(34)11-13-24(21)28(25)26(17-29(27,30)3)20-6-9-22(10-7-20)31(4)5/h6-7,9-10,16,25-27H,8,11-15,17H2,1-5H3"
2.8394,11.558333333333334,"InChI=1S/C30H40ClN7O3S/c1-21(2)42(39,40)28-8-6-5-7-26(28)33-29-24(31)20-32-30(35-29)34-25-10-9-23(19-27(25)41-4)37-13-11-22(12-14-37)38-17-15-36(3)16-18-38/h5-10,19-22H,11-18H2,1-4H3,(H2,32,33,34,35)"
3.2081,11.521666666666668,"InChI=1S/C30H42O8/c1-16-24(32)25(33)26(34)27(37-16)38-19-8-11-28(2)18(14-19)5-6-22-21(28)9-12-29(3)20(10-13-30(22,29)35)17-4-7-23(31)36-15-17/h4,7,14-16,19-22,24-27,32-35H,5-6,8-13H2,1-3H3"
4.7852,19.195,"InChI=1S/C30H52O4/c1-25(2)12-9-13-30(8,34-25)18-10-15-28(6)23(18)19(31)16-21-27(5)14-11-22(33)26(3,4)24(27)20(32)17-29(21,28)7/h18-24,31-33H,9-17H2,1-8H3"
3.2687,13.336666666666668,"InChI=1S/C31H28ClN7O2/c1-39(2)16-6-11-28(40)35-21-14-12-20(13-15-21)30(41)36-22-7-5-8-23(17-22)37-31-34-19-26(32)29(38-31)25-18-33-27-10-4-3-9-24(25)27/h3-15,17-19,33H,16H2,1-2H3,(H,35,40)(H,36,41)(H,34,37,38)"
5.3972,20.64333333333333,"InChI=1S/C31H29N5O6S/c1-19-9-10-20(15-28(19)42-4)31(37)33-21-11-13-25(14-12-21)43(38,39)36-30-29(34-26-7-5-6-8-27(26)35-30)32-22-16-23(40-2)18-24(17-22)41-3/h5-18H,1-4H3,(H,32,34)(H,33,37)(H,35,36)"
2.6231,11.408333333333331,"InChI=1S/C31H31ClFN7O2/c1-2-39-15-17-40(18-16-39)28(41)19-21-7-11-24(12-8-21)36-31-34-20-26(33)29(38-31)35-23-13-9-22(10-14-23)30(42)37-27-6-4-3-5-25(27)32/h3-14,20H,2,15-19H2,1H3,(H,37,42)(H2,34,35,36,38)"
4.60215,19.666666666666668,"InChI=1S/C31H32N6O2/c1-2-9-25(10-3-1)37-21-32-28-29(33-23-13-15-24(16-14-23)36-17-19-38-20-18-36)34-31(35-30(28)37)39-27-12-6-8-22-7-4-5-11-26(22)27/h4-8,11-16,21,25H,1-3,9-10,17-20H2,(H,33,34,35)"
3.9725,14.385,"InChI=1S/C31H33ClN2O3/c1-20(2)28(34(17-7-16-33)31(36)23-12-10-21(3)11-13-23)30-26(18-22-8-5-4-6-9-22)29(35)25-15-14-24(32)19-27(25)37-30/h4-6,8-15,19-20,28H,7,16-18,33H2,1-3H3"
3.9682,15.313333333333333,"InChI=1S/C31H40N4O6/c1-5-8-24(22-11-14-25-26(19-22)40-20-39-25)32-30(38)35-28(37)31(6-2,7-3)29(35)41-23-12-9-21(10-13-23)27(36)34-17-15-33(4)16-18-34/h9-14,19,24,29H,5-8,15-18,20H2,1-4H3,(H,32,38)"
3.1239,13.248333333333331,"InChI=1S/C32H26N4O2/c1-21-33-28-19-20-36(29-14-8-7-13-27(29)30(28)34-21)32(38)23-15-17-24(18-16-23)35-31(37)26-12-6-5-11-25(26)22-9-3-2-4-10-22/h2-18H,19-20H2,1H3,(H,33,34)(H,35,37)"
3.1493,12.551666666666668,"InChI=1S/C32H29N5O2/c1-35-19-25(23-9-2-4-11-27(23)35)29-30(32(39)34-31(29)38)26-20-37(28-12-5-3-10-24(26)28)22-13-16-36(17-14-22)18-21-8-6-7-15-33-21/h2-12,15,19-20,22H,13-14,16-18H2,1H3,(H,34,38,39)"
3.38535,14.06,"InChI=1S/C32H32F3N5O2S/c1-3-39-10-12-40(13-11-39)20-23-8-9-26(17-27(23)32(33,34)35)37-30(41)22-7-6-21(2)28(16-22)38-31(42)25-15-24(18-36-19-25)29-5-4-14-43-29/h4-9,14-19H,3,10-13,20H2,1-2H3,(H,37,41)(H,38,42)"
3.4277,12.993333333333334,"InChI=1S/C32H32O13S/c1-37-19-6-13(7-20(38-2)25(19)33)23-14-8-17-18(42-12-41-17)9-15(14)28(16-10-39-30(36)24(16)23)44-32-27(35)26(34)29-21(43-32)11-40-31(45-29)22-4-3-5-46-22/h3-9,16,21,23-24,26-29,31-35H,10-12H2,1-2H3"
3.16425,13.116666666666667,"InChI=1S/C32H34Cl2N4O4S/c1-19-29(35-20(2)30(19)32(40)38-14-6-7-21(38)17-37-12-3-4-13-37)16-24-23-15-22(10-11-28(23)36-31(24)39)43(41,42)18-25-26(33)8-5-9-27(25)34/h5,8-11,15-16,21,35H,3-4,6-7,12-14,17-18H2,1-2H3,(H,36,39)"
2.3376,11.296666666666663,"InChI=1S/C32H37N5O5/c33-25(18-23-13-15-24(38)16-14-23)32(42)37-17-7-12-28(37)31(41)36-27(20-22-10-5-2-6-11-22)30(40)35-26(29(34)39)19-21-8-3-1-4-9-21/h1-6,8-11,13-16,25-28,38H,7,12,17-20,33H2,(H2,34,39)(H,35,40)(H,36,41)"
4.5498,19.77833333333333,"InChI=1S/C32H39NO2/c1-32(2,3)28-18-16-25(17-19-28)30(34)15-10-22-33-23-20-29(21-24-33)35-31(26-11-6-4-7-12-26)27-13-8-5-9-14-27/h4-9,11-14,16-19,29,31H,10,15,20-24H2,1-3H3"
3.189,13.83,"InChI=1S/C32H40BrN5O5/c1-16(2)12-24-29(40)37-11-7-10-25(37)32(42)38(24)30(41)31(43-32,17(3)4)35-28(39)18-13-20-19-8-6-9-22-26(19)21(27(33)34-22)14-23(20)36(5)15-18/h6,8-9,13,16-18,23-25,34,42H,7,10-12,14-15H2,1-5H3,(H,35,39)"
3.1544,12.698333333333332,"InChI=1S/C32H41N5O4S2/c1-20-16-26(41-7)25(30(40)37-14-12-36(13-15-37)22(3)38)17-27(20)42-28-19-34-31(43-28)35-29(39)24-10-8-23(9-11-24)18-33-21(2)32(4,5)6/h8-11,16-17,19,21,33H,12-15,18H2,1-7H3,(H,34,35,39)"
3.0792,12.611666666666668,"InChI=1S/C32H43N5O4/c1-21(2)19-28(38)36-18-17-25-15-16-27(37(25)32(41)26(20-36)34-30(39)22(3)33-4)31(40)35-29(23-11-7-5-8-12-23)24-13-9-6-10-14-24/h5-14,21-22,25-27,29,33H,15-20H2,1-4H3,(H,34,39)(H,35,40)"
2.3034,12.673333333333334,"InChI=1S/C32H44N2O8/c1-6-34-16-29(42-28(36)18-9-7-8-10-21(18)33-17(2)35)12-11-25(40-4)31-23(29)14-20(26(31)34)30(37)15-22(39-3)19-13-24(31)32(30,38)27(19)41-5/h7-10,19-20,22-27,37-38H,6,11-16H2,1-5H3,(H,33,35)"
5.1142,20.863333333333333,"InChI=1S/C32H47F5O3S/c1-30-17-15-26-25-12-11-24(38)21-23(25)20-22(29(26)27(30)13-14-28(30)39)10-7-5-3-2-4-6-8-18-41(40)19-9-16-31(33,34)32(35,36)37/h11-12,21-22,26-29,38-39H,2-10,13-20H2,1H3"
3.9126,14.12,"InChI=1S/C33H32N4O4/c38-27-15-13-23(14-16-27)19-29-32(40)35(21-26-11-6-10-25-9-4-5-12-28(25)26)22-30-36(18-17-31(39)37(29)30)33(41)34-20-24-7-2-1-3-8-24/h1-16,29-30,38H,17-22H2,(H,34,41)"
2.8078000000000003,10.468333333333334,"InChI=1S/C33H33N9O2/c43-30(42-18-16-41(17-19-42)27-5-2-24(3-6-27)32-35-11-1-12-36-32)22-40-15-10-25(21-40)33(44)37-26-4-7-29-28(20-26)31(39-38-29)23-8-13-34-14-9-23/h1-9,11-14,20,25H,10,15-19,21-22H2,(H,37,44)(H,38,39)"
4.13305,15.776666666666667,"InChI=1S/C33H34N4O6/c1-20(2)42-32(38)27-21(3)35-31(34)29(28(27)24-15-10-16-25(17-24)37(40)41)33(39)43-26-18-36(19-26)30(22-11-6-4-7-12-22)23-13-8-5-9-14-23/h4-17,20,26,28,30,35H,18-19,34H2,1-3H3"
3.8684,15.945,"InChI=1S/C33H35F3N6O3/c1-19(2)15-16-37-31(44)21-8-14-28-27(18-21)38-32(42(28)22-9-11-23(43)12-10-22)39-30-25-17-20(7-13-26(25)40-41-30)24-5-3-4-6-29(24)45-33(34,35)36/h3-8,13-14,17-19,22-23,43H,9-12,15-16H2,1-2H3,(H,37,44)(H2,38,39,40,41)"
2.5571,10.978333333333332,"InChI=1S/C33H37F2N7O4/c1-40-16-18-41(19-17-40)24-9-14-42(15-10-24)32(45)39-29-21-26(8-13-36-29)46-25-6-7-28(27(35)20-25)38-31(44)33(11-12-33)30(43)37-23-4-2-22(34)3-5-23/h2-8,13,20-21,24H,9-12,14-19H2,1H3,(H,37,43)(H,38,44)(H,36,39,45)"
2.70905,11.385,"InChI=1S/C33H37N5O5/c1-32(35-29(39)21-15-23-22-10-6-11-24-28(22)20(17-34-24)16-25(23)36(2)18-21)31(41)38-26(14-19-8-4-3-5-9-19)30(40)37-13-7-12-27(37)33(38,42)43-32/h3-6,8-11,17,21,23,25-27,34,42H,7,12-16,18H2,1-2H3,(H,35,39)"
3.3321,15.216666666666669,"InChI=1S/C33H40N2O9/c1-38-19-7-8-20-21-9-10-35-16-18-13-27(44-32(36)17-11-25(39-2)30(41-4)26(12-17)40-3)31(42-5)28(33(37)43-6)22(18)15-24(35)29(21)34-23(20)14-19/h7-8,11-12,14,18,22,24,27-28,31,34H,9-10,13,15-16H2,1-6H3"
2.772,11.15,"InChI=1S/C33H40O15/c1-13(2)5-10-17-19(45-33-28(42)26(40)23(37)20(12-34)46-33)11-18(35)21-24(38)31(48-32-27(41)25(39)22(36)14(3)44-32)29(47-30(17)21)15-6-8-16(43-4)9-7-15/h5-9,11,14,20,22-23,25-28,32-37,39-42H,10,12H2,1-4H3"
2.6898,11.166666666666666,"InChI=1S/C34H34F2N4O6/c1-43-30-20-25-27(21-31(30)45-16-2-13-40-14-17-44-18-15-40)37-12-9-28(25)46-29-8-7-24(19-26(29)36)39-33(42)34(10-11-34)32(41)38-23-5-3-22(35)4-6-23/h3-9,12,19-21H,2,10-11,13-18H2,1H3,(H,38,41)(H,39,42)"
2.4234,11.336666666666668,"InChI=1S/C34H38N6O5/c35-26(17-22-12-14-24(41)15-13-22)34(45)40-16-6-11-30(40)33(44)39-29(19-23-20-37-27-10-5-4-9-25(23)27)32(43)38-28(31(36)42)18-21-7-2-1-3-8-21/h1-5,7-10,12-15,20,26,28-30,37,41H,6,11,16-19,35H2,(H2,36,42)(H,38,43)(H,39,44)"
4.9181,20.918333333333333,"InChI=1S/C34H43N3O3/c1-29(2)10-12-34(28(40)37-15-14-36-20-37)13-11-33(7)26(22(34)18-29)23(38)16-25-31(5)17-21(19-35)27(39)30(3,4)24(31)8-9-32(25,33)6/h14-17,20,22,24,26H,8-13,18H2,1-7H3"
3.8775,14.356666666666666,"InChI=1S/C35H28F3N5O2/c1-2-32(44)42-15-13-41(14-16-42)31-11-9-26(19-28(31)35(36,37)38)43-33(45)12-8-24-20-40-30-10-7-22(18-27(30)34(24)43)25-17-23-5-3-4-6-29(23)39-21-25/h3-12,17-21H,2,13-16H2,1H3"
2.7584,11.701666666666666,"InChI=1S/C35H35FN6O3/c1-39-12-14-41(15-13-39)26-8-9-32(37-19-26)38-30-18-25(20-40(2)34(30)44)27-4-3-5-31(28(27)21-43)42-11-10-23-16-24(22-6-7-22)17-29(36)33(23)35(42)45/h3-5,8-11,16-20,22,43H,6-7,12-15,21H2,1-2H3,(H,37,38)"
4.7246,17.73166666666667,"InChI=1S/C35H38Cl2N8O4/c1-3-25(2)45-34(46)44(24-40-45)29-7-5-27(6-8-29)41-14-16-42(17-15-41)28-9-11-30(12-10-28)47-19-31-20-48-35(49-31,21-43-23-38-22-39-43)32-13-4-26(36)18-33(32)37/h4-13,18,22-25,31H,3,14-17,19-21H2,1-2H3"
4.0014,16.951666666666668,"InChI=1S/C35H38N4O6/c1-24-30(34(40)44-3)32(28-15-10-16-29(23-28)39(42)43)31(25(2)36-24)35(41)45-22-21-37-17-19-38(20-18-37)33(26-11-6-4-7-12-26)27-13-8-5-9-14-27/h4-16,23,32-33,36H,17-22H2,1-3H3"
3.6729,15.581666666666669,"InChI=1S/C35H42N2O11/c1-7-46-35(40)48-31-26(42-3)12-18(13-27(31)43-4)33(38)47-28-14-19-17-37-11-10-22-21-9-8-20(41-2)15-24(21)36-30(22)25(37)16-23(19)29(32(28)44-5)34(39)45-6/h8-9,12-13,15,19,23,25,28-29,32,36H,7,10-11,14,16-17H2,1-6H3"
4.074,16.776666666666667,"InChI=1S/C36H41N3O6/c1-24-31(34(40)44-6)33(28-18-13-19-29(22-28)39(42)43)32(25(2)37-24)35(41)45-36(3,4)23-38(5)21-20-30(26-14-9-7-10-15-26)27-16-11-8-12-17-27/h7-19,22,30,33,37H,20-21,23H2,1-6H3"
1.7973,10.648333333333332,"InChI=1S/C37H42N2O6/c1-38-15-13-26-20-36(43-4)37(44-5)22-29(26)30(38)16-23-6-9-27(10-7-23)45-35-18-24(8-11-32(35)40)17-31-28-21-33(41)34(42-3)19-25(28)12-14-39(31)2/h6-11,18-22,30-31,40-41H,12-17H2,1-5H3"
3.3076,12.955,"InChI=1S/C38H38N4O6/c1-45-33-18-25-14-16-42(23-28(25)19-34(33)46-2)15-13-24-9-11-29(12-10-24)40-38(44)30-20-35(47-3)36(48-4)21-32(30)41-37(43)27-17-26-7-5-6-8-31(26)39-22-27/h5-12,17-22H,13-16,23H2,1-4H3,(H,40,44)(H,41,43)"
2.69215,11.533333333333331,"InChI=1S/C40H37N5O/c1-3-11-29(12-4-1)27-44-36-17-9-7-15-34(36)42-39(44)32-19-21-33(22-20-32)46-28-38(30-23-25-41-26-24-30)45-37-18-10-8-16-35(37)43-40(45)31-13-5-2-6-14-31/h1-22,30,38,41H,23-28H2"
1.3889,10.733333333333333,"InChI=1S/C5H8N4O3S2/c1-3(10)7-4-9(2)8-5(13-4)14(6,11)12/h1-2H3,(H2,6,11,12)"
1.2138,10.85,"InChI=1S/C6H6N4/c7-10-6-4-2-1-3-5(6)8-9-10/h1-4H,7H2"
4.1601,16.753333333333334,"InChI=1S/C6HBr4N3/c7-1-2(8)4(10)6-5(3(1)9)11-13-12-6/h(H,11,12,13)"
1.63995,11.286666666666669,"InChI=1S/C7H10ClN3O3/c1-5-9-3-7(11(13)14)10(5)4-6(12)2-8/h3,6,12H,2,4H2,1H3"
1.2207,10.145,"InChI=1S/C7H11N3O3/c1-5(11)4-9-6(2)8-3-7(9)10(12)13/h3,5,11H,4H2,1-2H3"
2.478,12.421666666666663,"InChI=1S/C7H5IN2O3/c8-5-2-1-4(7(9)11)3-6(5)10(12)13/h1-3H,(H2,9,11)"
0.6455,9.515,"InChI=1S/C8H10FN3O3S/c9-4-1-12(8(14)11-7(4)10)5-3-16-6(2-13)15-5/h1,5-6,13H,2-3H2,(H2,10,11,14)"
1.5236,10.885,"InChI=1S/C8H10FNO2S/c9-13(11,12)8-3-1-7(2-4-8)5-6-10/h1-4H,5-6,10H2"
1.8829,7.373333333333333,"InChI=1S/C8H10IN3/c9-7-3-1-2-6(4-7)5-12-8(10)11/h1-4H,5H2,(H4,10,11,12)"
0.5767,1.5766666666666669,"InChI=1S/C8H11N5/c9-7(10)13-8(11)12-6-4-2-1-3-5-6/h1-5H,(H6,9,10,11,12,13)"
0.5974,1.5833333333333333,"InChI=1S/C8H19NO/c1-7(9)5-4-6-8(2,3)10/h7,10H,4-6,9H2,1-3H3"
0.6653,9.67,"InChI=1S/C9H11N5O/c10-8-7-9(12-4-11-8)14(5-13-7)6-2-1-3-15-6/h4-6H,1-3H2,(H2,10,11,12)"
0.6307,9.368333333333334,"InChI=1S/C9H12N2O4S/c12-7-2-1-5(10-7)8(13)11-4-16-3-6(11)9(14)15/h5-6H,1-4H2,(H,10,12)(H,14,15)"
0.4946,8.543333333333333,"InChI=1S/C9H12N6O4/c10-7-4-8(12-2-11-7)15(14-13-4)9-6(18)5(17)3(1-16)19-9/h2-3,5-6,9,16-18H,1H2,(H2,10,11,12)"
1.2215,14.233333333333333,"InChI=1S/C9H15N5O3/c1-3(15)6(16)4-2-11-7-5(12-4)8(17)14-9(10)13-7/h3-4,6,12,15-16H,2H2,1H3,(H4,10,11,13,14,17)"
4.1365,17.075,"InChI=1S/C9H5Cl2NO/c10-6-4-7(11)9(13)8-5(6)2-1-3-12-8/h1-4,13H"
2.0435,11.893333333333334,"InChI=1S/C9H7Cl2N5/c10-4-1-2-6(11)5(3-4)7-14-8(12)16-9(13)15-7/h1-3H,(H4,12,13,14,15,16)"
1.0735,9.726666666666668,"InChI=1S/C9H7NO2/c11-8-3-1-2-7-6(8)4-5-10-9(7)12/h1-5,11H,(H,10,12)"
2.1973,11.73,"InChI=1S/C9H8ClN5/c10-6-1-3-7(4-2-6)14-9-13-5-12-8(11)15-9/h1-5H,(H3,11,12,13,14,15)"
