rt_source,rt_target,compound_id
5.239999999999999,5.24,"InChI=1S/C10H10N4O/c1-7-12-13-9(10(15)14(7)11)8-5-3-2-4-6-8/h2-6H,11H2,1H3"
3.48,3.48,"InChI=1S/C10H10N4O2S/c11-8-2-4-9(5-3-8)17(15,16)14-10-12-6-1-7-13-10/h1-7H,11H2,(H,12,13,14)"
6.63,6.63,"InChI=1S/C10H10O4/c1-13-9(11)7-5-3-4-6-8(7)10(12)14-2/h3-6H,1-2H3"
4.6,4.6,"InChI=1S/C10H11N3O3S/c1-7-6-10(12-16-7)13-17(14,15)9-4-2-8(11)3-5-9/h2-6H,11H2,1H3,(H,12,13)"
8.26,8.26,"InChI=1S/C10H11N3OS/c1-11-9(14)13(2)10-12-7-5-3-4-6-8(7)15-10/h3-6H,1-2H3,(H,11,14)"
4.01,4.01,"InChI=1S/C10H11N5O/c1-8-7-15(10(16)14-13-8)12-6-9-3-2-4-11-5-9/h2-6H,7H2,1H3,(H,14,16)"
3.81,3.81,"InChI=1S/C10H11NO2/c11-8-1-6-3-9-10(13-5-12-9)4-7(6)2-8/h3-4,8H,1-2,5,11H2"
3.28,3.28,"InChI=1S/C10H12N2/c1-2-4-9(5-3-1)8-10-11-6-7-12-10/h1-5H,6-8H2,(H,11,12)"
2.68,2.68,"InChI=1S/C10H12N2/c1-2-7-12-10(5-1)9-4-3-6-11-8-9/h1-4,6,8,10,12H,5,7H2"
3.75,3.75,"InChI=1S/C10H12N2O/c1-12-9(4-5-10(12)13)8-3-2-6-11-7-8/h2-3,6-7,9H,4-5H2,1H3"
3.1300000000000003,3.13,"InChI=1S/C10H12N2O2/c1-12-8(5-9(13)10(12)14)7-3-2-4-11-6-7/h2-4,6,8-9,13H,5H2,1H3"
5.22,5.22,"InChI=1S/C10H12N2O3S/c1-7(2)12-10(13)8-5-3-4-6-9(8)11-16(12,14)15/h3-7,11H,1-2H3"
8.889999999999999,8.89,"InChI=1S/C10H12N3O3PS2/c1-15-17(18,16-2)19-7-13-10(14)8-5-3-4-6-9(8)11-12-13/h3-6H,7H2,1-2H3"
5.63,5.63,"InChI=1S/C10H12O5/c1-2-6(11)9-7(12)3-5(10(14)15)4-8(9)13/h5,9H,2-4H2,1H3,(H,14,15)"
4.39,4.39,"InChI=1S/C10H13N3/c11-10(12)13-6-5-8-3-1-2-4-9(8)7-13/h1-4H,5-7H2,(H3,11,12)"
4.569999999999999,4.57,"InChI=1S/C10H13N3O2/c11-10(12)13-5-7-6-14-8-3-1-2-4-9(8)15-7/h1-4,7H,5-6H2,(H4,11,12,13)"
4.5600000000000005,4.56,"InChI=1S/C10H13N5O4/c1-5-3-15(10(18)12-9(5)17)8-2-6(13-14-11)7(4-16)19-8/h3,6-8,16H,2,4H2,1H3,(H,12,17,18)"
3.14,3.14,"InChI=1S/C10H13N5O4/c11-8-5-9(13-2-12-8)15(3-14-5)10-7(18)6(17)4(1-16)19-10/h2-4,6-7,10,16-18H,1H2,(H2,11,12,13)"
3.68,3.68,"InChI=1S/C10H13NO/c1-8(11-2)10(12)9-6-4-3-5-7-9/h3-8,11H,1-2H3"
5.59,5.59,"InChI=1S/C10H13NO2/c1-3-11-10(12)8-4-6-9(13-2)7-5-8/h4-7H,3H2,1-2H3,(H,11,12)"
5.930000000000001,5.93,"InChI=1S/C10H13NO2/c1-3-13-10-6-4-9(5-7-10)11-8(2)12/h4-7H,3H2,1-2H3,(H,11,12)"
7.14,7.14,"InChI=1S/C10H13NO2/c1-7(2)11-10(13)8-5-3-4-6-9(8)12/h3-7,12H,1-2H3,(H,11,13)"
7.78,7.78,"InChI=1S/C10H13NO2/c1-7-4-8(2)6-9(5-7)13-10(12)11-3/h4-6H,1-3H3,(H,11,12)"
8.110000000000001,8.11,"InChI=1S/C10H13NO2/c1-8(2)13-10(12)11-9-6-4-3-5-7-9/h3-8H,1-2H3,(H,11,12)"
2.41,2.41,"InChI=1S/C10H14N2/c1-12-7-3-5-10(12)9-4-2-6-11-8-9/h2,4,6,8,10H,3,5,7H2,1H3"
4.44,4.44,"InChI=1S/C10H14N2/c1-8-4-5-10(9(2)6-8)12-7-11-3/h4-7H,1-3H3,(H,11,12)"
4.64,4.64,"InChI=1S/C10H14N2O/c1-3-12(4-2)10(13)9-6-5-7-11-8-9/h5-8H,3-4H2,1-2H3"
7.760000000000001,7.76,"InChI=1S/C10H14N2O/c1-7(2)8-3-5-9(6-4-8)12-10(11)13/h3-7H,1-2H3,(H3,11,12,13)"
4.11,4.11,"InChI=1S/C10H14N2O4S2/c11-18(15,16)10-5-3-9(4-6-10)12-7-1-2-8-17(12,13)14/h3-6H,1-2,7-8H2,(H2,11,15,16)"
4.34,4.34,"InChI=1S/C10H14N4O3/c1-6(15)4-14-5-11-8-7(14)9(16)13(3)10(17)12(8)2/h5-6,15H,4H2,1-3H3"
3.76,3.76,"InChI=1S/C10H14N4O4/c1-12-8-7(9(17)13(2)10(12)18)14(5-11-8)3-6(16)4-15/h5-6,15-16H,3-4H2,1-2H3"
10.71,10.71,"InChI=1S/C10H14NO5PS/c1-3-14-17(18,15-4-2)16-10-7-5-9(6-8-10)11(12)13/h5-8H,3-4H2,1-2H3"
8.01,8.01,"InChI=1S/C10H14NO6P/c1-3-15-18(14,16-4-2)17-10-7-5-9(6-8-10)11(12)13/h5-8H,3-4H2,1-2H3"
5.11,5.11,"InChI=1S/C10H14O4/c1-13-9-4-2-3-5-10(9)14-7-8(12)6-11/h2-5,8,11-12H,6-7H2,1H3"
4.64,4.64,"InChI=1S/C10H15N/c1-10(2,11)8-9-6-4-3-5-7-9/h3-7H,8,11H2,1-2H3"
5.17,5.17,"InChI=1S/C10H15N/c1-8-4-3-5-10(6-8)7-9(2)11/h3-6,9H,7,11H2,1-2H3"
5.17,5.17,"InChI=1S/C10H15N/c1-8-5-3-4-6-10(8)7-9(2)11/h3-6,9H,7,11H2,1-2H3"
4.21,4.21,"InChI=1S/C10H15N/c1-9(11-2)8-10-6-4-3-5-7-10/h3-7,9,11H,8H2,1-2H3"
3.97,3.97,"InChI=1S/C10H15N3/c1-11-10(12-2)13-8-9-6-4-3-5-7-9/h3-7H,8H2,1-2H3,(H2,11,12,13)"
1.38,1.38,"InChI=1S/C10H15N3O5/c11-6(4-14)10(18)13-12-3-5-1-2-7(15)9(17)8(5)16/h1-2,6,12,14-17H,3-4,11H2,(H,13,18)"
6.64,6.64,"InChI=1S/C10H15N5/c1-4-14(5-2)9-6-8(3)13-10-11-7-12-15(9)10/h6-7H,4-5H2,1-3H3"
4.38,4.38,"InChI=1S/C10H15N5/c11-9(12)15-10(13)14-7-6-8-4-2-1-3-5-8/h1-5H,6-7H2,(H6,11,12,13,14,15)"
2.98,2.98,"InChI=1S/C10H15N5O3/c11-10-13-8-7(9(18)14-10)12-5-15(8)2-1-6(3-16)4-17/h5-6,16-17H,1-4H2,(H3,11,13,14,18)"
2.28,2.28,"InChI=1S/C10H15NO/c1-11(2)8-7-9-3-5-10(12)6-4-9/h3-6,12H,7-8H2,1-2H3"
4.34,4.34,"InChI=1S/C10H15NO/c1-8(11)7-9-3-5-10(12-2)6-4-9/h3-6,8H,7,11H2,1-2H3"
3.76,3.7249999999999996,"InChI=1S/C10H15NO/c1-8(11-2)10(12)9-6-4-3-5-7-9/h3-8,10-12H,1-2H3"
4.430000000000001,4.43,"InChI=1S/C10H15NO2/c1-12-9-3-4-10(13-2)8(7-9)5-6-11/h3-4,7H,5-6,11H2,1-2H3"
3.53,3.53,"InChI=1S/C10H15NO2/c1-12-9-4-3-8(5-6-11)7-10(9)13-2/h3-4,7H,5-6,11H2,1-2H3"
2.66,2.66,"InChI=1S/C10H15NO2/c1-2-11-7-10(13)8-4-3-5-9(12)6-8/h3-6,10-13H,2,7H2,1H3"
2.05,2.05,"InChI=1S/C10H15NO2/c1-7(11-2)10(13)8-3-5-9(12)6-4-8/h3-7,10-13H,1-2H3"
2.5900000000000003,2.59,"InChI=1S/C10H15NO2/c1-7(11-2)5-8-3-4-9(12)10(13)6-8/h3-4,6-7,11-13H,5H2,1-2H3"
5.239999999999999,5.24,"InChI=1S/C10H15NS/c1-8(11)7-9-3-5-10(12-2)6-4-9/h3-6,8H,7,11H2,1-2H3"
11.02,11.02,"InChI=1S/C10H15O3PS2/c1-8-7-9(5-6-10(8)16-4)13-14(15,11-2)12-3/h5-7H,1-4H3"
8.82,8.82,"InChI=1S/C10H15O4PS/c1-8-7-9(5-6-10(8)16-4)14-15(11,12-2)13-3/h5-7H,1-4H3"
7.28,7.28,"InChI=1S/C10H15O4PS2/c1-8-7-9(5-6-10(8)17(4)11)14-15(16,12-2)13-3/h5-7H,1-4H3"
7.569999999999999,7.57,"InChI=1S/C10H15O5PS2/c1-8-7-9(15-16(17,13-2)14-3)5-6-10(8)18(4,11)12/h5-7H,1-4H3"
11.05,11.05,"InChI=1S/C10H15OPS2/c1-3-11-12(13,4-2)14-10-8-6-5-7-9-10/h5-9H,3-4H2,1-2H3"
4.4,4.4,"InChI=1S/C10H16N2O/c1-2-7(1)9(8-3-4-8)12-10-11-5-6-13-10/h7-9H,1-6H2,(H,11,12)"
2.54,2.54,"InChI=1S/C10H16N2O3S/c1-11-7-10(13)8-4-3-5-9(6-8)12-16(2,14)15/h3-6,10-13H,7H2,1-2H3"
4.44,4.44,"InChI=1S/C10H16N2O3S/c13-8(14)4-2-1-3-7-9-6(5-16-7)11-10(15)12-9/h6-7,9H,1-5H2,(H,13,14)(H2,11,12,15)"
3.19,3.19,"InChI=1S/C10H16N2O4S3/c1-3-12-8-4-6(2)18(13,14)10-7(8)5-9(17-10)19(11,15)16/h5-6,8,12H,3-4H2,1-2H3,(H2,11,15,16)"
5.89,5.89,"InChI=1S/C10H16N4O2/c1-6-7(2)12-9(11-3)13-8(6)16-10(15)14(4)5/h1-5H3,(H,11,12,13)"
3.24,3.24,"InChI=1S/C10H16N6S/c1-8-9(16-7-15-8)5-17-4-3-13-10(12-2)14-6-11/h7H,3-5H2,1-2H3,(H,15,16)(H2,12,13,14)"
7.989999999999999,7.99,"InChI=1S/C10H16NO5PS2/c1-11(2)19(12,13)10-7-5-9(6-8-10)16-17(18,14-3)15-4/h5-8H,1-4H3"
4.86,4.86,"InChI=1S/C10H17N/c11-10-4-7-1-8(5-10)3-9(2-7)6-10/h7-9H,1-6,11H2"
10.96,10.96,"InChI=1S/C10H17N2O4PS/c1-5-8-11-9(15-6-2)7-10(12-8)16-17(18,13-3)14-4/h7H,5-6H2,1-4H3"
2.64,2.64,"InChI=1S/C10H17N3S/c1-2-5-12-7-3-4-8-9(6-7)14-10(11)13-8/h7,12H,2-6H2,1H3,(H2,11,13)"
9.68,9.68,"InChI=1S/C10H17N7O11S2/c11-6-14-5-3(2-27-8(18)16-29(21,22)23)13-7(12)17-1-4(28-30(24,25)26)10(19,20)9(5,17)15-6/h3-5,19-20H,1-2H2,(H2,12,13)(H,16,18)(H3,11,14,15)(H,21,22,23)(H,24,25,26)"
1.38,1.38,"InChI=1S/C10H17NO3/c1-11-6-3-4-7(11)9(8(12)5-6)10(13)14-2/h6-9,12H,3-5H2,1-2H3"
7.64,7.64,InChI=1S/C10H18N4O4S3/c1-7(19-5)11-17-9(15)13(3)21-14(4)10(16)18-12-8(2)20-6/h1-6H3
8.79,8.79,"InChI=1S/C10H19N5O/c1-5-7(3)12-9-13-8(11-6-2)14-10(15-9)16-4/h7H,5-6H2,1-4H3,(H2,11,12,13,14,15)"
8.860000000000001,8.86,"InChI=1S/C10H19N5O/c1-6(2)11-8-13-9(12-7(3)4)15-10(14-8)16-5/h6-7H,1-5H3,(H2,11,12,13,14,15)"
9.16,9.16,"InChI=1S/C10H19N5O/c1-6-11-7-12-8(15-10(2,3)4)14-9(13-7)16-5/h6H2,1-5H3,(H2,11,12,13,14,15)"
10.06,10.06,"InChI=1S/C10H19N5S/c1-6(2)11-8-13-9(12-7(3)4)15-10(14-8)16-5/h6-7H,1-5H3,(H2,11,12,13,14,15)"
10.23,10.23,"InChI=1S/C10H19N5S/c1-6-11-7-12-8(15-10(2,3)4)14-9(13-7)16-5/h6H2,1-5H3,(H2,11,12,13,14,15)"
9.59,9.59,"InChI=1S/C10H19O6PS2/c1-5-15-9(11)7-8(10(12)16-6-2)19-17(18,13-3)14-4/h8H,5-7H2,1-4H3"
7.010000000000001,7.01,"InChI=1S/C10H19O7PS/c1-5-16-9(11)7-8(10(12)17-6-2)19-18(13,14-3)15-4/h8H,5-7H2,1-4H3"
9.79,9.79,"InChI=1S/C10H20NO4PS/c1-6-11-16(17,13-5)15-9(4)7-10(12)14-8(2)3/h7-8H,6H2,1-5H3,(H,11,17)"
10.16,10.16,"InChI=1S/C10H20NO5PS2/c1-5-14-10(13)11(4)9(12)8-19-17(18,15-6-2)16-7-3/h5-8H2,1-4H3"
5.739999999999999,5.74,"InChI=1S/C10H21N/c1-9(11-2)8-10-6-4-3-5-7-10/h9-11H,3-8H2,1-2H3"
3.16,3.16,"InChI=1S/C10H21N3O/c1-4-12(5-2)10(14)13-8-6-11(3)7-9-13/h4-9H2,1-3H3"
11.48,11.48,"InChI=1S/C10H21NOS/c1-4-7-11(8-5-2)10(12)13-9-6-3/h4-9H2,1-3H3"
11.51,11.51,"InChI=1S/C10H21NOS/c1-4-7-8-11(6-3)10(12)13-9-5-2/h4-9H2,1-3H3"
11.49,11.49,"InChI=1S/C10H23O2PS2/c1-6-9(4)14-13(11,12-8-3)15-10(5)7-2/h9-10H,6-8H2,1-5H3"
1.93,1.93,"InChI=1S/C10H24N2O2/c1-3-9(7-13)11-5-6-12-10(4-2)8-14/h9-14H,3-8H2,1-2H3"
6.15,6.15,"InChI=1S/C10H7N3S/c1-2-4-8-7(3-1)12-10(13-8)9-5-14-6-11-9/h1-6H,(H,12,13)"
5.44,5.44,"InChI=1S/C10H8O3S/c11-14(12,13)10-6-5-8-3-1-2-4-9(8)7-10/h1-7H,(H,11,12,13)"
5.29,5.29,"InChI=1S/C10H9N3O/c1-7-11-10(14)9(13-12-7)8-5-3-2-4-6-8/h2-6H,1H3,(H,11,12,14)"
2.8800000000000003,2.88,"InChI=1S/C10H9N3O/c11-9-5-8(6-13-10(9)14)7-1-3-12-4-2-7/h1-6H,11H2,(H,13,14)"
5.0600000000000005,5.06,"InChI=1S/C11H10O3/c12-10-7-14-11(13)9(10)6-8-4-2-1-3-5-8/h1-5,12H,6-7H2"
3.8,3.8,"InChI=1S/C11H11N3O2S/c12-9-4-6-10(7-5-9)17(15,16)14-11-3-1-2-8-13-11/h1-8H,12H2,(H,13,14)"
4.24,4.24,"InChI=1S/C11H11N3O3S2/c1-8(15)13-9-2-4-10(5-3-9)19(16,17)14-11-12-6-7-18-11/h2-7H,1H3,(H,12,14)(H,13,15)"
8.49,8.49,"InChI=1S/C11H11N5/c12-10-7-6-9(11(13)14-10)16-15-8-4-2-1-3-5-8/h1-7H,(H4,12,13,14)"
3.56,3.56,"InChI=1S/C11H11NO4S/c1-2-16-9-5-6-10(17(13,14)15)8-4-3-7-12-11(8)9/h3-7H,2H2,1H3,(H,13,14,15)"
4.63,4.63,"InChI=1S/C11H12N2O/c1-9-8-11(14)13(12(9)2)10-6-4-3-5-7-10/h3-8H,1-2H3"
3.68,3.68,"InChI=1S/C11H12N2S/c1-2-4-9(5-3-1)10-8-13-6-7-14-11(13)12-10/h1-5,10H,6-8H2"
3.95,3.95,"InChI=1S/C11H12N4O2S/c1-8-6-7-13-11(14-8)15-18(16,17)10-4-2-9(12)3-5-10/h2-7H,12H2,1H3,(H,13,14,15)"
4.44,4.44,"InChI=1S/C11H12N4O3S/c1-18-11-10(13-6-7-14-11)15-19(16,17)9-4-2-8(12)3-5-9/h2-7H,12H2,1H3,(H,13,15)"
4.75,4.75,"InChI=1S/C11H12N4O3S/c1-18-11-6-10(13-7-14-11)15-19(16,17)9-4-2-8(12)3-5-9/h2-7H,12H2,1H3,(H,13,14,15)"
4.38,4.38,"InChI=1S/C11H12N4O3S/c1-18-11-7-6-10(13-14-11)15-19(16,17)9-4-2-8(12)3-5-9/h2-7H,12H2,1H3,(H,13,15)"
4.180000000000001,4.18,"InChI=1S/C11H12N4O3S/c1-18-9-6-13-11(14-7-9)15-19(16,17)10-4-2-8(12)3-5-10/h2-7H,12H2,1H3,(H,13,14,15)"
8.94,8.94,"InChI=1S/C11H12NO4PS2/c1-15-17(18,16-2)19-7-12-10(13)8-5-3-4-6-9(8)11(12)14/h3-6H,7H2,1-2H3"
4.69,4.69,"InChI=1S/C11H13N3O/c1-8-10(12)11(15)14(13(8)2)9-6-4-3-5-7-9/h3-7H,12H2,1-2H3"
4.71,4.71,"InChI=1S/C11H13N3O3S/c1-7-8(2)13-17-11(7)14-18(15,16)10-5-3-9(12)4-6-10/h3-6,14H,12H2,1-2H3"
4.11,4.11,"InChI=1S/C11H13N3O3S/c1-7-8(2)17-11(13-7)14-18(15,16)10-5-3-9(12)4-6-10/h3-6H,12H2,1-2H3,(H,13,14)"
4.79,4.79,"InChI=1S/C11H13NO/c1-8(12)6-9-2-3-11-10(7-9)4-5-13-11/h2-5,7-8H,6,12H2,1H3"
4.319999999999999,4.32,"InChI=1S/C11H13NO2/c12-9-2-1-7-4-10-11(14-6-13-10)5-8(7)3-9/h4-5,9H,1-3,6,12H2"
3.81,3.81,"InChI=1S/C11H13NO3/c1-7(12-2)11(13)8-3-4-9-10(5-8)15-6-14-9/h3-5,7,12H,6H2,1-2H3"
5.13,5.13,"InChI=1S/C11H13NO3/c1-8(2)12(10(13)11(14)15)9-6-4-3-5-7-9/h3-8H,1-2H3,(H,14,15)"
7.02,7.02,"InChI=1S/C11H13NO4/c1-11(2)15-8-6-4-5-7(9(8)16-11)14-10(13)12-3/h4-6H,1-3H3,(H,12,13)"
5.16,5.16,"InChI=1S/C11H13NO4/c1-12-11(13)16-9-5-3-2-4-8(9)10-14-6-7-15-10/h2-5,10H,6-7H2,1H3,(H,12,13)"
4.069999999999999,4.07,"InChI=1S/C11H14N2/c1-8(12)6-9-2-3-11-10(7-9)4-5-13-11/h2-5,7-8,13H,6,12H2,1H3"
4.44,4.44,"InChI=1S/C11H14N2/c1-8(12)6-9-7-13-11-5-3-2-4-10(9)11/h2-5,7-8,13H,6,12H2,1H3"
3.14,3.14,"InChI=1S/C11H15N3O2/c1-12-11(15)16-10-6-4-5-9(7-10)13-8-14(2)3/h4-8H,1-3H3,(H,12,15)"
4.26,4.26,"InChI=1S/C11H15NO/c1-3-10(12-2)11(13)9-7-5-4-6-8-9/h4-8,10,12H,3H2,1-2H3"
4.489999999999999,4.49,"InChI=1S/C11H15NO/c1-8-4-6-10(7-5-8)11(13)9(2)12-3/h4-7,9,12H,1-3H3"
3.64,3.64,"InChI=1S/C11H15NO/c1-9(12(2)3)11(13)10-7-5-4-6-8-10/h4-9H,1-3H3"
4.14,4.14,"InChI=1S/C11H15NO/c1-9-11(13-8-7-12-9)10-5-3-2-4-6-10/h2-6,9,11-12H,7-8H2,1H3"
4.73,4.73,"InChI=1S/C11H15NO2/c1-2-9(12)5-8-3-4-10-11(6-8)14-7-13-10/h3-4,6,9H,2,5,7,12H2,1H3"
8.1,8.1,"InChI=1S/C11H15NO2/c1-7-5-10(14-11(13)12-4)6-8(2)9(7)3/h5-6H,1-4H3,(H,12,13)"
4.16,4.16,"InChI=1S/C11H15NO2/c1-8(12-2)11(13)9-4-6-10(14-3)7-5-9/h4-8,12H,1-3H3"
4.180000000000001,4.18,"InChI=1S/C11H15NO2/c1-8(12-2)5-9-3-4-10-11(6-9)14-7-13-10/h3-4,6,8,12H,5,7H2,1-2H3"
8.12,8.12,"InChI=1S/C11H15NO2/c1-8(2)9-6-4-5-7-10(9)14-11(13)12-3/h4-8H,1-3H3,(H,12,13)"
7.7,7.7,"InChI=1S/C11H15NO2S/c1-3-15-8-9-6-4-5-7-10(9)14-11(13)12-2/h4-7H,3,8H2,1-2H3,(H,12,13)"
9.34,9.34,"InChI=1S/C11H15NO2S/c1-7-5-9(14-11(13)12-3)6-8(2)10(7)15-4/h5-6H,1-4H3,(H,12,13)"
4.7,4.7,"InChI=1S/C11H15NO3S/c1-3-16(14)8-9-6-4-5-7-10(9)15-11(13)12-2/h4-7H,3,8H2,1-2H3,(H,12,13)"
4.86,4.86,"InChI=1S/C11H15NO3S/c1-7-5-9(15-11(13)12-3)6-8(2)10(7)16(4)14/h5-6H,1-4H3,(H,12,13)"
4.63,4.63,"InChI=1S/C11H15NO4S/c1-3-17(14,15)8-9-6-4-5-7-10(9)16-11(13)12-2/h4-7H,3,8H2,1-2H3,(H,12,13)"
5.28,5.28,"InChI=1S/C11H15NO4S/c1-7-5-9(16-11(13)12-3)6-8(2)10(7)17(4,14)15/h5-6H,1-4H3,(H,12,13)"
5.46,5.46,"InChI=1S/C11H15NO4S/c1-9(2)12(10-6-4-3-5-7-10)11(13)8-17(14,15)16/h3-7,9H,8H2,1-2H3,(H,14,15,16)"
5.21,5.21,"InChI=1S/C11H15NO5/c1-15-9-4-2-3-5-10(9)16-6-8(13)7-17-11(12)14/h2-5,8,13H,6-7H2,1H3,(H2,12,14)"
4.23,4.23,"InChI=1S/C11H16N2/c1-2-4-11(5-3-1)10-13-8-6-12-7-9-13/h1-5,12H,6-10H2"
2.74,2.74,"InChI=1S/C11H16N2O2/c1-3-10-8(6-15-11(10)14)4-9-5-12-7-13(9)2/h5,7-8,10H,3-4,6H2,1-2H3"
5.15,5.15,"InChI=1S/C11H16N2O2/c1-8-7-9(15-11(14)12-2)5-6-10(8)13(3)4/h5-7H,1-4H3,(H,12,14)"
8.32,8.32,"InChI=1S/C11H16NO4PS/c1-8(2)15-11(13)9-6-4-5-7-10(9)16-17(12,18)14-3/h4-8H,1-3H3,(H2,12,18)"
4.4,4.4,"InChI=1S/C11H17N/c1-3-12-10(2)9-11-7-5-4-6-8-11/h4-8,10,12H,3,9H2,1-2H3"
5.36,5.36,"InChI=1S/C11H17N3O3S/c1-2-3-8-13-11(15)14-18(16,17)10-6-4-9(12)5-7-10/h4-7H,2-3,8,12H2,1H3,(H2,13,14,15)"
4.94,4.94,"InChI=1S/C11H17N5O3/c1-13(5-6-17)10-12-8-7(14(10)2)9(18)16(4)11(19)15(8)3/h17H,5-6H2,1-4H3"
5.59,5.59,"InChI=1S/C11H17NO/c1-8-5-4-6-9(2)11(8)13-7-10(3)12/h4-6,10H,7,12H2,1-3H3"
3.73,3.73,"InChI=1S/C11H17NO/c1-9(12(2)3)11(13)10-7-5-4-6-8-10/h4-9,11,13H,1-3H3"
4.69,4.69,"InChI=1S/C11H17NO/c1-9(12-2)8-10-6-4-5-7-11(10)13-3/h4-7,9,12H,8H2,1-3H3"
3.94,3.94,"InChI=1S/C11H17NO2/c1-8(12)6-9-4-5-10(13-2)11(7-9)14-3/h4-5,7-8H,6,12H2,1-3H3"
4.78,4.78,"InChI=1S/C11H17NO2/c1-8(12)6-9-7-10(13-2)4-5-11(9)14-3/h4-5,7-8H,6,12H2,1-3H3"
3.19,3.19,"InChI=1S/C11H17NO2/c1-8(12-2)6-9-4-5-10(13)11(7-9)14-3/h4-5,7-8,12-13H,6H2,1-3H3"
5.34,5.34,"InChI=1S/C11H17NO2/c1-8-6-11(14-3)9(4-5-12)7-10(8)13-2/h6-7H,4-5,12H2,1-3H3"
3.88,3.88,"InChI=1S/C11H17NO3/c1-13-9-6-8(4-5-12)7-10(14-2)11(9)15-3/h6-7H,4-5,12H2,1-3H3"
1.99,1.99,"InChI=1S/C11H17NO3/c1-3-12-7(2)11(15)8-4-5-9(13)10(14)6-8/h4-7,11-15H,3H2,1-2H3"
8.27,8.27,"InChI=1S/C11H17O4PS2/c1-4-13-16(17,14-5-2)15-10-6-8-11(9-7-10)18(3)12/h6-9H,4-5H2,1-3H3"
8.48,8.48,"InChI=1S/C11H17O5PS2/c1-4-14-17(18,15-5-2)16-10-6-8-11(9-7-10)19(3,12)13/h6-9H,4-5H2,1-3H3"
7.77,7.77,InChI=1S/C11H18N4O2/c1-7-8(2)12-10(14(3)4)13-9(7)17-11(16)15(5)6/h1-6H3
8,8,"InChI=1S/C11H19N3O/c1-4-6-7-9-8(3)13-11(12-5-2)14-10(9)15/h4-7H2,1-3H3,(H2,12,13,14,15)"
7.7,7.7,"InChI=1S/C11H19N3O/c1-5-6-7-9-8(2)12-11(14(3)4)13-10(9)15/h5-7H2,1-4H3,(H,12,13,15)"
10.49,10.49,"InChI=1S/C11H19N5S/c1-11(2,3)16-9-13-8(12-7-5-6-7)14-10(15-9)17-4/h7H,5-6H2,1-4H3,(H2,12,13,14,15,16)"
11.35,11.35,"InChI=1S/C11H20N3O3PS/c1-6-14(7-2)11-12-9(3)8-10(13-11)17-18(19,15-4)16-5/h8H,6-7H2,1-5H3"
9.14,9.14,"InChI=1S/C11H21N5OS/c1-8(2)13-10-14-9(12-6-5-7-17-3)15-11(16-10)18-4/h8H,5-7H2,1-4H3,(H2,12,13,14,15,16)"
11.65,11.65,"InChI=1S/C11H21NOS/c1-3-12(11(13)14-4-2)10-8-6-5-7-9-10/h10H,3-9H2,1-2H3"
8.47,8.47,"InChI=1S/C11H22N2O/c1-13(2)11(14)12-10-8-6-4-3-5-7-9-10/h10H,3-9H2,1-2H3,(H,12,14)"
11.96,11.96,"InChI=1S/C11H23NOS/c1-6-14-11(13)12(7-9(2)3)8-10(4)5/h9-10H,6-8H2,1-5H3"
6.48,6.48,"InChI=1S/C11H8N2O/c1-2-5-9-8(4-1)12-11(13-9)10-6-3-7-14-10/h1-7H,(H,12,13)"
5.319999999999999,5.32,"InChI=1S/C12H10N2O5/c1-2-14-7-4-9-8(18-5-19-9)3-6(7)11(15)10(13-14)12(16)17/h3-4H,2,5H2,1H3,(H,16,17)"
7.760000000000001,7.76,"InChI=1S/C12H10O2/c13-12(14)8-10-6-3-5-9-4-1-2-7-11(9)10/h1-7H,8H2,(H,13,14)"
10.06,10.06,"InChI=1S/C12H11N/c1-3-7-11(8-4-1)13-12-9-5-2-6-10-12/h1-10,13H"
4.680000000000001,4.68,"InChI=1S/C12H11N7/c13-9-7(6-4-2-1-3-5-6)16-8-10(14)18-12(15)19-11(8)17-9/h1-5H,(H6,13,14,15,17,18,19)"
7.46,7.46,"InChI=1S/C12H11NO2/c1-13-12(14)15-11-8-4-6-9-5-2-3-7-10(9)11/h2-8H,1H3,(H,13,14)"
7.59,7.59,"InChI=1S/C12H11NO2/c1-9-11(7-8-15-9)12(14)13-10-5-3-2-4-6-10/h2-8H,1H3,(H,13,14)"
6.67,6.67,"InChI=1S/C12H12N2O2S/c1-7-10(14-12(16)13-7)11(15)8-3-5-9(17-2)6-4-8/h3-6H,1-2H3,(H2,13,14,16)"
4.13,4.13,"InChI=1S/C12H12N2O2S/c13-9-1-5-11(6-2-9)17(15,16)12-7-3-10(14)4-8-12/h1-8H,13-14H2"
7.0600000000000005,7.06,"InChI=1S/C12H12N2O3/c1-3-14-6-9(12(16)17)10(15)8-5-4-7(2)13-11(8)14/h4-6H,3H2,1-2H3,(H,16,17)"
8.27,8.27,"InChI=1S/C12H12N4/c1-8-7-9(2)16(15-8)12-13-10-5-3-4-6-11(10)14-12/h3-7H,1-2H3,(H,13,14)"
4.11,4.11,"InChI=1S/C12H12N4O3S/c1-9(17)15-10-3-5-11(6-4-10)20(18,19)16-12-13-7-2-8-14-12/h2-8H,1H3,(H,15,17)(H,13,14,16)"
9.44,9.44,"InChI=1S/C12H13N3/c1-9-8-10(2)14-12(13-9)15-11-6-4-3-5-7-11/h3-8H,1-2H3,(H,13,14,15)"
3.96,3.96,"InChI=1S/C12H13N3O2/c1-9-11(13-8-16)12(17)15(14(9)2)10-6-4-3-5-7-10/h3-8H,1-2H3,(H,13,16)"
5.28,5.28,"InChI=1S/C12H13N3O4S/c1-8-7-12(14-19-8)15-20(17,18)11-5-3-10(4-6-11)13-9(2)16/h3-7H,1-2H3,(H,13,16)(H,14,15)"
6.239999999999999,6.24,"InChI=1S/C12H13N5O6S2/c1-6-13-10(16-12(14-6)23-3)15-11(19)17-25(20,21)7-4-5-24-8(7)9(18)22-2/h4-5H,1-3H3,(H2,13,14,15,16,17,19)"
6.71,6.71,"InChI=1S/C12H13NO2/c1-12(9-6-4-3-5-7-9)8-10(14)13(2)11(12)15/h3-7H,8H2,1-2H3"
7.46,7.46,"InChI=1S/C12H13NO2S/c1-9-11(16-8-7-15-9)12(14)13-10-5-3-2-4-6-10/h2-6H,7-8H2,1H3,(H,13,14)"
5.59,5.59,"InChI=1S/C12H13NO4S/c1-9-11(18(15,16)8-7-17-9)12(14)13-10-5-3-2-4-6-10/h2-6H,7-8H2,1H3,(H,13,14)"
5.29,5.29,"InChI=1S/C12H14N2O2/c1-2-12(9-6-4-3-5-7-9)10(15)13-8-14-11(12)16/h3-7H,2,8H2,1H3,(H,13,15)(H,14,16)"
4.3100000000000005,4.31,"InChI=1S/C12H14N4O2S/c1-8-7-9(2)15-12(14-8)16-19(17,18)11-5-3-10(13)4-6-11/h3-7H,13H2,1-2H3,(H,14,15,16)"
4.75,4.75,"InChI=1S/C12H14N4O4S/c1-19-10-11(14-7-15-12(10)20-2)16-21(17,18)9-5-3-8(13)4-6-9/h3-7H,13H2,1-2H3,(H,14,15,16)"
5.6,5.6,"InChI=1S/C12H14N4O4S/c1-19-11-7-10(14-12(15-11)20-2)16-21(17,18)9-5-3-8(13)4-6-9/h3-7H,13H2,1-2H3,(H,14,15,16)"
6.930000000000001,6.93,"InChI=1S/C12H14N4O4S2/c1-19-11(17)15-9(21)13-7-5-3-4-6-8(7)14-10(22)16-12(18)20-2/h3-6H,1-2H3,(H2,13,15,17,21)(H2,14,16,18,22)"
10.18,10.18,"InChI=1S/C12H14NO4PS/c1-3-16-18(19,17-4-2)13-11(14)9-7-5-6-8-10(9)12(13)15/h5-8H,3-4H2,1-2H3"
8.5,8.5,"InChI=1S/C12H14O4/c1-3-15-11(13)9-7-5-6-8-10(9)12(14)16-4-2/h5-8H,3-4H2,1-2H3"
4.66,4.66,"InChI=1S/C12H15N/c1-3-9-13-11(2)10-12-7-5-4-6-8-12/h1,4-8,11,13H,9-10H2,2H3"
10.8,10.8,"InChI=1S/C12H15N2O3PS/c1-3-15-18(19,16-4-2)17-12-9-13-10-7-5-6-8-11(10)14-12/h5-9H,3-4H2,1-2H3"
11.21,11.21,"InChI=1S/C12H15N2O3PS/c1-3-15-18(19,16-4-2)17-14-12(10-13)11-8-6-5-7-9-11/h5-9H,3-4H2,1-2H3"
4.760000000000001,4.76,"InChI=1S/C12H15N3/c1-3-9-4-2-6-11(10(9)5-1)15-12-13-7-8-14-12/h2,4,6H,1,3,5,7-8H2,(H2,13,14,15)"
4.739999999999999,4.74,"InChI=1S/C12H15N3O/c1-9-11(13-2)12(16)15(14(9)3)10-7-5-4-6-8-10/h4-8,13H,1-3H3"
9.19,9.19,"InChI=1S/C12H15N3O2S/c1-3-6-18-8-4-5-9-10(7-8)14-11(13-9)15-12(16)17-2/h4-5,7H,3,6H2,1-2H3,(H2,13,14,15,16)"
5.86,5.86,"InChI=1S/C12H15N3O4S/c1-3-6-20(17,18)8-4-5-9-10(7-8)14-11(13-9)15-12(16)19-2/h4-5,7H,3,6H2,1-2H3,(H2,13,14,15,16)"
7.010000000000001,7.01,"InChI=1S/C12H15NO3/c1-12(2)7-8-5-4-6-9(10(8)16-12)15-11(14)13-3/h4-6H,7H2,1-3H3,(H,13,14)"
4.04,4.04,"InChI=1S/C12H15NO3/c1-3-13-8(2)12(14)9-4-5-10-11(6-9)16-7-15-10/h4-6,8,13H,3,7H2,1-2H3"
3.78,3.78,"InChI=1S/C12H15NO3/c1-8(13(2)3)12(14)9-4-5-10-11(6-9)16-7-15-10/h4-6,8H,7H2,1-3H3"
7.86,7.86,"InChI=1S/C12H15NO3/c1-8-3-9(2)5-10(4-8)15-7-11-6-13-12(14)16-11/h3-5,11H,6-7H2,1-2H3,(H,13,14)"
5.09,5.09,"InChI=1S/C12H15NO4/c1-12(2)10(14)7-5-4-6-8(9(7)17-12)16-11(15)13-3/h4-6,10,14H,1-3H3,(H,13,15)"
6.63,6.63,"InChI=1S/C12H15NO4/c1-4-17-11-7-9(13-8(2)14)5-6-10(11)12(15)16-3/h5-7H,4H2,1-3H3,(H,13,14)"
4.14,4.14,"InChI=1S/C12H16N2/c1-11(14-9-5-8-13)10-12-6-3-2-4-7-12/h2-4,6-7,11,14H,5,9-10H2,1H3"
3.94,3.94,"InChI=1S/C12H16N2/c1-14(2)8-7-10-9-13-12-6-4-3-5-11(10)12/h3-6,9,13H,7-8H2,1-2H3"
5.04,5.04,"InChI=1S/C12H16N2/c1-2-10(13)7-9-8-14-12-6-4-3-5-11(9)12/h3-6,8,10,14H,2,7,13H2,1H3"
2.82,2.82,"InChI=1S/C12H16N2O/c1-14(2)6-5-9-8-13-12-4-3-10(15)7-11(9)12/h3-4,7-8,13,15H,5-6H2,1-2H3"
3.29,3.29,"InChI=1S/C12H16N2O/c1-14(2)7-6-9-8-13-10-4-3-5-11(15)12(9)10/h3-5,8,13,15H,6-7H2,1-2H3"
4.36,4.36,"InChI=1S/C12H16N2O/c1-8(13)5-9-7-14-12-4-3-10(15-2)6-11(9)12/h3-4,6-8,14H,5,13H2,1-2H3"
4.22,4.22,"InChI=1S/C12H16N2O2/c1-2-11-12(16-9-15-11)7-10(1)8-14-5-3-13-4-6-14/h1-2,7,13H,3-6,8-9H2"
6.58,6.58,"InChI=1S/C12H16N2O3/c1-3-13-11(15)9(2)17-12(16)14-10-7-5-4-6-8-10/h4-9H,3H2,1-2H3,(H,13,15)(H,14,16)"
4.36,4.36,"InChI=1S/C12H16N2S/c1-10-6-9-15-11(10)4-5-12-13-7-3-8-14(12)2/h4-6,9H,3,7-8H2,1-2H3"
9.9,9.9,"InChI=1S/C12H16N3O3PS/c1-3-16-19(20,17-4-2)18-12-13-10-15(14-12)11-8-6-5-7-9-11/h5-10H,3-4H2,1-2H3"
10.17,10.17,"InChI=1S/C12H16N3O3PS2/c1-3-17-19(20,18-4-2)21-9-15-12(16)10-7-5-6-8-11(10)13-14-15/h5-8H,3-4,9H2,1-2H3"
10.38,10.38,"InChI=1S/C12H16O3/c1-2-3-4-5-11(14)10-7-6-9(13)8-12(10)15/h6-8,13,15H,2-5H2,1H3"
2.99,2.99,"InChI=1S/C12H17N3O/c1-8(2)15-7-12(16)9-3-4-11(14)10(5-9)6-13/h3-5,8,12,15-16H,7,14H2,1-2H3"
4.06,4.06,"InChI=1S/C12H17NO/c1-10-12(14-9-8-13(10)2)11-6-4-3-5-7-11/h3-7,10,12H,8-9H2,1-2H3"
4.89,4.89,"InChI=1S/C12H17NO/c1-3-7-11(13-2)12(14)10-8-5-4-6-9-10/h4-6,8-9,11,13H,3,7H2,1-2H3"
8.2,8.2,"InChI=1S/C12H17NO/c1-4-13(5-2)12(14)11-8-6-7-10(3)9-11/h6-9H,4-5H2,1-3H3"
4.739999999999999,4.74,"InChI=1S/C12H17NO/c1-4-13-10(3)12(14)11-7-5-9(2)6-8-11/h5-8,10,13H,4H2,1-3H3"
4.66,4.66,"InChI=1S/C12H17NO2/c1-3-10(13-2)6-9-4-5-11-12(7-9)15-8-14-11/h4-5,7,10,13H,3,6,8H2,1-2H3"
4.39,4.39,"InChI=1S/C12H17NO2/c1-3-13-9(2)6-10-4-5-11-12(7-10)15-8-14-11/h4-5,7,9,13H,3,6,8H2,1-2H3"
9.05,9.05,"InChI=1S/C12H17NO2/c1-4-9(2)10-7-5-6-8-11(10)15-12(14)13-3/h5-9H,4H2,1-3H3,(H,13,14)"
9.51,9.51,"InChI=1S/C12H17NO2/c1-8(2)10-5-9(3)6-11(7-10)15-12(14)13-4/h5-8H,1-4H3,(H,13,14)"
4.08,4.08,"InChI=1S/C12H17NO2/c1-9(13(2)3)6-10-4-5-11-12(7-10)15-8-14-11/h4-5,7,9H,6,8H2,1-3H3"
7.83,7.83,"InChI=1S/C12H17NO3/c1-2-3-8-16-11-6-4-10(5-7-11)9-12(14)13-15/h4-7,15H,2-3,8-9H2,1H3,(H,13,14)"
6.27,6.27,"InChI=1S/C12H17NO3/c1-3-16-11-6-4-10(5-7-11)13-12(15)8-9(2)14/h4-7,9,14H,3,8H2,1-2H3,(H,13,15)"
6.36,6.36,"InChI=1S/C12H17NO4S/c1-7-6-18-9(3)10(7)13(8(2)5-17-4)11(14)12(15)16/h6,8H,5H2,1-4H3,(H,15,16)"
10.68,10.68,"InChI=1S/C12H17O4PS2/c1-4-16-12(13)11(10-8-6-5-7-9-10)19-17(18,14-2)15-3/h5-9,11H,4H2,1-3H3"
4.33,4.33,"InChI=1S/C12H18N2O/c1-4-13-8-11(15)14-12-9(2)6-5-7-10(12)3/h5-7,13H,4,8H2,1-3H3,(H,14,15)"
8.32,8.32,"InChI=1S/C12H18N2O/c1-9(2)10-5-7-11(8-6-10)13-12(15)14(3)4/h5-9H,1-4H3,(H,13,15)"
9.3,9.3,"InChI=1S/C12H18N2O2/c1-8-6-10(16-12(15)13-3)7-9(2)11(8)14(4)5/h6-7H,1-5H3,(H,13,15)"
7.680000000000001,7.68,"InChI=1S/C12H18N2O3S/c1-3-4-9-13-12(15)14-18(16,17)11-7-5-10(2)6-8-11/h5-8H,3-4,9H2,1-2H3,(H2,13,14,15)"
10.35,10.35,"InChI=1S/C12H18N4O6S/c1-3-5-14(6-4-2)12-10(15(17)18)7-9(23(13,21)22)8-11(12)16(19)20/h7-8H,3-6H2,1-2H3,(H2,13,21,22)"
4.760000000000001,4.76,"InChI=1S/C12H18O7/c1-10(2)15-5-6-7(17-10)8-12(16-6,9(13)14)19-11(3,4)18-8/h6-8H,5H2,1-4H3,(H,13,14)"
4.83,4.83,"InChI=1S/C12H19N/c1-3-9-13-11(2)10-12-7-5-4-6-8-12/h4-8,11,13H,3,9-10H2,1-2H3"
6.48,6.48,"InChI=1S/C12H19NO2/c1-4-9-7-12(15-3)10(5-6-13)8-11(9)14-2/h7-8H,4-6,13H2,1-3H3"
5.83,5.83,"InChI=1S/C12H19NO2/c1-8-5-12(15-4)10(6-9(2)13)7-11(8)14-3/h5,7,9H,6,13H2,1-4H3"
5.88,5.88,"InChI=1S/C12H19NO2S/c1-4-16-12-8-10(14-2)9(5-6-13)7-11(12)15-3/h7-8H,4-6,13H2,1-3H3"
3.11,3.11,"InChI=1S/C12H19NO3/c1-12(2,3)13-7-11(16)8-4-9(14)6-10(15)5-8/h4-6,11,13-16H,7H2,1-3H3"
4.16,4.16,"InChI=1S/C12H19NO3/c1-8(13)7-9-5-6-10(14-2)12(16-4)11(9)15-3/h5-6,8H,7,13H2,1-4H3"
6.28,6.28,"InChI=1S/C12H19NO5S2/c1-8-6-19-10(3)12(8)13(9(2)5-18-4)11(14)7-20(15,16)17/h6,9H,5,7H2,1-4H3,(H,15,16,17)"
12.77,12.77,"InChI=1S/C12H19O2PS3/c1-4-10-18-15(16,13-5-2)14-11-6-8-12(17-3)9-7-11/h6-9H,4-5,10H2,1-3H3"
2.96,2.96,"InChI=1S/C12H20N2O3S/c1-9(2)13-8-12(15)10-4-6-11(7-5-10)14-18(3,16)17/h4-7,9,12-15H,8H2,1-3H3"
7.09,7.09,"InChI=1S/C12H20N4O2/c1-14(2)10-13-11(17)16(12(18)15(10)3)9-7-5-4-6-8-9/h9H,4-8H2,1-3H3"
6.91,6.91,"InChI=1S/C12H21N/c1-10-3-9-4-11(2,6-10)8-12(13,5-9)7-10/h9H,3-8,13H2,1-2H3"
6.71,6.71,"InChI=1S/C12H21N/c1-8(13)12-5-9-2-10(6-12)4-11(3-9)7-12/h8-11H,2-7,13H2,1H3"
11.04,11.04,"InChI=1S/C12H21N2O3PS/c1-6-15-18(19,16-7-2)17-11-8-10(5)13-12(14-11)9(3)4/h8-9H,6-7H2,1-5H3"
8.65,8.65,"InChI=1S/C12H21N2O4P/c1-6-16-19(15,17-7-2)18-11-8-10(5)13-12(14-11)9(3)4/h8-9H,6-7H2,1-5H3"
2.96,2.96,"InChI=1S/C12H21N5O2S2/c1-13-11(6-17(18)19)14-4-5-20-8-10-9-21-12(15-10)7-16(2)3/h6,9,13-14H,4-5,7-8H2,1-3H3"
6.08,6.08,"InChI=1S/C12H21NO8S/c1-10(2)18-7-5-16-12(6-17-22(13,14)15)9(8(7)19-10)20-11(3,4)21-12/h7-9H,5-6H2,1-4H3,(H2,13,14,15)"
6.13,6.13,"InChI=1S/C12H22N2O2/c1-6-9-11(15)14(8-3)10(7-2)12(16)13(4)5/h6,9-10H,7-8H2,1-5H3"
8.83,8.83,"InChI=1S/C12H23NO3/c1-3-10(2)16-12(15)13-8-5-4-6-11(13)7-9-14/h10-11,14H,3-9H2,1-2H3"
7.989999999999999,7.99,"InChI=1S/C12H24N2O4/c1-5-6-12(4,7-17-10(13)15)8-18-11(16)14-9(2)3/h9H,5-8H2,1-4H3,(H2,13,15)(H,14,16)"
12.11,12.11,"InChI=1S/C12H26O6P2S4/c1-5-15-19(21,16-6-2)23-11-12(14-10-9-13-11)24-20(22,17-7-3)18-8-4/h11-12H,5-10H2,1-4H3"
5.28,5.28,"InChI=1S/C12H27N/c1-4-7-10-13(11-8-5-2)12-9-6-3/h4-12H2,1-3H3"
13.39,13.39,"InChI=1S/C12H27OPS3/c1-4-7-10-15-14(13,16-11-8-5-2)17-12-9-6-3/h4-12H2,1-3H3"
12.91,12.91,"InChI=1S/C12H28O5P2S2/c1-5-9-13-18(20,14-10-6-2)17-19(21,15-11-7-3)16-12-8-4/h5-12H2,1-4H3"
8.99,8.99,"InChI=1S/C13H10N2O3/c14-12-7-6-10(15(17)18)8-11(12)13(16)9-4-2-1-3-5-9/h1-8H,14H2"
10.83,9.51,InChI=1S/C13H10O/c14-13(11-7-3-1-4-8-11)12-9-5-2-6-10-12/h1-10H
7.79,7.79,"InChI=1S/C13H11NO2/c14-13(15)11-8-4-5-9-12(11)16-10-6-2-1-3-7-10/h1-9H,(H2,14,15)"
6.03,6.03,"InChI=1S/C13H11NO5/c1-2-14-5-8(13(16)17)12(15)7-3-10-11(4-9(7)14)19-6-18-10/h3-5H,2,6H2,1H3,(H,16,17)"
5.34,5.34,"InChI=1S/C13H12N2O/c1-8-13-11(5-6-14-8)10-4-3-9(16-2)7-12(10)15-13/h3-7,15H,1-2H3"
4.72,4.72,"InChI=1S/C13H12N2O3S/c14-11-6-8-12(9-7-11)19(17,18)15-13(16)10-4-2-1-3-5-10/h1-9H,14H2,(H,15,16)"
3.63,3.63,"InChI=1S/C13H13N3/c1-2-16-13-5-11-9-3-8(6-14-7-9)10(11)4-12(13)15-1/h1-2,4-5,8-9,14H,3,6-7H2"
4.77,4.77,"InChI=1S/C13H14N2/c14-13-9-5-1-3-7-11(9)15-12-8-4-2-6-10(12)13/h1,3,5,7H,2,4,6,8H2,(H2,14,15)"
5.0600000000000005,5.06,"InChI=1S/C13H14N2O/c1-8-13-11(5-6-14-8)10-4-3-9(16-2)7-12(10)15-13/h3-4,7,15H,5-6H2,1-2H3"
3.94,3.94,"InChI=1S/C13H15N3O2/c1-9-12(14-10(2)17)13(18)16(15(9)3)11-7-5-4-6-8-11/h4-8H,1-3H3,(H,14,17)"
4.1,4.1,"InChI=1S/C13H15N3O3/c1-7(2)13(3)12(19)15-10(16-13)9-8(11(17)18)5-4-6-14-9/h4-7H,1-3H3,(H,17,18)(H,15,16,19)"
7.62,7.62,"InChI=1S/C13H16N10O5S/c1-22-11(7(6-14-22)10-18-21-23(2)19-10)29(25,26)20-13(24)17-12-15-8(27-3)5-9(16-12)28-4/h5-6H,1-4H3,(H2,15,16,17,20,24)"
4.47,4.47,"InChI=1S/C13H16N2/c1-2-6-11-10(4-1)5-3-7-12(11)13-14-8-9-15-13/h1-2,4,6,12H,3,5,7-9H2,(H,14,15)"
4.989999999999999,4.99,"InChI=1S/C13H16N2O2/c1-2-13(8-7-11(16)15-12(13)17)9-3-5-10(14)6-4-9/h3-6H,2,7-8,14H2,1H3,(H,15,16,17)"
5.36,5.36,"InChI=1S/C13H16N2O2/c1-9(16)14-6-5-10-8-15-13-4-3-11(17-2)7-12(10)13/h3-4,7-8,15H,5-6H2,1-2H3,(H,14,16)"
3.88,3.88,"InChI=1S/C13H16N4O2/c1-18-10-4-3-8(6-11(10)19-2)5-9-7-16-13(15)17-12(9)14/h3-4,6-7H,5H2,1-2H3,(H4,14,15,16,17)"
11.26,11.26,"InChI=1S/C13H16NO4PS/c1-3-15-19(20,16-4-2)18-13-10-12(17-14-13)11-8-6-5-7-9-11/h5-10H,3-4H2,1-2H3"
6.989999999999999,6.99,"InChI=1S/C13H16O4/c1-8(12(14)15)7-10-3-5-11(6-4-10)9(2)13(16)17/h3-6,8-9H,7H2,1-2H3,(H,14,15)(H,16,17)"
8.45,8.45,"InChI=1S/C13H16O5/c1-2-18-13(17)8-5-9(14)11(10(15)6-8)12(16)7-3-4-7/h7-8,16H,2-6H2,1H3"
4.720000000000001,4.68,"InChI=1S/C13H17N/c1-4-10-14(3)12(2)11-13-8-6-5-7-9-13/h1,5-9,12H,10-11H2,2-3H3"
5.21,5.21,"InChI=1S/C13H17N3O/c1-10-12(14(2)3)13(17)16(15(10)4)11-8-6-5-7-9-11/h5-9H,1-4H3"
5.0600000000000005,5.06,"InChI=1S/C13H17N3O3/c1-10(17)15(4)16(11-8-6-5-7-9-11)13(19)12(18)14(2)3/h5-9H,1-4H3"
4.489999999999999,4.49,"InChI=1S/C13H17N3O4S/c1-10-12(14(2)9-21(18,19)20)13(17)16(15(10)3)11-7-5-4-6-8-11/h4-8H,9H2,1-3H3,(H,18,19,20)"
4.01,4.01,"InChI=1S/C13H17NO/c1-11(14-9-5-6-10-14)13(15)12-7-3-2-4-8-12/h2-4,7-8,11H,5-6,9-10H2,1H3"
5.33,5.33,"InChI=1S/C13H17NO/c1-4-10-14(3,15)12(2)11-13-8-6-5-7-9-13/h1,5-9,12H,10-11H2,2-3H3"
9.24,9.24,"InChI=1S/C13H17NO/c1-4-8-13(15)14(5-2)12-10-7-6-9-11(12)3/h4,6-10H,5H2,1-3H3"
4.61,4.61,"InChI=1S/C13H17NO2/c15-13(16)12(10-6-2-1-3-7-10)11-8-4-5-9-14-11/h1-3,6-7,11-12,14H,4-5,8-9H2,(H,15,16)"
4.989999999999999,4.99,"InChI=1S/C13H17NO3/c1-3-4-10(14-2)13(15)9-5-6-11-12(7-9)17-8-16-11/h5-7,10,14H,3-4,8H2,1-2H3"
4.38,4.38,"InChI=1S/C13H17NO3/c1-4-10(14(2)3)13(15)9-5-6-11-12(7-9)17-8-16-11/h5-7,10H,4,8H2,1-3H3"
3.98,3.98,"InChI=1S/C13H18N2O/c1-15(2)7-6-10-9-14-13-5-4-11(16-3)8-12(10)13/h4-5,8-9,14H,6-7H2,1-3H3"
8.27,8.27,"InChI=1S/C13H18N2O2/c16-12-10-7-4-8-11(10)14-13(17)15(12)9-5-2-1-3-6-9/h9H,1-8H2,(H,14,17)"
5.09,5.09,"InChI=1S/C13H18N2O3/c1-10(16)15-12(9-18-2)13(17)14-8-11-6-4-3-5-7-11/h3-7,12H,8-9H2,1-2H3,(H,14,17)(H,15,16)"
5.23,5.23,"InChI=1S/C13H18N4O3/c1-9(18)6-4-5-7-17-12(19)10-11(14-8-15(10)2)16(3)13(17)20/h8H,4-7H2,1-3H3"
10.68,10.68,"InChI=1S/C13H18O2/c1-9(2)8-11-4-6-12(7-5-11)10(3)13(14)15/h4-7,9-10H,8H2,1-3H3,(H,14,15)"
7.08,7.08,"InChI=1S/C13H18O3/c1-9(12(14)15)11-6-4-10(5-7-11)8-13(2,3)16/h4-7,9,16H,8H2,1-3H3,(H,14,15)"
9.14,9.14,"InChI=1S/C13H18O5S/c1-5-16-12-13(2,3)10-8-9(18-19(4,14)15)6-7-11(10)17-12/h6-8,12H,5H2,1-4H3"
12.8,12.8,"InChI=1S/C13H19N3O4/c1-5-10(6-2)14-12-11(15(17)18)7-8(3)9(4)13(12)16(19)20/h7,10,14H,5-6H2,1-4H3"
4.11,4.11,"InChI=1S/C13H19NO/c1-4-14(5-2)11(3)13(15)12-9-7-6-8-10-12/h6-11H,4-5H2,1-3H3"
10.73,10.73,"InChI=1S/C13H19NO2S/c1-14(2)13(15)17-11-7-6-10-16-12-8-4-3-5-9-12/h3-5,8-9H,6-7,10-11H2,1-2H3"
5.54,5.54,"InChI=1S/C13H19NO5S/c1-10-5-4-6-11(2)13(10)14(7-8-19-3)12(15)9-20(16,17)18/h4-6H,7-9H2,1-3H3,(H,16,17,18)"
4.69,4.69,"InChI=1S/C13H20N2O/c1-4-9-14-11(3)13(16)15-12-8-6-5-7-10(12)2/h5-8,11,14H,4,9H2,1-3H3,(H,15,16)"
3.21,3.21,"InChI=1S/C13H20N2O2/c1-3-15(4-2)9-10-17-13(16)11-5-7-12(14)8-6-11/h5-8H,3-4,9-10,14H2,1-2H3"
3.79,3.79,"InChI=1S/C13H20N2O2/c16-11-13(17)10-14-6-8-15(9-7-14)12-4-2-1-3-5-12/h1-5,13,16-17H,6-11H2"
4.69,4.69,"InChI=1S/C13H20N2O3S/c1-5-6-14-9(3)12(16)15-10-8(2)7-19-11(10)13(17)18-4/h7,9,14H,5-6H2,1-4H3,(H,15,16)"
9.44,9.44,"InChI=1S/C13H20N4O2/c1-4-5-6-7-8-17-12(18)10-11(14-9-15(10)2)16(3)13(17)19/h9H,4-8H2,1-3H3"
11.22,11.22,"InChI=1S/C13H21N2O4PS/c1-5-11(4)14-20(21,18-6-2)19-13-9-10(3)7-8-12(13)15(16)17/h7-9,11H,5-6H2,1-4H3,(H,14,21)"
2.83,2.83,"InChI=1S/C13H21N3O/c1-3-16(4-2)10-9-15-13(17)11-5-7-12(14)8-6-11/h5-8H,3-4,9-10,14H2,1-2H3,(H,15,17)"
2.89,2.89,"InChI=1S/C13H21N3O3/c1-13(2,3)15-7-11(18)8-4-5-10(17)9(6-8)16-12(14)19/h4-6,11,15,17-18H,7H2,1-3H3,(H3,14,16,19)"
2.99,2.99,"InChI=1S/C13H21N5O4/c1-15(4-5-19)6-9(20)7-18-8-14-11-10(18)12(21)17(3)13(22)16(11)2/h8-9,19-20H,4-7H2,1-3H3"
5.14,5.14,"InChI=1S/C13H21NO/c1-4-13(10(2)9-14-3)11-6-5-7-12(15)8-11/h5-8,10,13-15H,4,9H2,1-3H3"
5.29,5.29,"InChI=1S/C13H21NO2/c1-10(2)14-8-12(15)9-16-13-6-4-5-11(3)7-13/h4-7,10,12,14-15H,8-9H2,1-3H3"
7.46,7.46,"InChI=1S/C13H21NO2/c1-4-5-10-8-13(16-3)11(6-7-14)9-12(10)15-2/h8-9H,4-7,14H2,1-3H3"
6.88,6.88,"InChI=1S/C13H21NO2/c1-5-10-7-13(16-4)11(6-9(2)14)8-12(10)15-3/h7-9H,5-6,14H2,1-4H3"
6.98,6.98,"InChI=1S/C13H21NO2S/c1-4-7-17-13-9-11(15-2)10(5-6-14)8-12(13)16-3/h8-9H,4-7,14H2,1-3H3"
6.69,6.69,"InChI=1S/C13H21NO2S/c1-9(2)17-13-8-11(15-3)10(5-6-14)7-12(13)16-4/h7-9H,5-6,14H2,1-4H3"
3.23,3.23,"InChI=1S/C13H21NO3/c1-13(2,3)14-7-12(17)9-4-5-11(16)10(6-9)8-15/h4-6,12,14-17H,7-8H2,1-3H3"
10.59,10.59,"InChI=1S/C13H21O3PS/c1-11(2)15-17(14,16-12(3)4)18-10-13-8-6-5-7-9-13/h5-9,11-12H,10H2,1-4H3"
10.79,10.79,"InChI=1S/C13H21O4PS/c1-4-10-15-18(14,16-11-5-2)17-12-6-8-13(19-3)9-7-12/h6-9H,4-5,10-11H2,1-3H3"
3.14,3.14,"InChI=1S/C13H22N4O3S/c1-14-13(9-17(18)19)15-6-7-21-10-12-5-4-11(20-12)8-16(2)3/h4-5,9,14-15H,6-8,10H2,1-3H3"
6.38,6.38,"InChI=1S/C13H22N4O3S/c1-7-20-9(18)8-21-11-14-10(13(2,3)4)15-17(11)12(19)16(5)6/h7-8H2,1-6H3"
3.43,3.43,"InChI=1S/C13H22N4O4S/c1-14-13(8-16(18)19)15-6-7-22-10-12-5-4-11(21-12)9-17(2,3)20/h4-5,8,14-15H,6-7,9-10H2,1-3H3"
10.45,10.45,"InChI=1S/C13H22NO3PS/c1-6-16-18(15,14-10(2)3)17-12-7-8-13(19-5)11(4)9-12/h7-10H,6H2,1-5H3,(H,14,15)"
7.21,7.21,"InChI=1S/C13H22NO5PS/c1-6-18-20(15,14-10(2)3)19-12-7-8-13(11(4)9-12)21(5,16)17/h7-10H,6H2,1-5H3,(H,14,15)"
12.32,12.32,"InChI=1S/C13H23N2O3PS/c1-7-16-19(20,17-10(2)3)18-11-8-14-12(15-9-11)13(4,5)6/h8-10H,7H2,1-6H3"
12.32,12.32,"InChI=1S/C13H24N3O3PS/c1-6-16(7-2)13-14-11(5)10-12(15-13)19-20(21,17-8-3)18-9-4/h10H,6-9H2,1-5H3"
4.88,4.88,"InChI=1S/C13H24N4O3S/c1-13(2,3)14-8-10(18)9-20-12-11(15-21-16-12)17-4-6-19-7-5-17/h10,14,18H,4-9H2,1-3H3"
10.51,10.51,"InChI=1S/C13H24N4O3S/c1-6-8-9-11-10(3)15-13(14-7-2)16-12(11)20-21(18,19)17(4)5/h6-9H2,1-5H3,(H,14,15,16)"
5.66,5.66,"InChI=1S/C14H10N2O6/c17-11-3-1-7(5-9(11)13(19)20)15-16-8-2-4-12(18)10(6-8)14(21)22/h1-6,17-18H,(H,19,20)(H,21,22)"
10.08,10.08,"InChI=1S/C14H11N/c1-3-7-13-11(5-1)9-10-12-6-2-4-8-14(12)15-13/h1-10,15H"
5.47,5.47,"InChI=1S/C14H11NO4/c16-12-8-10(6-7-11(12)14(18)19)15-13(17)9-4-2-1-3-5-9/h1-8,16H,(H,15,17)(H,18,19)"
5.8100000000000005,5.81,"InChI=1S/C14H12N4O2S/c15-10-5-7-11(8-6-10)21(19,20)18-14-9-16-12-3-1-2-4-13(12)17-14/h1-9H,15H2,(H,17,18)"
5.930000000000001,5.93,"InChI=1S/C14H12O3/c15-12-5-3-10(4-6-12)1-2-11-7-13(16)9-14(17)8-11/h1-9,15-17H"
10.19,10.19,"InChI=1S/C14H13N3/c1-3-7-13-10-11(2)15-14(17-13)16-12-8-5-4-6-9-12/h4-6,8-10H,1-2H3,(H,15,16,17)"
7.09,7.09,"InChI=1S/C14H13N3O4S2/c1-8-7-15-14(22-8)16-13(19)11-12(18)9-5-3-4-6-10(9)23(20,21)17(11)2/h3-7,18H,1-2H3,(H,15,16,19)"
4.84,4.84,"InChI=1S/C14H14N2/c1-2-7-13-11(4-1)5-3-6-12(13)10-14-15-8-9-16-14/h1-7H,8-10H2,(H,15,16)"
6.21,6.21,"InChI=1S/C14H14N2O/c1-14(2,12-6-4-8-16-10-12)13(17)11-5-3-7-15-9-11/h3-10H,1-2H3"
7.66,7.66,"InChI=1S/C14H14N4O2S/c1-8(2)20-14(19)16-9-3-4-10-11(5-9)18-13(17-10)12-6-21-7-15-12/h3-8H,1-2H3,(H,16,19)(H,17,18)"
4.16,4.16,"InChI=1S/C14H14N8O4S3/c1-6-17-18-14(29-6)28-4-7-3-27-12-9(11(24)22(12)10(7)13(25)26)16-8(23)2-21-5-15-19-20-21/h5,9,12H,2-4H2,1H3,(H,16,23)(H,25,26)"
11.7,11.7,"InChI=1S/C14H14NO4PS/c1-2-18-20(21,14-6-4-3-5-7-14)19-13-10-8-12(9-11-13)15(16)17/h3-11H,2H2,1H3"
8.32,8.32,"InChI=1S/C14H14O3/c1-16-13-9-12(17-14(15)10-13)8-7-11-5-3-2-4-6-11/h2-8,10,12H,9H2,1H3"
8.99,8.99,"InChI=1S/C14H14O3/c1-9(14(15)16)10-3-4-12-8-13(17-2)6-5-11(12)7-10/h3-9H,1-2H3,(H,15,16)"
11.04,11.04,"InChI=1S/C14H15N3/c1-10-9-13(11-7-8-11)17-14(15-10)16-12-5-3-2-4-6-12/h2-6,9,11H,7-8H2,1H3,(H,15,16,17)"
12.38,12.38,"InChI=1S/C14H15N3/c1-17(2)14-10-8-13(9-11-14)16-15-12-6-4-3-5-7-12/h3-11H,1-2H3"
6.89,6.89,"InChI=1S/C14H15N3O5/c1-3-16(4-2)14(20)10(8-15)5-9-6-11(17(21)22)13(19)12(18)7-9/h5-7,18-19H,3-4H2,1-2H3"
6.3100000000000005,6.31,"InChI=1S/C14H15N5O6S/c1-8-15-12(18-14(16-8)25-3)17-13(21)19-26(22,23)10-7-5-4-6-9(10)11(20)24-2/h4-7H,1-3H3,(H2,15,16,17,18,19,21)"
8.79,8.79,"InChI=1S/C14H15NO2/c1-9-10(2)17-11(3)13(9)14(16)15-12-7-5-4-6-8-12/h4-8H,1-3H3,(H,15,16)"
10.8,10.8,"InChI=1S/C14H15O2PS2/c1-2-16-17(15,18-13-9-5-3-6-10-13)19-14-11-7-4-8-12-14/h3-12H,2H2,1H3"
4.59,4.59,"InChI=1S/C14H16N4O3S/c1-9-8-10(2)16-14(15-9)18-22(20,21)13-6-4-12(5-7-13)17-11(3)19/h4-8H,1-3H3,(H,17,19)(H,15,16,18)"
9.79,9.79,"InChI=1S/C14H17N2O4PS/c1-3-18-21(22,19-4-2)20-13-10-11-14(17)16(15-13)12-8-6-5-7-9-12/h5-11H,3-4H2,1-2H3"
7.09,7.09,"InChI=1S/C14H17N5O7S2/c1-4-27(21,22)9-6-5-7-15-12(9)28(23,24)19-14(20)18-13-16-10(25-2)8-11(17-13)26-3/h5-8H,4H2,1-3H3,(H2,16,17,18,19,20)"
4.13,4.13,"InChI=1S/C14H17NO3/c1-10(15-6-2-3-7-15)14(16)11-4-5-12-13(8-11)18-9-17-12/h4-5,8,10H,2-3,6-7,9H2,1H3"
12.02,12.02,"InChI=1S/C14H17NO6/c1-8(2)20-13(16)10-5-11(14(17)21-9(3)4)7-12(6-10)15(18)19/h5-9H,1-4H3"
7.23,7.23,"InChI=1S/C14H18N2O/c1-10(2)13-11(3)15(4)16(14(13)17)12-8-6-5-7-9-12/h5-10H,1-4H3"
9.09,9.09,"InChI=1S/C14H18N2O3/c1-5-7-8-10(3)14(9-6-2)11(17)15-13(19)16(4)12(14)18/h6,10H,2,5,9H2,1,3-4H3,(H,15,17,19)"
6.29,6.29,"InChI=1S/C14H18N2O4/c1-10-5-4-6-11(2)13(10)16(12(17)9-19-3)15-7-8-20-14(15)18/h4-6H,7-9H2,1-3H3"
5.010000000000001,5.01,"InChI=1S/C14H18N2O5/c1-21-14(20)11(7-9-5-3-2-4-6-9)16-13(19)10(15)8-12(17)18/h2-6,10-11H,7-8,15H2,1H3,(H,16,19)(H,17,18)"
4.06,4.06,"InChI=1S/C14H18N4O3/c1-19-10-5-8(6-11(20-2)12(10)21-3)4-9-7-17-14(16)18-13(9)15/h5-7H,4H2,1-3H3,(H4,15,16,17,18)"
5.46,5.46,"InChI=1S/C14H18N4O3/c1-3-4-9-15-13(19)18-11-8-6-5-7-10(11)16-12(18)17-14(20)21-2/h5-8H,3-4,9H2,1-2H3,(H,15,19)(H,16,17,20)"
8.610000000000001,8.61,"InChI=1S/C14H18N4O4S2/c1-3-21-13(19)17-11(23)15-9-7-5-6-8-10(9)16-12(24)18-14(20)22-4-2/h5-8H,3-4H2,1-2H3,(H2,15,17,19,23)(H2,16,18,20,24)"
5.72,5.72,"InChI=1S/C14H19N3O/c1-10(2)15-13-11(3)16(4)17(14(13)18)12-8-6-5-7-9-12/h5-10,15H,1-4H3"
4.760000000000001,4.76,"InChI=1S/C14H19NO/c1-11-5-7-13(8-6-11)14(16)12(2)15-9-3-4-10-15/h5-8,12H,3-4,9-10H2,1-2H3"
10.11,10.11,"InChI=1S/C14H19NO/c1-5-16-11-6-7-13-12(8-11)10(2)9-14(3,4)15-13/h6-9,15H,5H2,1-4H3"
4.96,4.96,"InChI=1S/C14H19NO2/c1-17-14(16)13(11-7-3-2-4-8-11)12-9-5-6-10-15-12/h2-4,7-8,12-13,15H,5-6,9-10H2,1H3"
7.89,7.89,"InChI=1S/C14H19NO2/c1-4-12-7-5-6-10(2)14(12)15-11(3)8-17-9-13(15)16/h5-7,11H,4,8-9H2,1-3H3"
9.39,9.39,"InChI=1S/C14H19O6P/c1-11(20-21(16,17-3)18-4)10-14(15)19-12(2)13-8-6-5-7-9-13/h5-10,12H,1-4H3"
4.19,4.19,"InChI=1S/C14H20N2O/c1-10-12(7-8-16(2)3)13-9-11(17-4)5-6-14(13)15-10/h5-6,9,15H,7-8H2,1-4H3"
9.37,9.37,"InChI=1S/C14H20N2O/c1-11-7-5-6-10-13(11)16-14(17)15-12-8-3-2-4-9-12/h2-4,8-9,11,13H,5-7,10H2,1H3,(H2,15,16,17)"
4.680000000000001,4.68,"InChI=1S/C14H20N2O/c1-2-14(17)16(12-6-4-3-5-7-12)13-8-10-15-11-9-13/h3-7,13,15H,2,8-11H2,1H3"
3.89,3.89,"InChI=1S/C14H20N2O2/c1-10(2)16-8-11(17)9-18-14-5-3-4-13-12(14)6-7-15-13/h3-7,10-11,15-17H,8-9H2,1-2H3"
4.66,4.66,"InChI=1S/C14H20N2O2/c1-14(2,3)16-9-12(17)10-18-13-7-5-4-6-11(13)8-15/h4-7,12,16-17H,9-10H2,1-3H3"
11.4,11.4,"InChI=1S/C14H20N3O5PS/c1-5-19-14(18)11-9-17-12(15-10(11)4)8-13(16-17)22-23(24,20-6-2)21-7-3/h8-9H,5-7H2,1-4H3"
3.43,3.43,"InChI=1S/C14H21N3O2S/c1-15-20(18,19)10-11-4-5-14-13(8-11)12(9-16-14)6-7-17(2)3/h4-5,8-9,15-16H,6-7,10H2,1-3H3"
8.09,8.09,"InChI=1S/C14H21N3O3S/c1-12-6-8-13(9-7-12)21(19,20)16-14(18)15-17-10-4-2-3-5-11-17/h6-9H,2-5,10-11H2,1H3,(H2,15,16,18)"
12.99,12.99,"InChI=1S/C14H21N3O4/c1-6-9(2)15-13-11(16(18)19)7-10(14(3,4)5)8-12(13)17(20)21/h7-9,15H,6H2,1-5H3"
3.18,3.18,"InChI=1S/C14H21N3O4S/c1-2-17-7-3-4-10(17)9-16-14(19)12-8-11(22(15,20)21)5-6-13(12)18/h5-6,8,10,18H,2-4,7,9H2,1H3,(H,16,19)(H2,15,20,21)"
4.28,4.32,"InChI=1S/C14H21NO2/c1-15-10-12-5-2-3-8-14(12,17)11-6-4-7-13(16)9-11/h4,6-7,9,12,15-17H,2-3,5,8,10H2,1H3"
5.19,5.19,"InChI=1S/C14H21NO2/c1-17-13-7-4-6-11(9-13)14(16)8-3-2-5-12(14)10-15/h4,6-7,9,12,16H,2-3,5,8,10,15H2,1H3"
3.93,3.93,"InChI=1S/C14H21NO4/c1-10(2)15-8-12(16)9-19-13-5-3-11(4-6-13)7-14(17)18/h3-6,10,12,15-16H,7-9H2,1-2H3,(H,17,18)"
9.04,9.04,"InChI=1S/C14H21NO4/c1-5-17-12-8-7-11(9-13(12)18-6-2)15-14(16)19-10(3)4/h7-10H,5-6H2,1-4H3,(H,15,16)"
7.19,7.19,"InChI=1S/C14H21NO5S/c1-4-11-7-6-8-12(5-2)14(11)15(10-20-3)13(16)9-21(17,18)19/h6-8H,4-5,9-10H2,1-3H3,(H,17,18,19)"
11.92,11.92,"InChI=1S/C14H21NOS/c1-3-10-15(11-4-2)14(16)17-12-13-8-6-5-7-9-13/h5-9H,3-4,10-12H2,1-2H3"
4.54,4.54,"InChI=1S/C14H22N2O/c1-5-16(6-2)10-13(17)15-14-11(3)8-7-9-12(14)4/h7-9H,5-6,10H2,1-4H3,(H,15,17)"
5.34,5.34,"InChI=1S/C14H22N2O2/c1-5-16(18,6-2)10-13(17)15-14-11(3)8-7-9-12(14)4/h7-9H,5-6,10H2,1-4H3,(H,15,17)"
4.739999999999999,4.74,"InChI=1S/C14H22N2O2/c1-6-16(5)14(17)18-13-9-7-8-12(10-13)11(2)15(3)4/h7-11H,6H2,1-5H3"
3.3400000000000003,3.34,"InChI=1S/C14H22N2O3/c1-10(2)15-8-13(18)9-19-14-6-4-12(5-7-14)16-11(3)17/h4-7,10,13,15,18H,8-9H2,1-3H3,(H,16,17)"
3.0900000000000003,3.09,"InChI=1S/C14H22N2O3/c1-10(2)16-8-12(17)9-19-13-5-3-11(4-6-13)7-14(15)18/h3-6,10,12,16-17H,7-9H2,1-2H3,(H2,15,18)"
9.85,9.85,"InChI=1S/C14H22N2O3S/c1-3-16-11(10-12(17)19-4-2)20-14(13(16)18)15-8-6-5-7-9-15/h10,14H,3-9H2,1-2H3"
2.71,2.71,"InChI=1S/C14H22N6O5/c1-7(2)9(15)13(23)24-4-8(3-21)25-6-20-5-17-10-11(20)18-14(16)19-12(10)22/h5,7-9,21H,3-4,6,15H2,1-2H3,(H3,16,18,19,22)"
11.65,11.65,"InChI=1S/C14H22NO4PS/c1-10(2)15-20(21,17-5)19-13-9-7-6-8-12(13)14(16)18-11(3)4/h6-11H,1-5H3,(H,15,21)"
5.010000000000001,5.01,"InChI=1S/C14H23NO/c1-5-14(11(2)10-15(3)4)12-7-6-8-13(16)9-12/h6-9,11,14,16H,5,10H2,1-4H3"
4.73,4.73,"InChI=1S/C14H24N2O4/c1-4-10(5-2)20-12-7-9(14(18)19)6-11(15)13(12)16-8(3)17/h7,10-13H,4-6,15H2,1-3H3,(H,16,17)(H,18,19)"
10.51,10.51,"InChI=1S/C14H24NO4PS3/c1-12(2)18-20(21,19-13(3)4)22-11-10-15-23(16,17)14-8-6-5-7-9-14/h5-9,12-13,15H,10-11H2,1-4H3"
6.09,6.09,"InChI=1S/C14H25N3O4S/c1-7(16-11(21)8(15)6-9(18)19)10(20)17-12-13(2,3)22-14(12,4)5/h7-8,12H,6,15H2,1-5H3,(H,16,21)(H,17,20)(H,18,19)"
7.79,7.79,"InChI=1S/C15H11N3O3/c19-14-9-16-15(10-4-2-1-3-5-10)12-8-11(18(20)21)6-7-13(12)17-14/h1-8H,9H2,(H,17,19)"
7.36,7.36,"InChI=1S/C15H12N2O/c16-15(18)17-13-7-3-1-5-11(13)9-10-12-6-2-4-8-14(12)17/h1-10H,(H2,16,18)"
6.04,6.04,"InChI=1S/C15H12N2O2/c16-15(18)17-11-7-3-1-5-9(11)13-14(19-13)10-6-2-4-8-12(10)17/h1-8,13-14H,(H2,16,18)"
6.46,6.46,"InChI=1S/C15H12N2O2/c16-15(19)17-12-7-3-1-5-10(12)9-14(18)11-6-2-4-8-13(11)17/h1-8H,9H2,(H2,16,19)"
7.08,7.08,"InChI=1S/C15H12N2O2/c18-13-15(17-14(19)16-13,11-7-3-1-4-8-11)12-9-5-2-6-10-12/h1-10H,(H2,16,17,18,19)"
4.78,4.78,"InChI=1S/C15H13N3O/c16-11-6-7-13-12(8-11)15(17-9-14(19)18-13)10-4-2-1-3-5-10/h1-8H,9,16H2,(H,18,19)"
10.26,10.26,"InChI=1S/C15H13N3O2S/c1-20-15(19)18-14-16-12-8-7-11(9-13(12)17-14)21-10-5-3-2-4-6-10/h2-9H,1H3,(H2,16,17,18,19)"
6.84,6.84,"InChI=1S/C15H13N3O4S/c1-18-13(15(20)17-12-8-4-5-9-16-12)14(19)10-6-2-3-7-11(10)23(18,21)22/h2-9,19H,1H3,(H,16,17,20)"
6.94,6.94,"InChI=1S/C15H13NO3/c17-14(10-4-2-1-3-5-10)13-7-6-12-11(15(18)19)8-9-16(12)13/h1-7,11H,8-9H2,(H,18,19)"
5.94,5.94,"InChI=1S/C15H14N2O2/c16-15(19)17-12-7-3-1-5-10(12)9-14(18)11-6-2-4-8-13(11)17/h1-8,14,18H,9H2,(H2,16,19)"
10.88,10.88,"InChI=1S/C15H14NO2PS/c1-2-17-19(20,15-6-4-3-5-7-15)18-14-10-8-13(12-16)9-11-14/h3-11H,2H2,1H3"
11.6,11.6,"InChI=1S/C15H15NO2/c1-10-6-5-9-13(11(10)2)16-14-8-4-3-7-12(14)15(17)18/h3-9,16H,1-2H3,(H,17,18)"
6.760000000000001,6.76,"InChI=1S/C15H15NO2S/c16-14(17)11-19(18)15(12-7-3-1-4-8-12)13-9-5-2-6-10-13/h1-10,15H,11H2,(H2,16,17)"
7.89,7.89,"InChI=1S/C15H15NO3/c1-10-3-5-11(6-4-10)15(19)13-8-7-12(16(13)2)9-14(17)18/h3-8H,9H2,1-2H3,(H,17,18)"
7.15,7.15,"InChI=1S/C15H16N2O2/c1-19-14-6-4-12(5-7-14)15(18,11-2-3-11)13-8-16-10-17-9-13/h4-11,18H,2-3H2,1H3"
6.92,6.92,"InChI=1S/C15H16N4O5S/c1-9-8-10(2)17-14(16-9)18-15(21)19-25(22,23)12-7-5-4-6-11(12)13(20)24-3/h4-8H,1-3H3,(H2,16,17,18,19,21)"
9.82,9.82,"InChI=1S/C15H16O2/c1-11(16)3-4-12-5-6-14-10-15(17-2)8-7-13(14)9-12/h5-10H,3-4H2,1-2H3"
3.69,3.69,"InChI=1S/C15H16O9/c16-5-10-12(19)13(20)14(21)15(24-10)23-9-3-6-1-2-11(18)22-8(6)4-7(9)17/h1-4,10,12-17,19-21H,5H2"
7.939999999999999,7.94,"InChI=1S/C15H17N5O6S/c1-9-16-13(18-14(17-9)26-4)20(2)15(22)19-27(23,24)11-8-6-5-7-10(11)12(21)25-3/h5-8H,1-4H3,(H,19,22)"
8.68,8.68,"InChI=1S/C15H17NO2/c1-11(17)16-9-8-13-5-3-4-12-6-7-14(18-2)10-15(12)13/h3-7,10H,8-9H2,1-2H3,(H,16,17)"
9.32,9.32,"InChI=1S/C15H18N4O7S/c1-4-25-10-7-5-6-8-11(10)26-27(21,22)19-15(20)18-14-16-12(23-2)9-13(17-14)24-3/h5-9H,4H2,1-3H3,(H2,16,17,18,19,20)"
6.62,6.62,"InChI=1S/C15H18N6O6S/c1-21(2)13(22)9-6-5-7-16-12(9)28(24,25)20-15(23)19-14-17-10(26-3)8-11(18-14)27-4/h5-8H,1-4H3,(H2,17,18,19,20,23)"
5.6,5.6,"InChI=1S/C15H19N3O3/c1-5-9-6-10(13(19)20)11(16-7-9)12-17-14(21)15(4,18-12)8(2)3/h6-8H,5H2,1-4H3,(H,19,20)(H,17,18,21)"
4.63,4.63,"InChI=1S/C15H19N3O4/c1-8(2)15(3)14(21)17-12(18-15)11-10(13(19)20)5-9(6-16-11)7-22-4/h5-6,8H,7H2,1-4H3,(H,19,20)(H,17,18,21)"
3.49,3.49,"InChI=1S/C15H19N5/c1-19(2)6-5-13-8-17-15-4-3-12(7-14(13)15)9-20-11-16-10-18-20/h3-4,7-8,10-11,17H,5-6,9H2,1-2H3"
6.36,6.36,"InChI=1S/C15H19N5O7S/c1-24-8-9-27-10-6-4-5-7-11(10)28(22,23)20-13(21)16-12-17-14(25-2)19-15(18-12)26-3/h4-7H,8-9H2,1-3H3,(H2,16,17,18,19,20,21)"
4.489999999999999,4.49,"InChI=1S/C15H19NO3/c1-2-12(16-7-3-4-8-16)15(17)11-5-6-13-14(9-11)19-10-18-13/h5-6,9,12H,2-4,7-8,10H2,1H3"
7.72,7.72,"InChI=1S/C15H20N2O4S/c1-11(18)12-7-9-14(10-8-12)22(20,21)17-15(19)16-13-5-3-2-4-6-13/h7-10,13H,2-6H2,1H3,(H2,16,17,19)"
6.319999999999999,6.32,"InChI=1S/C15H20N2S/c1-16(2)10-11-17(13-15-9-6-12-18-15)14-7-4-3-5-8-14/h3-9,12H,10-11,13H2,1-2H3"
6.08,6.08,"InChI=1S/C15H21N/c1-2-16-15-13-9-8-12(10-13)14(15)11-6-4-3-5-7-11/h3-7,12-16H,2,8-10H2,1H3"
6.819999999999999,6.82,"InChI=1S/C15H21N3O/c1-11(5-3-7-16)18-14-10-13(19-2)9-12-6-4-8-17-15(12)14/h4,6,8-11,18H,3,5,7,16H2,1-2H3"
3.89,3.89,"InChI=1S/C15H21N3O2/c1-15-7-8-17(3)13(15)18(4)12-6-5-10(9-11(12)15)20-14(19)16-2/h5-6,9,13H,7-8H2,1-4H3,(H,16,19)"
5.08,5.08,"InChI=1S/C15H21NO/c1-2-8-14(16-11-6-7-12-16)15(17)13-9-4-3-5-10-13/h3-5,9-10,14H,2,6-8,11-12H2,1H3"
4.26,4.26,"InChI=1S/C15H21NO2/c1-3-14(18)15(7-9-16(2)10-8-15)12-5-4-6-13(17)11-12/h4-6,11,17H,3,7-10H2,1-2H3"
4.930000000000001,4.93,"InChI=1S/C15H21NO2/c1-3-16-15(10-5-4-9-14(15)17)12-7-6-8-13(11-12)18-2/h6-8,11,16H,3-5,9-10H2,1-2H3"
5.28,5.25,"InChI=1S/C15H21NO2/c1-3-18-14(17)15(9-11-16(2)12-10-15)13-7-5-4-6-8-13/h4-8H,3,9-12H2,1-2H3"
8.22,8.22,"InChI=1S/C15H21NO4/c1-10-7-6-8-11(2)14(10)16(13(17)9-19-4)12(3)15(18)20-5/h6-8,12H,9H2,1-5H3"
4.66,4.66,"InChI=1S/C15H22N2O/c1-11-7-6-8-12(2)14(11)16-15(18)13-9-4-5-10-17(13)3/h6-8,13H,4-5,9-10H2,1-3H3,(H,16,18)"
5.73,5.73,"InChI=1S/C15H22N2O/c1-3-17(4-2)14(18)15(10-13(15)11-16)12-8-6-5-7-9-12/h5-9,13H,3-4,10-11,16H2,1-2H3"
4.44,4.44,"InChI=1S/C15H22N2O2/c1-10(2)16-8-12(18)9-19-15-6-4-5-14-13(15)7-11(3)17-14/h4-7,10,12,16-18H,8-9H2,1-3H3"
4.59,4.59,"InChI=1S/C15H22N2O3/c1-5-17(6-2)10-13(18)16-14-11(3)8-7-9-12(14)15(19)20-4/h7-9H,5-6,10H2,1-4H3,(H,16,18)"
5.5600000000000005,5.56,"InChI=1S/C15H23N/c1-2-8-15(16-11-6-7-12-16)13-14-9-4-3-5-10-14/h3-5,9-10,15H,2,6-8,11-13H2,1H3"
13.25,13.25,"InChI=1S/C15H23N3O4/c1-5-7-16(8-6-2)15-13(17(19)20)9-12(11(3)4)10-14(15)18(21)22/h9-11H,5-8H2,1-4H3"
2.94,2.94,"InChI=1S/C15H23N3O4S/c1-3-18-8-4-5-11(18)10-17-15(19)13-9-12(23(16,20)21)6-7-14(13)22-2/h6-7,9,11H,3-5,8,10H2,1-2H3,(H,17,19)(H2,16,20,21)"
10.25,10.25,"InChI=1S/C15H23NO/c1-12(2)16(14(17)15(3,4)5)11-13-9-7-6-8-10-13/h6-10,12H,11H2,1-5H3"
4.739999999999999,4.74,"InChI=1S/C15H23NO/c1-3-15(9-4-5-10-16(2)12-15)13-7-6-8-14(17)11-13/h6-8,11,17H,3-5,9-10,12H2,1-2H3"
4.06,4.06,"InChI=1S/C15H23NO2/c1-16(2)11-13-6-3-4-9-15(13,18)12-7-5-8-14(17)10-12/h5,7-8,10,13,17-18H,3-4,6,9,11H2,1-2H3"
5.3,5.3,"InChI=1S/C15H23NO2/c1-16-11-13-6-3-4-9-15(13,17)12-7-5-8-14(10-12)18-2/h5,7-8,10,13,16-17H,3-4,6,9,11H2,1-2H3"
6.71,6.71,"InChI=1S/C15H23NO2/c1-4-7-13-8-5-6-9-15(13)18-11-14(17)10-16-12(2)3/h4-6,8-9,12,14,16-17H,1,7,10-11H2,2-3H3"
5.66,5.66,"InChI=1S/C15H23NO3/c1-4-9-18-14-7-5-6-8-15(14)19-11-13(17)10-16-12(2)3/h4-8,12-13,16-17H,1,9-11H2,2-3H3"
5.989999999999999,5.99,"InChI=1S/C15H23NO4/c1-8-3-9(2)15(20)11(4-8)12(17)5-10-6-13(18)16-14(19)7-10/h8-12,17H,3-7H2,1-2H3,(H,16,18,19)"
7.34,7.34,"InChI=1S/C15H23NO5S/c1-5-13-8-6-7-11(2)15(13)16(12(3)9-21-4)14(17)10-22(18,19)20/h6-8,12H,5,9-10H2,1-4H3,(H,18,19,20)"
12.23,12.23,"InChI=1S/C15H23NOS/c1-5-16(13(4)12(2)3)15(17)18-11-14-9-7-6-8-10-14/h6-10,12-13H,5,11H2,1-4H3"
6.430000000000001,6.43,"InChI=1S/C15H24N2O2/c1-4-5-10-16-14-8-6-13(7-9-14)15(18)19-12-11-17(2)3/h6-9,16H,4-5,10-12H2,1-3H3"
4.3100000000000005,4.31,"InChI=1S/C15H24N2O3/c1-4-17(5-2)11-10-16-15(18)12-20-14-8-6-13(19-3)7-9-14/h6-9H,4-5,10-12H2,1-3H3,(H,16,18)"
3.41,3.41,"InChI=1S/C15H24N2O4S/c1-5-17(6-2)10-9-16-15(18)13-11-12(22(4,19)20)7-8-14(13)21-3/h7-8,11H,5-6,9-10H2,1-4H3,(H,16,18)"
11.23,11.23,"InChI=1S/C15H24NO4PS/c1-6-18-21(22,16-11(2)3)20-14-10-8-7-9-13(14)15(17)19-12(4)5/h7-12H,6H2,1-5H3,(H,16,22)"
4.930000000000001,4.93,"InChI=1S/C15H25NO3/c1-12(2)16-10-14(17)11-19-15-6-4-13(5-7-15)8-9-18-3/h4-7,12,14,16-17H,8-11H2,1-3H3"
3.65,3.65,"InChI=1S/C15H25NO5/c1-9(2)15(20,10(3)17)14(19)21-8-11-4-6-16-7-5-12(18)13(11)16/h4,9-10,12-13,17-18,20H,5-8H2,1-3H3"
3.94,3.94,"InChI=1S/C15H25NO6/c1-9(2)15(20,10(3)17)14(19)22-8-11-4-6-16(21)7-5-12(18)13(11)16/h4,9-10,12-13,17-18,20H,5-8H2,1-3H3"
13.61,13.61,"InChI=1S/C16H12N2O/c19-15-11-10-12-6-4-5-9-14(12)16(15)18-17-13-7-2-1-3-8-13/h1-11,19H"
8.25,8.25,"InChI=1S/C16H13N3O3/c1-22-16(21)19-15-17-12-8-7-11(9-13(12)18-15)14(20)10-5-3-2-4-6-10/h2-9H,1H3,(H2,17,18,19,21)"
7.83,7.83,"InChI=1S/C16H14N2O/c1-11-7-3-6-10-15(11)18-12(2)17-14-9-5-4-8-13(14)16(18)19/h3-10H,1-2H3"
8.12,8.12,"InChI=1S/C16H14N2O2/c1-11-7-9-13(10-8-11)16(12-5-3-2-4-6-12)14(19)17-15(20)18-16/h2-10H,1H3,(H2,17,18,19,20)"
9.83,9.83,"InChI=1S/C16H14N2O2S/c1-18(12-7-3-2-4-8-12)15(19)11-20-16-17-13-9-5-6-10-14(13)21-16/h2-10H,11H2,1H3"
7.37,7.37,"InChI=1S/C16H14N2O3S/c1-11-15(12-7-9-14(10-8-12)22(17,19)20)16(18-21-11)13-5-3-2-4-6-13/h2-10H,1H3,(H2,17,19,20)"
5.67,5.67,"InChI=1S/C16H14N4O4/c1-10(21)18-12-4-2-11(3-5-12)14-7-6-13(24-14)8-17-20-9-15(22)19-16(20)23/h2-8H,9H2,1H3,(H,18,21)(H,19,22,23)"
8.53,8.53,"InChI=1S/C16H14O3/c1-11(16(18)19)13-8-5-9-14(10-13)15(17)12-6-3-2-4-7-12/h2-11H,1H3,(H,18,19)"
8.75,8.75,"InChI=1S/C16H16N2O4/c1-11-5-3-6-12(9-11)18-16(20)22-14-8-4-7-13(10-14)17-15(19)21-2/h3-10H,1-2H3,(H,17,19)(H,18,20)"
8.57,8.57,"InChI=1S/C16H16N2O4/c1-2-21-15(19)18-13-9-6-10-14(11-13)22-16(20)17-12-7-4-3-5-8-12/h3-11H,2H2,1H3,(H,17,20)(H,18,19)"
5.3100000000000005,5.31,"InChI=1S/C16H17N3/c1-2-6-14-12(4-1)10-13-5-3-7-18-16(13)19-9-8-17-11-15(14)19/h1-7,15,17H,8-11H2"
4.08,4.08,"InChI=1S/C16H17N3O4S/c1-8-7-24-15-11(14(21)19(15)12(8)16(22)23)18-13(20)10(17)9-5-3-2-4-6-9/h2-6,10-11,15H,7,17H2,1H3,(H,18,20)(H,22,23)"
2.8400000000000003,2.84,"InChI=1S/C16H17N3O5S/c1-7-6-25-15-11(14(22)19(15)12(7)16(23)24)18-13(21)10(17)8-2-4-9(20)5-3-8/h2-5,10-11,15,20H,6,17H2,1H3,(H,18,21)(H,23,24)"
8.57,8.57,"InChI=1S/C16H17NO/c1-17(2)16(18)15(13-9-5-3-6-10-13)14-11-7-4-8-12-14/h3-12,15H,1-2H3"
2.71,2.71,"InChI=1S/C16H17NO3/c18-11-3-1-8-7-10-9-2-4-12(19)15-16(9,5-6-17-10)13(8)14(11)20-15/h1-4,9-10,12,15,17-19H,5-7H2"
5.42,5.42,"InChI=1S/C16H18N2/c1-18-10-14(12-6-3-2-4-7-12)13-8-5-9-16(17)15(13)11-18/h2-9,14H,10-11,17H2,1H3"
8.43,8.43,"InChI=1S/C16H18N2O3/c1-18(2)16(19)17-12-4-6-14(7-5-12)21-15-10-8-13(20-3)9-11-15/h4-11H,1-3H3,(H,17,19)"
8.770000000000001,8.77,"InChI=1S/C16H18N4O7S/c1-25-12-8-13(26-2)18-15(17-12)19-16(22)20-28(23,24)9-10-6-4-5-7-11(10)14(21)27-3/h4-8H,9H2,1-3H3,(H2,17,18,19,20,22)"
4.21,4.21,"InChI=1S/C16H19N3O4S/c1-16(2)11(15(22)23)19-13(21)10(14(19)24-16)18-12(20)9(17)8-6-4-3-5-7-8/h3-7,9-11,14H,17H2,1-2H3,(H,18,20)(H,22,23)"
6.47,6.47,"InChI=1S/C16H19N3S/c1-12(18(2)3)11-19-13-7-4-5-8-14(13)20-15-9-6-10-17-16(15)19/h4-10,12H,11H2,1-3H3"
7.21,7.21,"InChI=1S/C16H19N3S/c1-18(2)11-6-12-19-13-7-3-4-8-14(13)20-15-9-5-10-17-16(15)19/h3-5,7-10H,6,11-12H2,1-2H3"
4.680000000000001,4.68,"InChI=1S/C16H19NO4/c1-17-11-7-8-12(17)14(15(18)19)13(9-11)21-16(20)10-5-3-2-4-6-10/h2-6,11-14H,7-9H2,1H3,(H,18,19)"
4.98,4.98,"InChI=1S/C16H20N2/c1-18(2)13-11-15(14-8-4-3-5-9-14)16-10-6-7-12-17-16/h3-10,12,15H,11,13H2,1-2H3"
5.39,5.39,"InChI=1S/C16H20N2O/c1-18(2,19)13-11-15(14-8-4-3-5-9-14)16-10-6-7-12-17-16/h3-10,12,15H,11,13H2,1-2H3"
7.16,7.16,"InChI=1S/C16H20N2O3/c1-9(2)16(4)15(20)17-13(18-16)12-8-10(3)6-7-11(12)14(19)21-5/h6-9H,1-5H3,(H,17,18,20)"
5.54,5.54,"InChI=1S/C16H20N2O4S2/c1-9-15(21)13(5-19)11(3-17-9)7-23-24-8-12-4-18-10(2)16(22)14(12)6-20/h3-4,19-22H,5-8H2,1-2H3"
6.54,6.54,"InChI=1S/C16H20N4O2/c1-5-6-11-14(21)19-13-9-10(2)7-8-12(13)17-16(18(3)4)20(19)15(11)22/h7-9,11H,5-6H2,1-4H3"
6.67,6.67,"InChI=1S/C16H20N4O3S/c1-11(2)18-16(21)20-24(22,23)15-10-17-8-7-14(15)19-13-6-4-5-12(3)9-13/h4-11H,1-3H3,(H,17,19)(H2,18,20,21)"
12.36,12.36,"InChI=1S/C16H20O6P2S3/c1-17-23(25,18-2)21-13-5-9-15(10-6-13)27-16-11-7-14(8-12-16)22-24(26,19-3)20-4/h5-12H,1-4H3"
5.86,5.86,"InChI=1S/C16H21N3/c1-18(2)12-13-19(16-10-6-7-11-17-16)14-15-8-4-3-5-9-15/h3-11H,12-14H2,1-2H3"
3.61,3.61,"InChI=1S/C16H21N3O2/c1-19(2)6-5-12-9-17-15-4-3-11(8-14(12)15)7-13-10-21-16(20)18-13/h3-4,8-9,13,17H,5-7,10H2,1-2H3,(H,18,20)"
3.62,3.62,"InChI=1S/C16H21N5O2/c1-3-6-21-7-4-5-11(21)10-17-16(22)12-8-13-14(19-20-18-13)9-15(12)23-2/h3,8-9,11H,1,4-7,10H2,2H3,(H,17,22)(H,18,19,20)"
6.59,6.59,"InChI=1S/C16H21NO2/c1-12(2)17-10-14(18)11-19-16-9-5-7-13-6-3-4-8-15(13)16/h3-9,12,14,17-18H,10-11H2,1-2H3"
5.28,5.28,"InChI=1S/C16H21NO2/c1-3-19-15(18)16(13-9-5-4-6-10-13)12-8-7-11-14(16)17-2/h4-7,9-11,14,17H,3,8,12H2,1-2H3"
3.73,3.73,"InChI=1S/C16H21NO3/c1-17-12-7-8-13(17)10-14(9-12)20-16(19)15(18)11-5-3-2-4-6-11/h2-6,12-15,18H,7-10H2,1H3"
5.180000000000001,5.18,"InChI=1S/C16H21NO3/c1-2-5-13(17-8-3-4-9-17)16(18)12-6-7-14-15(10-12)20-11-19-14/h6-7,10,13H,2-5,8-9,11H2,1H3"
4.930000000000001,4.93,"InChI=1S/C16H21NO4/c1-10(2)17-8-13(19)9-20-14-6-4-5-12-7-15(11(3)18)21-16(12)14/h4-7,10,13,17,19H,8-9H2,1-3H3"
4.24,4.24,"InChI=1S/C16H22N4O4/c1-21-4-5-24-14-12(22-2)7-10(8-13(14)23-3)6-11-9-19-16(18)20-15(11)17/h7-9H,4-6H2,1-3H3,(H4,17,18,19,20)"
4.46,4.46,"InChI=1S/C16H22N4O4S/c1-10(15(25-13(4)23)5-6-24-12(3)22)20(9-21)8-14-7-18-11(2)19-16(14)17/h7,9H,5-6,8H2,1-4H3,(H2,17,18,19)"
12,12,"InChI=1S/C16H22O4/c1-3-5-11-19-15(17)13-9-7-8-10-14(13)16(18)20-12-6-4-2/h7-10H,3-6,11-12H2,1-2H3"
12.25,12.25,"InChI=1S/C16H23N3OS/c1-12(2)19-14(17-16(3,4)5)21-11-18(15(19)20)13-9-7-6-8-10-13/h6-10,12H,11H2,1-5H3"
6.03,6.03,"InChI=1S/C16H23NO/c1-3-6-15(17-11-4-5-12-17)16(18)14-9-7-13(2)8-10-14/h7-10,15H,3-6,11-12H2,1-2H3"
2.92,2.92,"InChI=1S/C16H23NO6/c1-9-13(18)23-11-5-7-17-6-4-10(12(11)17)8-22-14(19)16(3,21)15(9,2)20/h4,9,11-12,20-21H,5-8H2,1-3H3"
3.19,3.19,"InChI=1S/C16H23NO7/c1-9-13(18)24-11-5-7-17(22)6-4-10(12(11)17)8-23-14(19)16(3,21)15(9,2)20/h4,9,11-12,20-21H,5-8H2,1-3H3"
7.75,7.75,"InChI=1S/C16H24N2/c1-11-8-13(16(3,4)5)9-12(2)14(11)10-15-17-6-7-18-15/h8-9H,6-7,10H2,1-5H3,(H,17,18)"
4.87,4.87,"InChI=1S/C16H24N2/c1-12(2)18(13(3)4)10-9-14-11-17-16-8-6-5-7-15(14)16/h5-8,11-13,17H,9-10H2,1-4H3"
5.96,5.96,"InChI=1S/C16H24N2/c1-13(2)16(12-17,11-14(3)18(4)5)15-9-7-6-8-10-15/h6-10,13-14H,11H2,1-5H3"
6.989999999999999,6.99,"InChI=1S/C16H24N2O/c1-10-8-13(16(3,4)5)15(19)11(2)12(10)9-14-17-6-7-18-14/h8,19H,6-7,9H2,1-5H3,(H,17,18)"
4.34,4.34,"InChI=1S/C16H24N2O/c1-11(2)18(12(3)4)9-8-13-10-17-14-6-5-7-15(19)16(13)14/h5-7,10-12,17,19H,8-9H2,1-4H3"
3.98,3.98,"InChI=1S/C16H24N2O/c1-3-9-18(10-4-2)11-8-13-6-5-7-15-14(13)12-16(19)17-15/h5-7H,3-4,8-12H2,1-2H3,(H,17,19)"
4.89,4.89,"InChI=1S/C16H24N2O2/c1-3-13-11(2)17-14-5-4-12(16(19)15(13)14)10-18-6-8-20-9-7-18/h12,17H,3-10H2,1-2H3"
3.91,3.91,"InChI=1S/C16H24N2O3/c1-16(2,3)17-9-11(19)10-21-14-6-4-5-13-12(14)7-8-15(20)18-13/h4-6,11,17,19H,7-10H2,1-3H3,(H,18,20)"
4.88,4.88,"InChI=1S/C16H25NO2/c1-17(2)12-14-7-4-5-10-16(14,18)13-8-6-9-15(11-13)19-3/h6,8-9,11,14,18H,4-5,7,10,12H2,1-3H3"
4.760000000000001,4.76,"InChI=1S/C16H25NO2/c1-17(2)12-15(13-6-8-14(18)9-7-13)16(19)10-4-3-5-11-16/h6-9,15,18-19H,3-5,10-12H2,1-2H3"
6.180000000000001,6.18,"InChI=1S/C16H25NO2/c1-17-12-15(16(18)10-4-3-5-11-16)13-6-8-14(19-2)9-7-13/h6-9,15,17-18H,3-5,10-12H2,1-2H3"
6.760000000000001,6.76,"InChI=1S/C16H25NO2S/c1-16(2,3)17-10-13(18)11-19-14-8-4-6-12-7-5-9-20-15(12)14/h4,6,8,13,17-18H,5,7,9-11H2,1-3H3"
6.21,6.21,"InChI=1S/C16H25NO3/c1-11(2)14-10-15(20-13(4)18)12(3)9-16(14)19-8-7-17(5)6/h9-11H,7-8H2,1-6H3"
5.239999999999999,5.24,"InChI=1S/C16H25NO3/c1-17(2,19)12-14-7-4-5-10-16(14,18)13-8-6-9-15(11-13)20-3/h6,8-9,11,14,18H,4-5,7,10,12H2,1-3H3"
5.180000000000001,5.18,"InChI=1S/C16H25NO4/c1-12(2)17-10-14(18)11-21-15-7-4-13(5-8-15)6-9-16(19)20-3/h4-5,7-8,12,14,17-18H,6,9-11H2,1-3H3"
12.85,12.85,"InChI=1S/C16H25NOS/c1-5-13(3)17(14(4)6-2)16(18)19-12-15-10-8-7-9-11-15/h7-11,13-14H,5-6,12H2,1-4H3"
4.24,4.24,"InChI=1S/C16H26N2O2/c1-5-18(6-2)11-16(3,4)12-20-15(19)13-7-9-14(17)10-8-13/h7-10H,5-6,11-12,17H2,1-4H3"
6.069999999999999,6.07,"InChI=1S/C16H26N2O2/c1-6-16(12-17(2)3,13-18(4)5)20-15(19)14-10-8-7-9-11-14/h7-11H,6,12-13H2,1-5H3"
4.88,4.88,"InChI=1S/C16H26N2O5S/c1-16(2)8-10(16)13(19)18-12(15(22)23)6-4-3-5-7-24-9-11(17)14(20)21/h6,10-11H,3-5,7-9,17H2,1-2H3,(H,18,19)(H,20,21)(H,22,23)"
12.4,12.4,"InChI=1S/C16H26O2/c1-2-3-4-5-6-7-8-15-9-11-16(12-10-15)18-14-13-17/h9-12,17H,2-8,13-14H2,1H3"
4.27,4.27,"InChI=1S/C16H27NO5/c1-10(2)16(20,11(3)21-4)15(19)22-9-12-5-7-17-8-6-13(18)14(12)17/h5,10-11,13-14,18,20H,6-9H2,1-4H3"
3.49,3.49,"InChI=1S/C16H27NO6/c1-10(2)16(20,11(3)22-4)15(19)23-9-12-5-7-17(21)8-6-13(18)14(12)17/h5,10-11,13-14,18,20H,6-9H2,1-4H3"
6.64,6.64,"InChI=1S/C16H28N2O2/c1-18(2)3-4-20-11-15(19)17-16-8-12-5-13(9-16)7-14(6-12)10-16/h12-14H,3-11H2,1-2H3,(H,17,19)"
6.760000000000001,6.76,"InChI=1S/C16H28N2O4/c1-5-12(6-2)22-14-9-11(16(20)21-7-3)8-13(17)15(14)18-10(4)19/h9,12-15H,5-8,17H2,1-4H3,(H,18,19)"
4.66,4.66,"InChI=1S/C17H13N3O5S2/c21-15(13-3-1-2-4-14(13)16(22)23)19-11-5-7-12(8-6-11)27(24,25)20-17-18-9-10-26-17/h1-10H,(H,18,20)(H,19,21)(H,22,23)"
6.91,6.91,"InChI=1S/C17H13N5O2/c1-11-19-20-16-10-18-17(12-5-3-2-4-6-12)14-9-13(22(23)24)7-8-15(14)21(11)16/h2-9H,10H2,1H3"
6.61,6.61,"InChI=1S/C17H15N5O/c1-3-21(12(2)23)15-6-4-5-13(9-15)16-7-8-19-17-14(10-18)11-20-22(16)17/h4-9,11H,3H2,1-2H3"
7.41,7.41,"InChI=1S/C17H15NO5/c1-11(19)18-13-7-9-14(10-8-13)23-17(21)15-5-3-4-6-16(15)22-12(2)20/h3-10H,1-2H3,(H,18,19)"
9.49,9.49,"InChI=1S/C17H16N2OS/c20-14-10-18-16(11-6-2-1-3-7-11)15-12-8-4-5-9-13(12)21-17(15)19-14/h1-3,6-7H,4-5,8-10H2,(H,19,20)"
4.5600000000000005,4.56,"InChI=1S/C17H16N4O2/c1-12-15(19-16(22)13-7-6-10-18-11-13)17(23)21(20(12)2)14-8-4-3-5-9-14/h3-11H,1-2H3,(H,19,22)"
8.43,8.43,"InChI=1S/C17H16N4S/c1-3-13-9-14-16(12-7-5-4-6-8-12)18-10-15-20-19-11(2)21(15)17(14)22-13/h4-9H,3,10H2,1-2H3"
6.1,6.1,"InChI=1S/C17H17N3O3/c1-9(2)17(3)16(23)19-14(20-17)13-11(15(21)22)8-10-6-4-5-7-12(10)18-13/h4-9H,1-3H3,(H,21,22)(H,19,20,23)"
9.22,9.22,"InChI=1S/C17H17N3OS/c1-17(13-9-5-3-6-10-13)15(21)20(16(18-17)22-2)19-14-11-7-4-8-12-14/h3-12,19H,1-2H3"
4.28,4.28,"InChI=1S/C17H17NO2/c1-18-8-7-10-3-2-4-12-15(10)13(18)9-11-5-6-14(19)17(20)16(11)12/h2-6,13,19-20H,7-9H2,1H3"
6.86,6.86,"InChI=1S/C17H18N2/c1-3-7-15-13(5-1)11-14-6-2-4-8-16(14)19-10-9-18-12-17(15)19/h1-8,17-18H,9-12H2"
7.17,7.17,"InChI=1S/C17H18N2O5S/c18-25(22,23)15-11-12(17(20)21)10-14(19-8-4-5-9-19)16(15)24-13-6-2-1-3-7-13/h1-3,6-7,10-11H,4-5,8-9H2,(H,20,21)(H2,18,22,23)"
8.31,8.31,"InChI=1S/C17H18N2O6/c1-9-13(16(20)24-3)15(14(10(2)18-9)17(21)25-4)11-7-5-6-8-12(11)19(22)23/h5-8,15,18H,1-4H3"
6.52,6.52,"InChI=1S/C17H18N4O6S/c1-10-7-11(2)19-16(18-10)20-17(23)21-28(24,25)14-6-4-3-5-13(14)15(22)27-12-8-26-9-12/h3-7,12H,8-9H2,1-2H3,(H2,18,19,20,21,23)"
5.29,5.29,"InChI=1S/C17H19N3/c1-19-9-10-20-16(12-19)15-7-3-2-5-13(15)11-14-6-4-8-18-17(14)20/h2-8,16H,9-12H2,1H3"
6.41,6.41,"InChI=1S/C17H19N3/c1-3-7-15(8-4-1)13-20(14-17-18-11-12-19-17)16-9-5-2-6-10-16/h1-10H,11-14H2,(H,18,19)"
5.86,5.86,"InChI=1S/C17H19N3O/c1-13-5-7-14(8-6-13)20(12-17-18-9-10-19-17)15-3-2-4-16(21)11-15/h2-8,11,21H,9-10,12H2,1H3,(H,18,19)"
4.54,4.54,"InChI=1S/C17H19N3O/c1-19-6-7-20-16(11-19)15-5-3-2-4-12(15)8-13-9-14(21)10-18-17(13)20/h2-5,9-10,16,21H,6-8,11H2,1H3"
7.81,7.65,"InChI=1S/C17H19N3O3S/c1-10-8-18-15(11(2)16(10)23-4)9-24(21)17-19-13-6-5-12(22-3)7-14(13)20-17/h5-8H,9H2,1-4H3,(H,19,20)"
5.67,5.67,"InChI=1S/C17H19NO/c1-18-11-12-19-17(14-7-3-2-4-8-14)16-10-6-5-9-15(16)13-18/h2-10,17H,11-13H2,1H3"
9.62,9.62,"InChI=1S/C17H19NO2/c1-12(2)20-15-9-6-8-14(11-15)18-17(19)16-10-5-4-7-13(16)3/h4-12H,1-3H3,(H,18,19)"
2.91,2.91,"InChI=1S/C17H19NO3/c1-18-7-6-17-10-3-5-13(20)16(17)21-15-12(19)4-2-9(14(15)17)8-11(10)18/h2,4,10-11,16,19H,3,5-8H2,1H3"
2.54,2.54,"InChI=1S/C17H19NO3/c1-18-7-6-17-10-3-5-13(20)16(17)21-15-12(19)4-2-9(14(15)17)8-11(10)18/h2-5,10-11,13,16,19-20H,6-8H2,1H3"
3.5,3.5,"InChI=1S/C17H19NO3/c1-20-13-5-2-9-8-11-10-3-4-12(19)16-17(10,6-7-18-11)14(9)15(13)21-16/h2-5,10-12,16,18-19H,6-8H2,1H3"
8.99,8.99,"InChI=1S/C17H19NO4/c1-11-7-5-8-12(2)15(11)18(13(3)17(20)21-4)16(19)14-9-6-10-22-14/h5-10,13H,1-4H3"
2.75,2.75,"InChI=1S/C17H19NO4/c1-18-7-6-16-13-9-2-3-10(19)14(13)22-15(16)11(20)4-5-17(16,21)12(18)8-9/h2-3,12,15,19,21H,4-8H2,1H3"
10.59,10.59,"InChI=1S/C17H19NO4/c1-2-20-17(19)18-12-13-21-14-8-10-16(11-9-14)22-15-6-4-3-5-7-15/h3-11H,2,12-13H2,1H3,(H,18,19)"
3.71,3.71,"InChI=1S/C17H19NO4/c1-21-11-3-2-9-8-12-17(20)5-4-10(19)15-16(17,6-7-18-12)13(9)14(11)22-15/h2-3,12,15,18,20H,4-8H2,1H3"
9.68,9.68,"InChI=1S/C17H20N2O/c1-13-9-11-15(12-10-13)18-16(20)19-17(2,3)14-7-5-4-6-8-14/h4-12H,1-3H3,(H2,18,19,20)"
5.09,5.09,"InChI=1S/C17H20N2O2/c1-19-11-6-7-12(19)9-13(8-11)21-17(20)15-10-18-16-5-3-2-4-14(15)16/h2-5,10-13,18H,6-9H2,1H3"
6.03,6.03,"InChI=1S/C17H20N2O2/c1-2-19(12-14-8-10-18-11-9-14)17(21)16(13-20)15-6-4-3-5-7-15/h3-11,16,20H,2,12-13H2,1H3"
9.87,9.87,"InChI=1S/C17H20N2O3/c1-12(2)22-17(20)19-18-15-11-14(9-10-16(15)21-3)13-7-5-4-6-8-13/h4-12,18H,1-3H3,(H,19,20)"
7.83,7.83,"InChI=1S/C17H20N2O5S/c1-2-3-9-19-14-10-12(17(20)21)11-15(25(18,22)23)16(14)24-13-7-5-4-6-8-13/h4-8,10-11,19H,2-3,9H2,1H3,(H,20,21)(H2,18,22,23)"
7.53,7.53,"InChI=1S/C17H20N2S/c1-13(18(2)3)12-19-14-8-4-6-10-16(14)20-17-11-7-5-9-15(17)19/h4-11,13H,12H2,1-3H3"
7.689999999999999,7.69,"InChI=1S/C17H20N2S/c1-18(2)12-7-13-19-14-8-3-5-10-16(14)20-17-11-6-4-9-15(17)19/h3-6,8-11H,7,12-13H2,1-2H3"
4.989999999999999,4.99,"InChI=1S/C17H20N4S/c1-12-11-13-16(21-9-7-20(2)8-10-21)18-14-5-3-4-6-15(14)19-17(13)22-12/h3-6,11,19H,7-10H2,1-2H3"
7.54,7.54,"InChI=1S/C17H20N6O7S/c1-23(2)15(25)11-6-5-10(18-9-24)7-12(11)31(27,28)22-17(26)21-16-19-13(29-3)8-14(20-16)30-4/h5-9H,1-4H3,(H,18,24)(H2,19,20,21,22,26)"
7.54,7.54,"InChI=1S/C17H21NO/c1-14-8-6-7-11-16(14)17(19-13-12-18-2)15-9-4-3-5-10-15/h3-11,17-18H,12-13H2,1-2H3"
7.63,7.63,"InChI=1S/C17H21NO/c1-14-8-6-7-11-16(14)19-17(12-13-18-2)15-9-4-3-5-10-15/h3-11,17-18H,12-13H2,1-2H3"
7.29,7.29,"InChI=1S/C17H21NO/c1-18(2)12-13-19-17-11-7-6-10-16(17)14-15-8-4-3-5-9-15/h3-11H,12-14H2,1-2H3"
6.63,6.63,"InChI=1S/C17H21NO/c1-18(2)13-14-19-17(15-9-5-3-6-10-15)16-11-7-4-8-12-16/h3-12,17H,13-14H2,1-2H3"
3.84,3.84,"InChI=1S/C17H21NO2/c1-18-8-7-17-11-3-2-4-14(17)20-16-13(19)6-5-10(15(16)17)9-12(11)18/h5-6,11-12,14,19H,2-4,7-9H2,1H3"
10.18,10.18,"InChI=1S/C17H21NO2/c1-4-18(5-2)17(19)13(3)20-16-12-8-10-14-9-6-7-11-15(14)16/h6-13H,4-5H2,1-3H3"
3.79,3.79,"InChI=1S/C17H21NO3/c1-12(17(21)14-4-8-16(20)9-5-14)18-11-10-13-2-6-15(19)7-3-13/h2-9,12,17-21H,10-11H2,1H3"
2.99,2.99,"InChI=1S/C17H21NO3/c1-18-8-7-17-6-5-12(19)9-14(17)21-16-13(20-2)4-3-11(10-18)15(16)17/h3-6,12,14,19H,7-10H2,1-2H3"
10.56,10.56,"InChI=1S/C17H21NO3/c1-3-11-6-5-7-12-13-8-9-21-17(4-2,10-14(19)20)16(13)18-15(11)12/h5-7,18H,3-4,8-10H2,1-2H3,(H,19,20)"
3.61,3.61,"InChI=1S/C17H21NO4/c1-11(6-12-2-4-14(19)5-3-12)18-10-17(22)13-7-15(20)9-16(21)8-13/h2-5,7-9,11,17-22H,6,10H2,1H3"
4.84,4.84,"InChI=1S/C17H21NO4/c1-18-12-8-9-13(18)15(17(20)21-2)14(10-12)22-16(19)11-6-4-3-5-7-11/h3-7,12-15H,8-10H2,1-2H3"
3.83,3.83,"InChI=1S/C17H21NO4/c1-18-13-7-11(8-14(18)16-15(13)22-16)21-17(20)12(9-19)10-5-3-2-4-6-10/h2-6,11-16,19H,7-9H2,1H3"
9.6,9.6,"InChI=1S/C17H21NO4S4/c1-18(2)15(13-23-25(19,20)16-9-5-3-6-10-16)14-24-26(21,22)17-11-7-4-8-12-17/h3-12,15H,13-14H2,1-2H3"
5.180000000000001,5.18,"InChI=1S/C17H22N2O/c1-17(20-14-13-19(2)3,15-9-5-4-6-10-15)16-11-7-8-12-18-16/h4-12H,13-14H2,1-3H3"
4.89,4.89,"InChI=1S/C17H22N2O/c1-4-9-19(10-5-2)11-8-14-13-18-17-7-6-15(20-3)12-16(14)17/h4-7,12-13,18H,1-2,8-11H2,3H3"
5.89,5.965,"InChI=1S/C17H23N3O/c1-19(2)12-13-20(17-6-4-5-11-18-17)14-15-7-9-16(21-3)10-8-15/h4-11H,12-14H2,1-3H3"
5.1,5.1,"InChI=1S/C17H23NO2/c1-4-20-16(19)17(14-10-6-5-7-11-14)13-9-8-12-15(17)18(2)3/h5-8,10-12,15H,4,9,13H2,1-3H3"
4.36,4.36,"InChI=1S/C17H23NO3/c1-18-13-7-8-14(18)10-15(9-13)21-17(20)16(11-19)12-5-3-2-4-6-12/h2-6,13-16,19H,7-11H2,1H3"
5.739999999999999,5.74,"InChI=1S/C17H25N/c1-4-10-16(11-5-1)17(12-6-2-7-13-17)18-14-8-3-9-15-18/h1,4-5,10-11H,2-3,6-9,12-15H2"
3.26,3.26,"InChI=1S/C17H25N3O2/c18-9-14-2-1-3-20(14)15(21)10-19-16-5-12-4-13(6-16)8-17(22,7-12)11-16/h12-14,19,22H,1-8,10-11H2"
10.76,10.76,"InChI=1S/C17H25N3O4S2/c1-5-23-16(21)11-12-20(13-15-9-7-6-8-10-15)26-19(3)17(22)24-18-14(2)25-4/h6-10H,5,11-13H2,1-4H3"
10.58,10.58,"InChI=1S/C17H25N3O5S/c1-7-12-11(8(2)21)16(23)20(12)13(17(24)25)14(7)26-9-5-10(18-6-9)15(22)19(3)4/h7-12,18,21H,5-6H2,1-4H3,(H,24,25)"
6.239999999999999,6.24,"InChI=1S/C17H25NO2/c1-2-14-20-16-8-6-15(7-9-16)17(19)10-13-18-11-4-3-5-12-18/h6-9H,2-5,10-14H2,1H3"
11.59,11.59,"InChI=1S/C17H25NO2/c1-3-5-6-11(4-2)10-18-16(19)14-12-7-8-13(9-12)15(14)17(18)20/h7-8,11-15H,3-6,9-10H2,1-2H3"
4.84,4.84,"InChI=1S/C17H25NO3/c1-17(2,3)18-10-12(19)11-21-16-9-5-6-13-14(16)7-4-8-15(13)20/h5-6,9,12,18-19H,4,7-8,10-11H2,1-3H3"
6.16,6.16,"InChI=1S/C17H25NO3/c1-18(2)12-13-21-16(19)15(14-8-4-3-5-9-14)17(20)10-6-7-11-17/h3-5,8-9,15,20H,6-7,10-13H2,1-2H3"
4.8100000000000005,4.81,"InChI=1S/C17H26N2O/c1-12(2)19(13(3)4)9-8-14-11-18-17-7-6-15(20-5)10-16(14)17/h6-7,10-13,18H,8-9H2,1-5H3"
5.39,5.39,"InChI=1S/C17H26N2O/c1-4-11-19-12-6-5-10-15(19)17(20)18-16-13(2)8-7-9-14(16)3/h7-9,15H,4-6,10-12H2,1-3H3,(H,18,20)"
6.14,6.14,"InChI=1S/C17H26N2O2/c1-13(2)17(12-18,9-6-10-19-3)14-7-8-15(20-4)16(11-14)21-5/h7-8,11,13,19H,6,9-10H2,1-5H3"
3.88,3.88,"InChI=1S/C17H27N3O4S/c1-4-20-8-6-7-12(20)11-19-17(21)13-9-16(25(22,23)5-2)14(18)10-15(13)24-3/h9-10,12H,4-8,11,18H2,1-3H3,(H,19,21)"
4.33,4.33,"InChI=1S/C17H27N3O5S/c1-4-20(22)8-6-7-12(20)11-19-17(21)13-9-16(26(23,24)5-2)14(18)10-15(13)25-3/h9-10,12H,4-8,11,18H2,1-3H3,(H,19,21)"
6.14,6.14,"InChI=1S/C17H27NO2/c1-18(2)13-16(17(19)11-5-4-6-12-17)14-7-9-15(20-3)10-8-14/h7-10,16,19H,4-6,11-13H2,1-3H3"
6.94,6.94,"InChI=1S/C17H27NO3/c1-18(2,20)13-16(17(19)11-5-4-6-12-17)14-7-9-15(21-3)10-8-14/h7-10,16,19H,4-6,11-13H2,1-3H3"
8.979999999999999,8.98,"InChI=1S/C17H27NO3/c1-4-17(5-2,13-18-16(20)10-7-11-19)14-8-6-9-15(12-14)21-3/h6,8-9,12,19H,4-5,7,10-11,13H2,1-3H3,(H,18,20)"
11.27,11.27,"InChI=1S/C17H27NO3/c1-4-7-13-20-16-10-8-15(9-11-16)17(19)21-14-12-18(5-2)6-3/h8-11H,4-7,12-14H2,1-3H3"
6.28,6.28,"InChI=1S/C17H27NO4/c1-10(2)18-8-15(20)9-21-16-7-11(3)17(22-14(6)19)13(5)12(16)4/h7,10,15,18,20H,8-9H2,1-6H3"
4.29,4.29,"InChI=1S/C17H27NO4/c1-17(2,3)18-9-12(19)10-22-16-6-4-5-11-7-14(20)15(21)8-13(11)16/h4-6,12,14-15,18-21H,7-10H2,1-3H3"
5.94,5.94,"InChI=1S/C17H28N2O3/c1-4-7-11-21-16-13-14(8-9-15(16)18)17(20)22-12-10-19(5-2)6-3/h8-9,13H,4-7,10-12,18H2,1-3H3"
13.2,13.8,"InChI=1S/C17H28O2/c1-2-3-4-5-6-7-8-9-16-10-12-17(13-11-16)19-15-14-18/h10-13,18H,2-9,14-15H2,1H3"
1.3099999999999998,1.31,"InChI=1S/C17H32N4O7/c1-14(22)10-18-2-4-19(11-15(23)24)6-8-21(13-17(27)28)9-7-20(5-3-18)12-16(25)26/h14,22H,2-13H2,1H3,(H,23,24)(H,25,26)(H,27,28)"
6.75,6.75,"InChI=1S/C18H13NO3/c20-17(14-9-3-4-10-15(14)18(21)22)19-16-11-5-7-12-6-1-2-8-13(12)16/h1-11H,(H,19,20)(H,21,22)"
6.61,6.61,"InChI=1S/C18H14N4O5S/c23-16-9-6-13(11-15(16)18(24)25)21-20-12-4-7-14(8-5-12)28(26,27)22-17-3-1-2-10-19-17/h1-11,23H,(H,19,22)(H,24,25)"
11.01,11.01,"InChI=1S/C18H15O4P/c19-23(20-16-10-4-1-5-11-16,21-17-12-6-2-7-13-17)22-18-14-8-3-9-15-18/h1-15H"
14.94,14.94,"InChI=1S/C18H16N2O/c1-12-7-9-16(13(2)11-12)19-20-18-15-6-4-3-5-14(15)8-10-17(18)21/h3-11,21H,1-2H3"
9.05,9.05,"InChI=1S/C18H16O3/c1-2-13(12-8-4-3-5-9-12)16-17(19)14-10-6-7-11-15(14)21-18(16)20/h3-11,13,19H,2H2,1H3"
10.68,10.68,"InChI=1S/C18H17NO3/c1-2-21-17(20)16-13-18(22-19-16,14-9-5-3-6-10-14)15-11-7-4-8-12-15/h3-12H,2,13H2,1H3"
9.61,9.61,"InChI=1S/C18H18N2O/c1-12(2)20-16-11-13(3)9-10-15(16)17(19-18(20)21)14-7-5-4-6-8-14/h4-12H,1-3H3"
7.239999999999999,7.24,"InChI=1S/C18H18N4O3/c1-13(11-14-5-3-2-4-6-14)22-12-17(25-21-22)20-18(24)19-15-7-9-16(23)10-8-15/h2-10,12-13,21H,11H2,1H3,(H,20,24)"
6.52,6.52,"InChI=1S/C18H19N/c1-19-12-18-11-10-13(14-6-2-4-8-16(14)18)15-7-3-5-9-17(15)18/h2-9,13,19H,10-12H2,1H3"
4.98,4.98,"InChI=1S/C18H19N3O/c1-12-19-9-10-21(12)11-13-7-8-16-17(18(13)22)14-5-3-4-6-15(14)20(16)2/h3-6,9-10,13H,7-8,11H2,1-2H3"
6.98,6.98,"InChI=1S/C18H19N3O3S/c1-21(16-4-2-3-9-19-16)10-11-24-14-7-5-13(6-8-14)12-15-17(22)20-18(23)25-15/h2-9,15H,10-12H2,1H3,(H,20,22,23)"
7.03,7.03,"InChI=1S/C18H19NO/c1-19-12-6-10-16-15-8-3-2-7-14(15)13-20-18-11-5-4-9-17(16)18/h2-5,7-11,19H,6,12-13H2,1H3"
10.76,10.76,"InChI=1S/C18H19NO4/c1-13-8-4-7-11-16(13)23-12-14-9-5-6-10-15(14)17(19-22-3)18(20)21-2/h4-11H,12H2,1-3H3"
8.110000000000001,8.11,"InChI=1S/C18H19NOS/c1-19-12-11-17(18-10-5-13-21-18)20-16-9-4-7-14-6-2-3-8-15(14)16/h2-10,13,17,19H,11-12H2,1H3"
6.94,6.94,"InChI=1S/C18H20N2/c1-19-10-11-20-17-9-5-3-7-15(17)12-14-6-2-4-8-16(14)18(20)13-19/h2-9,18H,10-13H2,1H3"
7.63,7.63,"InChI=1S/C18H20N2O/c1-20(21)11-10-19-17-9-5-3-7-15(17)12-14-6-2-4-8-16(14)18(19)13-20/h2-9,18H,10-13H2,1H3"
6.3,6.3,"InChI=1S/C18H21N/c1-3-9-15(10-4-1)18(16-11-5-2-6-12-16)17-13-7-8-14-19-17/h1-6,9-12,17-19H,7-8,13-14H2"
5.489999999999999,5.49,"InChI=1S/C18H21N3O/c1-19(2)12-13-21-17-11-7-6-10-16(17)20(3)15-9-5-4-8-14(15)18(21)22/h4-11H,12-13H2,1-3H3"
7.52,7.52,"InChI=1S/C18H21N3O3S/c1-13-16(19-9-8-17(13)24-11-5-10-23-2)12-25(22)18-20-14-6-3-4-7-15(14)21-18/h3-4,6-9H,5,10-12H2,1-2H3,(H,20,21)"
6.19,6.19,"InChI=1S/C18H21NO/c20-18(15-7-3-1-4-8-15,16-9-5-2-6-10-16)17-11-13-19-14-12-17/h1-10,17,19-20H,11-14H2"
5.78,5.78,"InChI=1S/C18H21NO/c20-18(15-9-3-1-4-10-15,16-11-5-2-6-12-16)17-13-7-8-14-19-17/h1-6,9-12,17,19-20H,7-8,13-14H2"
3.69,3.69,"InChI=1S/C18H21NO3/c1-19-8-7-18-11-4-5-13(20)17(18)22-16-14(21-2)6-3-10(15(16)18)9-12(11)19/h3,6,11-12,17H,4-5,7-9H2,1-2H3"
3.4,3.4,"InChI=1S/C18H21NO3/c1-19-8-7-18-11-4-5-13(20)17(18)22-16-14(21-2)6-3-10(15(16)18)9-12(11)19/h3-6,11-13,17,20H,7-9H2,1-2H3"
3.61,3.61,"InChI=1S/C18H21NO4/c1-19-8-7-17-14-10-3-4-12(22-2)15(14)23-16(17)11(20)5-6-18(17,21)13(19)9-10/h3-4,13,16,21H,5-9H2,1-2H3"
6.94,6.94,"InChI=1S/C18H22N2/c1-19-12-14-20(15-13-19)18(16-8-4-2-5-9-16)17-10-6-3-7-11-17/h2-11,18H,12-15H2,1H3"
8.08,8.61,"InChI=1S/C18H22N2/c1-19-13-6-14-20-17-9-4-2-7-15(17)11-12-16-8-3-5-10-18(16)20/h2-5,7-10,19H,6,11-14H2,1H3"
5.489999999999999,5.49,"InChI=1S/C18H22N2O2/c1-12(2)19-10-13(21)11-22-17-9-5-8-16-18(17)14-6-3-4-7-15(14)20-16/h3-9,12-13,19-21H,10-11H2,1-2H3"
5.34,5.34,"InChI=1S/C18H22N2O2S/c1-14(12-19(2)3)13-20-15-8-4-6-10-17(15)23(21,22)18-11-7-5-9-16(18)20/h4-11,14H,12-13H2,1-3H3"
12.52,12.52,"InChI=1S/C18H22N2O2S/c1-18(2,3)13-8-6-9-14(12-13)22-17(23)20(4)15-10-7-11-16(19-15)21-5/h6-12H,1-5H3"
8.33,8.33,"InChI=1S/C18H22N2OS/c1-13(11-19-2)12-20-15-6-4-5-7-17(15)22-18-9-8-14(21-3)10-16(18)20/h4-10,13,19H,11-12H2,1-3H3"
8.1,8.015,"InChI=1S/C18H22N2S/c1-14(12-19(2)3)13-20-15-8-4-6-10-17(15)21-18-11-7-5-9-16(18)20/h4-11,14H,12-13H2,1-3H3"
7.760000000000001,7.76,"InChI=1S/C18H22N2S/c1-3-19(4-2)13-14-20-15-9-5-7-11-17(15)21-18-12-8-6-10-16(18)20/h5-12H,3-4,13-14H2,1-2H3"
9.56,9.56,"InChI=1S/C18H22O2/c1-18-9-8-14-13-5-3-12(19)10-11(13)2-4-15(14)16(18)6-7-17(18)20/h3,5,10,14-16,19H,2,4,6-9H2,1H3"
8.889999999999999,8.89,"InChI=1S/C18H22O2/c1-18-9-8-14-13-5-3-12(19)10-11(13)2-4-15(14)16(18)6-7-17(18)20/h8-10,15-17,20H,2-7H2,1H3"
8.69,8.69,"InChI=1S/C18H22O3/c1-18-9-8-11-10-4-6-15(19)17(21)13(10)3-2-12(11)14(18)5-7-16(18)20/h4,6,11-12,14,19,21H,2-3,5,7-9H2,1H3"
7.47,7.47,"InChI=1S/C18H23N/c1-15-9-11-17(12-10-15)18(13-14-19(2)3)16-7-5-4-6-8-16/h4-12,18H,13-14H2,1-3H3"
5.0600000000000005,5.06,"InChI=1S/C18H23N5O2/c1-13(11-14-7-5-4-6-8-14)19-9-10-23-12-20-16-15(23)17(24)22(3)18(25)21(16)2/h4-8,12-13,19H,9-11H2,1-3H3"
3.56,3.56,"InChI=1S/C18H23N5O5/c1-21-16-15(17(27)22(2)18(21)28)23(10-20-16)5-3-4-19-9-14(26)11-6-12(24)8-13(25)7-11/h6-8,10,14,19,24-26H,3-5,9H2,1-2H3"
7.439999999999999,7.44,"InChI=1S/C18H23NO/c1-15-9-7-8-12-17(15)18(20-14-13-19(2)3)16-10-5-4-6-11-16/h4-12,18H,13-14H2,1-3H3"
5.28,5.28,"InChI=1S/C18H23NO3/c1-13(12-22-17-6-4-3-5-7-17)19-14(2)18(21)15-8-10-16(20)11-9-15/h3-11,13-14,18-21H,12H2,1-2H3"
4.21,4.21,"InChI=1S/C18H23NO3/c1-13(2-3-14-4-7-16(20)8-5-14)19-11-10-15-6-9-17(21)18(22)12-15/h4-9,12-13,19-22H,2-3,10-11H2,1H3"
4.39,4.39,"InChI=1S/C18H23NO3/c1-13(2-3-14-4-8-16(20)9-5-14)19-12-18(22)15-6-10-17(21)11-7-15/h4-11,13,18-22H,2-3,12H2,1H3"
3.36,3.36,"InChI=1S/C18H23NO3/c1-19-8-7-18-11-4-5-13(20)17(18)22-16-14(21-2)6-3-10(15(16)18)9-12(11)19/h3,6,11-13,17,20H,4-5,7-9H2,1-2H3"
5.46,5.46,"InChI=1S/C18H23NO4/c1-3-22-18(21)16-14-10-9-13(19(14)2)11-15(16)23-17(20)12-7-5-4-6-8-12/h4-8,13-16H,3,9-11H2,1-2H3"
4.17,4.17,"InChI=1S/C18H23NO5/c1-4-12-9-11(2)18(3,22)17(21)23-10-13-5-7-19-8-6-14(15(13)19)24-16(12)20/h4-5,14-15,22H,2,6-10H2,1,3H3"
4.5,4.5,"InChI=1S/C18H23NO6/c1-4-12-9-11(2)18(3,22)17(21)24-10-13-5-7-19(23)8-6-14(15(13)19)25-16(12)20/h4-5,14-15,22H,2,6-10H2,1,3H3"
9.92,9.92,"InChI=1S/C18H24N2/c1-14(2)13-15(3)19-17-9-11-18(12-10-17)20-16-7-5-4-6-8-16/h4-12,14-15,19-20H,13H2,1-3H3"
9.42,9.42,"InChI=1S/C18H24N2O4/c1-6-18(3,7-2)14-11-15(24-20-14)19-17(21)16-12(22-4)9-8-10-13(16)23-5/h8-11H,6-7H2,1-5H3,(H,19,21)"
13.08,13.08,"InChI=1S/C18H24N2O6/c1-4-6-7-8-10-13(3)15-11-14(19(22)23)12-16(20(24)25)18(15)26-17(21)9-5-2/h5,9,11-13H,4,6-8,10H2,1-3H3"
4.989999999999999,4.99,"InChI=1S/C18H24N4O/c1-21-13-6-5-7-14(21)11-12(10-13)19-18(23)17-15-8-3-4-9-16(15)22(2)20-17/h3-4,8-9,12-14H,5-7,10-11H2,1-2H3,(H,19,23)"
12.04,12.04,"InChI=1S/C18H24O2/c1-10-9-20-16(19)13-8-15-14(7-12(10)13)17(3,4)11(2)18(15,5)6/h7-8,10-11H,9H2,1-6H3"
6.83,6.83,"InChI=1S/C18H24O3/c1-18-7-6-13-12-5-3-11(19)8-10(12)2-4-14(13)15(18)9-16(20)17(18)21/h3,5,8,13-17,19-21H,2,4,6-7,9H2,1H3"
6.510000000000001,6.51,"InChI=1S/C18H25NO/c1-19-10-9-18-8-4-3-5-15(18)17(19)11-13-6-7-14(20-2)12-16(13)18/h6-7,12,15,17H,3-5,8-11H2,1-2H3"
4.62,4.62,"InChI=1S/C18H25NO5/c1-4-12-9-11(2)18(3,22)17(21)23-10-13-5-7-19-8-6-14(15(13)19)24-16(12)20/h4-5,11,14-15,22H,6-10H2,1-3H3"
4.01,4.01,"InChI=1S/C18H25NO6/c1-3-12-8-11(2)18(23,10-20)17(22)24-9-13-4-6-19-7-5-14(15(13)19)25-16(12)21/h3-4,11,14-15,20,23H,5-10H2,1-2H3"
5.069999999999999,5.07,"InChI=1S/C18H25NO6/c1-4-12-9-11(2)18(3,22)17(21)24-10-13-5-7-19(23)8-6-14(15(13)19)25-16(12)20/h4-5,11,14-15,22H,6-10H2,1-3H3"
4.33,4.33,"InChI=1S/C18H25NO7/c1-3-12-8-11(2)18(23,10-20)17(22)25-9-13-4-6-19(24)7-5-14(15(13)19)26-16(12)21/h3-4,11,14-15,20,23H,5-10H2,1-2H3"
9.79,9.79,"InChI=1S/C18H26N2O4S/c1-11-5-7-12(8-6-11)25(23,24)20-16(22)19-14-13-9-10-18(4,15(14)21)17(13,2)3/h5-8,13-15,21H,9-10H2,1-4H3,(H2,19,20,22)"
12.09,12.09,"InChI=1S/C18H26N2O5S/c1-6-7-11-23-16(21)19(4)26-20(5)17(22)24-14-10-8-9-13-12-18(2,3)25-15(13)14/h8-10H,6-7,11-12H2,1-5H3"
10.54,10.54,"InChI=1S/C18H26N4O2/c1-4-5-8-11-22-14-10-7-6-9-13(14)16(21-22)18(24)20-15(12(2)3)17(19)23/h6-7,9-10,12,15H,4-5,8,11H2,1-3H3,(H2,19,23)(H,20,24)"
13.86,13.86,"InChI=1S/C18H26O/c1-11-9-19-10-13-7-15-16(8-14(11)13)18(5,6)12(2)17(15,3)4/h7-8,11-12H,9-10H2,1-6H3"
9.37,9.37,"InChI=1S/C18H26O2/c1-18-9-8-14-13-5-3-12(19)10-11(13)2-4-15(14)16(18)6-7-17(18)20/h10,13-17,20H,2-9H2,1H3"
9.83,9.83,"InChI=1S/C18H27NO3/c1-14(2)8-6-4-5-7-9-18(21)19-13-15-10-11-16(20)17(12-15)22-3/h6,8,10-12,14,20H,4-5,7,9,13H2,1-3H3,(H,19,21)"
6.180000000000001,6.18,"InChI=1S/C18H28N2O/c1-4-5-12-20-13-7-6-11-16(20)18(21)19-17-14(2)9-8-10-15(17)3/h8-10,16H,4-7,11-13H2,1-3H3,(H,19,21)"
9.82,9.82,"InChI=1S/C18H28N2O3/c1-11(2)16(20-18(22)23-12(3)4)17(21)19-14(6)15-9-7-13(5)8-10-15/h7-12,14,16H,1-6H3,(H,19,21)(H,20,22)"
4.78,4.78,"InChI=1S/C18H28N2O4/c1-5-6-18(23)20-14-7-8-17(16(9-14)13(4)21)24-11-15(22)10-19-12(2)3/h7-9,12,15,19,22H,5-6,10-11H2,1-4H3,(H,20,23)"
5.16,5.16,"InChI=1S/C18H29N3O5/c1-18(2,3)19-11-15(22)12-8-13(25-16(23)20(4)5)10-14(9-12)26-17(24)21(6)7/h8-10,15,19,22H,11H2,1-7H3"
9.01,9.01,"InChI=1S/C18H29NO2/c1-18(2,3)19-12-15(20)13-21-17-11-7-6-10-16(17)14-8-4-5-9-14/h6-7,10-11,14-15,19-20H,4-5,8-9,12-13H2,1-3H3"
6.680000000000001,6.68,"InChI=1S/C18H29NO3/c1-14(2)19-11-17(20)13-22-18-7-5-15(6-8-18)9-10-21-12-16-3-4-16/h5-8,14,16-17,19-20H,3-4,9-13H2,1-2H3"
14.1,14.1,"InChI=1S/C18H30O3/c1-2-3-4-5-6-7-8-17-9-11-18(12-10-17)21-16-15-20-14-13-19/h9-12,19H,2-8,13-16H2,1H3"
5.91,5.91,"InChI=1S/C18H31NO4/c1-14(2)19-11-17(20)13-23-18-7-5-16(6-8-18)12-21-9-10-22-15(3)4/h5-8,14-15,17,19-20H,9-13H2,1-4H3"
4.08,4.08,"InChI=1S/C18H34N2O6S/c1-5-6-10-7-11(20(3)8-10)17(25)19-12(9(2)21)16-14(23)13(22)15(24)18(26-16)27-4/h9-16,18,21-24H,5-8H2,1-4H3,(H,19,25)"
9.32,9.32,"InChI=1S/C18H35NO2/c1-6-12-19(7-2)13-16-14-20-18(21-16)10-8-15(9-11-18)17(3,4)5/h15-16H,6-14H2,1-5H3"
9.08,9.351,"InChI=1S/C19H16O4/c1-12(20)11-15(13-7-3-2-4-8-13)17-18(21)14-9-5-6-10-16(14)23-19(17)22/h2-10,15,21H,11H2,1H3"
5.44,5.44,"InChI=1S/C19H17N5O7S3/c1-30-23-11(9-7-34-19(20)21-9)14(25)22-12-15(26)24-13(17(27)28)8(5-32-16(12)24)6-33-18(29)10-3-2-4-31-10/h2-4,7,12,16H,5-6H2,1H3,(H2,20,21)(H,22,25)(H,27,28)"
12.25,12.25,"InChI=1S/C19H17NOS/c1-14-6-5-9-17(12-14)20(2)19(22)21-18-11-10-15-7-3-4-8-16(15)13-18/h3-13H,1-2H3"
8.860000000000001,8.86,"InChI=1S/C19H18N4O8/c1-26-12-8-13(27-2)21-18(20-12)30-10-6-5-7-11(16(10)17(24)25)31-19-22-14(28-3)9-15(23-19)29-4/h5-9H,1-4H3,(H,24,25)"
10.29,10.29,"InChI=1S/C19H19N3O6/c1-10(2)28-19(24)15-11(3)21-14(9-20)17(18(23)27-4)16(15)12-6-5-7-13(8-12)22(25)26/h5-8,10,16,21H,1-4H3"
4.36,4.36,"InChI=1S/C19H19NO4/c1-20-6-5-11-8-14-19(24-9-23-14)17-15(11)12(20)7-10-3-4-13(22-2)18(21)16(10)17/h3-4,8,12,21H,5-7,9H2,1-2H3"
5.54,5.54,"InChI=1S/C19H19NOS/c1-20-9-6-13(7-10-20)18-15-5-3-2-4-14(15)12-17(21)19-16(18)8-11-22-19/h2-5,8,11H,6-7,9-10,12H2,1H3"
8.979999999999999,8.98,"InChI=1S/C19H20N2O2/c1-2-3-14-17-18(22)20(15-10-6-4-7-11-15)21(19(17)23)16-12-8-5-9-13-16/h4-13,17H,2-3,14H2,1H3"
9.09,9.09,"InChI=1S/C19H20N2O3S/c1-2-13-3-6-15(20-12-13)9-10-24-16-7-4-14(5-8-16)11-17-18(22)21-19(23)25-17/h3-8,12,17H,2,9-11H2,1H3,(H,21,22,23)"
3.78,3.78,"InChI=1S/C19H20N6O/c26-19(24-15-5-1-3-13(11-15)17-20-7-8-21-17)25-16-6-2-4-14(12-16)18-22-9-10-23-18/h1-6,11-12H,7-10H2,(H,20,21)(H,22,23)(H2,24,25,26)"
12.45,12.45,"InChI=1S/C19H20O4/c1-2-3-13-22-18(20)16-11-7-8-12-17(16)19(21)23-14-15-9-5-4-6-10-15/h4-12H,2-3,13-14H2,1H3"
7.989999999999999,7.99,"InChI=1S/C19H21N/c1-20-14-6-11-19-17-9-4-2-7-15(17)12-13-16-8-3-5-10-18(16)19/h2-5,7-10,12-13,19-20H,6,11,14H2,1H3"
8.51,8.51,"InChI=1S/C19H21N/c1-20-14-6-11-19-17-9-4-2-7-15(17)12-13-16-8-3-5-10-18(16)19/h2-5,7-11,20H,6,12-14H2,1H3"
5.8,5.8,"InChI=1S/C19H21N3O/c1-13-5-8-15(9-6-13)19-16(11-18(23)21(3)4)22-12-14(2)7-10-17(22)20-19/h5-10,12H,11H2,1-4H3"
9.61,9.61,"InChI=1S/C19H21N3O5/c1-9(2)26-19(24)15-11(4)20-10(3)14(18(23)25-5)16(15)12-7-6-8-13-17(12)22-27-21-13/h6-9,16,20H,1-5H3"
7.52,7.52,"InChI=1S/C19H21N3S/c1-14(12-21(2)3)13-22-16-6-4-5-7-18(16)23-19-9-8-15(11-20)10-17(19)22/h4-10,14H,12-13H2,1-3H3"
4.11,4.11,"InChI=1S/C19H21N5O2/c1-22-9-11-23(12-10-22)13-17(25)24-16-7-3-2-5-14(16)19(26)21-15-6-4-8-20-18(15)24/h2-8H,9-13H2,1H3,(H,21,26)"
5.34,5.34,"InChI=1S/C19H21N5O4/c1-26-15-10-12-13(11-16(15)27-2)21-19(22-17(12)20)24-7-5-23(6-8-24)18(25)14-4-3-9-28-14/h3-4,9-11H,5-8H2,1-2H3,(H2,20,21,22)"
7.010000000000001,7.01,"InChI=1S/C19H21NO/c1-20(2)13-7-11-17-16-9-4-3-8-15(16)14-21-19-12-6-5-10-18(17)19/h3-6,8-12H,7,13-14H2,1-2H3"
3.39,3.39,"InChI=1S/C19H21NO3/c1-2-8-20-9-7-19-12-4-6-15(22)18(19)23-17-14(21)5-3-11(16(17)19)10-13(12)20/h2-6,12-13,15,18,21-22H,1,7-10H2"
3.75,3.75,"InChI=1S/C19H21NO4/c1-10(21)23-15-6-4-12-13-9-11-3-5-14(22)17-16(11)19(12,18(15)24-17)7-8-20(13)2/h3-6,12-13,15,18,22H,7-9H2,1-2H3"
3.44,3.44,"InChI=1S/C19H21NO4/c1-2-8-20-9-7-18-15-11-3-4-12(21)16(15)24-17(18)13(22)5-6-19(18,23)14(20)10-11/h2-4,14,17,21,23H,1,5-10H2"
7.61,7.61,"InChI=1S/C19H21NS/c1-20(2)13-7-11-17-16-9-4-3-8-15(16)14-21-19-12-6-5-10-18(17)19/h3-6,8-12H,7,13-14H2,1-2H3"
7.86,7.86,"InChI=1S/C19H21NS/c1-20-11-8-15(9-12-20)19-16-5-3-2-4-14(16)6-7-18-17(19)10-13-21-18/h2-5,10,13H,6-9,11-12H2,1H3"
6.28,6.28,"InChI=1S/C19H22N2/c1-16-7-9-17(10-8-16)18(19-6-2-3-12-20-19)11-15-21-13-4-5-14-21/h2-3,6-12H,4-5,13-15H2,1H3"
10.66,10.66,"InChI=1S/C19H22N2O3/c1-13-9-10-14(2)17(11-13)24-12-15-7-5-6-8-16(15)18(21-23-4)19(22)20-3/h5-11H,12H2,1-4H3,(H,20,22)"
7.260000000000001,7.26,"InChI=1S/C19H22N2OS/c1-13(20(3)4)12-21-16-7-5-6-8-18(16)23-19-10-9-15(14(2)22)11-17(19)21/h5-11,13H,12H2,1-4H3"
7.47,7.47,"InChI=1S/C19H22N2OS/c1-14(22)15-9-10-19-17(13-15)21(12-6-11-20(2)3)16-7-4-5-8-18(16)23-19/h4-5,7-10,13H,6,11-12H2,1-3H3"
9.81,9.81,"InChI=1S/C19H22N4O3/c1-5-7-14-16-17(23(4)22-14)19(25)21-18(20-16)13-10-12(11(3)24)8-9-15(13)26-6-2/h8-10H,5-7H2,1-4H3,(H,20,21,25)"
4.91,4.91,"InChI=1S/C19H22O6/c1-9-7-17-8-18(9,24)5-3-10(17)19-6-4-11(20)16(2,15(23)25-19)13(19)12(17)14(21)22/h4,6,10-13,20,24H,1,3,5,7-8H2,2H3,(H,21,22)"
13.3,13.3,"InChI=1S/C19H23N3/c1-14-6-8-18(16(3)10-14)20-12-22(5)13-21-19-9-7-15(2)11-17(19)4/h6-13H,1-5H3"
5.5600000000000005,5.56,"InChI=1S/C19H23N3O/c1-3-22(4-2)19(23)13-8-15-14-6-5-7-16-18(14)12(10-20-16)9-17(15)21-11-13/h5-8,10,13,17,20-21H,3-4,9,11H2,1-2H3"
7.8,7.8,"InChI=1S/C19H23N3O6/c1-12(11-23)21-16-6-5-14(22(25)26)9-15(16)19(24)20-10-13-4-7-17(27-2)18(8-13)28-3/h4-9,12,21,23H,10-11H2,1-3H3,(H,20,24)"
7.33,7.33,"InChI=1S/C19H23NO/c1-2-7-18(20-12-5-6-13-20)19(21)17-11-10-15-8-3-4-9-16(15)14-17/h3-4,8-11,14,18H,2,5-7,12-13H2,1H3"
7.23,7.23,"InChI=1S/C19H23NO/c1-20-14-12-18(13-15-20)21-19(16-8-4-2-5-9-16)17-10-6-3-7-11-17/h2-11,18-19H,12-15H2,1H3"
6.14,6.14,"InChI=1S/C19H23NO3/c1-14(19(22)15-7-4-3-5-8-15)20-12-11-18(21)16-9-6-10-17(13-16)23-2/h3-10,13-14,19-20,22H,11-12H2,1-2H3"
7.28,7.28,"InChI=1S/C19H23NO3/c1-2-21-16-10-6-7-11-17(16)23-19(15-8-4-3-5-9-15)18-14-20-12-13-22-18/h3-11,18-20H,2,12-14H2,1H3"
4.08,4.08,"InChI=1S/C19H23NO3/c1-3-22-15-7-4-11-10-13-12-5-6-14(21)18-19(12,8-9-20(13)2)16(11)17(15)23-18/h4-7,12-14,18,21H,3,8-10H2,1-2H3"
8.49,8.49,"InChI=1S/C19H24N2/c1-15(13-20-2)14-21-18-9-5-3-7-16(18)11-12-17-8-4-6-10-19(17)21/h3-10,15,20H,11-14H2,1-2H3"
8.08,8.08,"InChI=1S/C19H24N2/c1-20(2)14-7-15-21-18-10-5-3-8-16(18)12-13-17-9-4-6-11-19(17)21/h3-6,8-11H,7,12-15H2,1-2H3"
7.77,7.77,"InChI=1S/C19H24N2/c1-20-14-12-19(13-15-20)21(18-10-6-3-7-11-18)16-17-8-4-2-5-9-17/h2-11,19H,12-16H2,1H3"
7.19,7.19,"InChI=1S/C19H24N2/c1-3-9-18(10-4-1)17-21(19-11-5-2-6-12-19)16-15-20-13-7-8-14-20/h1-6,9-12H,7-8,13-17H2"
9.32,9.32,"InChI=1S/C19H24N2O2/c22-18-13-20(19(23)15-7-2-1-3-8-15)12-17-16-9-5-4-6-14(16)10-11-21(17)18/h4-6,9,15,17H,1-3,7-8,10-13H2"
5.739999999999999,5.74,"InChI=1S/C19H24N2O3/c1-13(7-8-14-5-3-2-4-6-14)21-12-18(23)15-9-10-17(22)16(11-15)19(20)24/h2-6,9-11,13,18,21-23H,7-8,12H2,1H3,(H2,20,24)"
4.79,4.79,"InChI=1S/C19H24N2O4/c1-13(9-14-3-6-16(25-2)7-4-14)20-11-19(24)15-5-8-18(23)17(10-15)21-12-22/h3-8,10,12-13,19-20,23-24H,9,11H2,1-2H3,(H,21,22)"
8.139999999999999,8.14,"InChI=1S/C19H24N2OS/c1-14(12-20(2)3)13-21-16-7-5-6-8-18(16)23-19-10-9-15(22-4)11-17(19)21/h5-11,14H,12-13H2,1-4H3"
7.010000000000001,7.01,"InChI=1S/C19H25N3O2S2/c1-14(20(2)3)13-22-16-8-6-7-9-18(16)25-19-11-10-15(12-17(19)22)26(23,24)21(4)5/h6-12,14H,13H2,1-5H3"
8.54,8.54,"InChI=1S/C19H25N3S/c1-20(2)13-15(21(3)4)14-22-16-9-5-7-11-18(16)23-19-12-8-6-10-17(19)22/h5-12,15H,13-14H2,1-4H3"
4.92,4.92,"InChI=1S/C19H25N5O4/c1-26-15-10-12-13(11-16(15)27-2)21-19(22-17(12)20)24-7-5-23(6-8-24)18(25)14-4-3-9-28-14/h10-11,14H,3-9H2,1-2H3,(H2,20,21,22)"
12.16,12.16,"InChI=1S/C19H25NO4/c1-11(2)9-14-15(19(14,3)4)18(23)24-10-20-16(21)12-7-5-6-8-13(12)17(20)22/h9,14-15H,5-8,10H2,1-4H3"
6.19,6.19,"InChI=1S/C19H26N2S/c1-3-7-21-11-13(12-22-2)8-16-15-5-4-6-17-19(15)14(10-20-17)9-18(16)21/h4-6,10,13,16,18,20H,3,7-9,11-12H2,1-2H3"
3.87,3.87,"InChI=1S/C19H26NO4/c1-3-20(2)15-9-13(10-16(20)18-17(15)24-18)23-19(22)14(11-21)12-7-5-4-6-8-12/h4-8,13-18,21H,3,9-11H2,1-2H3/q+1"
9.36,9.36,"InChI=1S/C19H26O2/c1-18-9-7-13(20)11-12(18)3-4-14-15-5-6-17(21)19(15,2)10-8-16(14)18/h11,14-16H,3-10H2,1-2H3"
9.03,9.03,"InChI=1S/C19H26O2/c1-18-9-7-13(20)11-12(18)3-4-14-15-5-6-17(21)19(15,2)10-8-16(14)18/h7,9,11,14-17,21H,3-6,8,10H2,1-2H3"
12.83,12.83,"InChI=1S/C19H26O4S/c1-5-14-21-24(20)23-18-9-7-6-8-17(18)22-16-12-10-15(11-13-16)19(2,3)4/h1,10-13,17-18H,6-9,14H2,2-4H3"
7.75,7.75,"InChI=1S/C19H27N3O/c1-3-4-7-10-22-15-17(16-8-5-6-9-18(16)22)19(23)21-13-11-20(2)12-14-21/h5-6,8-9,15H,3-4,7,10-14H2,1-2H3"
5.66,5.66,"InChI=1S/C19H27N5/c1-16-6-2-3-7-17(16)23-14-12-22(13-15-23)11-9-19-21-20-18-8-4-5-10-24(18)19/h2-3,6-7H,4-5,8-15H2,1H3"
5.46,5.46,"InChI=1S/C19H27NO/c1-13(2)7-9-20-10-8-19(4)14(3)18(20)11-15-5-6-16(21)12-17(15)19/h5-7,12,14,18,21H,8-11H2,1-4H3"
10.36,10.36,"InChI=1S/C19H27NO3/c1-13(2)15-8-10-16(11-9-15)18(21)20-17(19(22)23)12-14-6-4-3-5-7-14/h3-7,13,15-17H,8-12H2,1-2H3,(H,20,21)(H,22,23)"
5.16,5.16,"InChI=1S/C19H27NO6/c1-5-13-10-12(2)19(3,24)18(23)25-11-14-6-8-20(4)9-7-15(16(14)21)26-17(13)22/h5-6,12,15,24H,7-11H2,1-4H3"
9.26,9.26,"InChI=1S/C19H28N2/c1-20(2)14-9-15-21-18-12-6-4-3-5-10-16(18)17-11-7-8-13-19(17)21/h7-8,11,13H,3-6,9-10,12,14-15H2,1-2H3"
11.18,11.18,"InChI=1S/C19H28N4O2/c1-5-6-9-12-23-14-11-8-7-10-13(14)15(22-23)18(25)21-16(17(20)24)19(2,3)4/h7-8,10-11,16H,5-6,9,12H2,1-4H3,(H2,20,24)(H,21,25)"
10.16,10.16,"InChI=1S/C19H28O2/c1-18-9-7-13(20)11-12(18)3-4-14-15-5-6-17(21)19(15,2)10-8-16(14)18/h3,13-16,20H,4-11H2,1-2H3"
7.8,7.8,"InChI=1S/C19H29NO/c21-19(17-9-3-1-4-10-17,18-11-5-2-6-12-18)13-16-20-14-7-8-15-20/h1,3-4,9-10,18,21H,2,5-8,11-16H2"
8.620000000000001,8.62,"InChI=1S/C19H31N/c1-16(15-20-12-6-5-7-13-20)14-17-8-10-18(11-9-17)19(2,3)4/h8-11,16H,5-7,12-15H2,1-4H3"
13.24,13.24,"InChI=1S/C19H32N2O5/c1-4-8-14(19(25)26-5-2)20-12(3)17(22)21-15-10-7-6-9-13(15)11-16(21)18(23)24/h12-16,20H,4-11H2,1-3H3,(H,23,24)"
13.8,13.2,"InChI=1S/C19H32O3/c1-2-3-4-5-6-7-8-9-18-10-12-19(13-11-18)22-17-16-21-15-14-20/h10-13,20H,2-9,14-17H2,1H3"
13.57,13.57,"InChI=1S/C19H34O3/c1-15(2)22-18(20)14-17(4)11-8-10-16(3)12-9-13-19(5,6)21-7/h8,11,14-16H,9-10,12-13H2,1-7H3"
9.99,9.99,"InChI=1S/C19H35NO2/c1-3-20(4-2)15-16-22-18(21)19(13-9-6-10-14-19)17-11-7-5-8-12-17/h17H,3-16H2,1-2H3"
7.0600000000000005,7.06,"InChI=1S/C20H14O4/c21-15-9-5-13(6-10-15)20(14-7-11-16(22)12-8-14)18-4-2-1-3-17(18)19(23)24-20/h1-12,21-22H"
11.2,11.2,InChI=1S/C20H14O4/c21-19(23-15-9-3-1-4-10-15)17-13-7-8-14-18(17)20(22)24-16-11-5-2-6-12-16/h1-14H
4.03,4.03,"InChI=1S/C20H18N4O5S2/c21-17(26)11-3-5-23(6-4-11)9-12-10-31-19-15(18(27)24(19)16(12)20(28)29)22-14(25)8-13-2-1-7-30-13/h1-7,15,19H,8-10H2,(H3-,21,22,25,26,28,29)"
11.07,11.07,"InChI=1S/C20H18O4/c1-20(22-2)12-15(13-8-4-3-5-9-13)17-18(24-20)14-10-6-7-11-16(14)23-19(17)21/h3-11,15H,12H2,1-2H3"
12.61,12.61,"InChI=1S/C20H19NO3/c1-16(23-20-9-5-6-14-21-20)15-22-17-10-12-19(13-11-17)24-18-7-3-2-4-8-18/h2-14,16H,15H2,1H3"
7.95,7.95,"InChI=1S/C20H21N/c1-21(2)15-7-12-20-18-10-5-3-8-16(18)13-14-17-9-4-6-11-19(17)20/h3-6,8-14H,7,15H2,1-2H3"
8.29,8.29,"InChI=1S/C20H21NO2/c1-4-16-11-15-12-19(22-2)20(23-3)13-17(15)18(21-16)10-14-8-6-5-7-9-14/h5-9,11-13H,4,10H2,1-3H3"
5.989999999999999,5.99,"InChI=1S/C20H22N2/c1-22-13-10-16(11-14-22)19-18-7-3-2-5-15(18)8-9-17-6-4-12-21-20(17)19/h2-7,12H,8-11,13-14H2,1H3"
13.68,13.68,"InChI=1S/C20H22N2O/c1-20(2,3)16-10-8-15(9-11-16)12-13-23-19-17-6-4-5-7-18(17)21-14-22-19/h4-11,14H,12-13H2,1-3H3"
8.29,8.29,"InChI=1S/C20H22N2S/c1-3-7-19-17(5-1)22(18-6-2-4-8-20(18)23-19)14-16-13-21-11-9-15(16)10-12-21/h1-8,15-16H,9-14H2"
3.96,3.96,"InChI=1S/C20H22N8O5/c1-28(9-11-8-23-17-15(24-11)16(21)26-20(22)27-17)12-4-2-10(3-5-12)18(31)25-13(19(32)33)6-7-14(29)30/h2-5,8,13H,6-7,9H2,1H3,(H,25,31)(H,29,30)(H,32,33)(H4,21,22,23,26,27)"
8.23,8.23,"InChI=1S/C20H23N/c1-21(2)15-7-12-20-18-10-5-3-8-16(18)13-14-17-9-4-6-11-19(17)20/h3-6,8-12H,7,13-15H2,1-2H3"
8.08,8.08,"InChI=1S/C20H23N/c1-21-14-6-12-20-13-11-15(16-7-2-4-9-18(16)20)17-8-3-5-10-19(17)20/h2-5,7-10,15,21H,6,11-14H2,1H3"
6.38,6.38,"InChI=1S/C20H23N/c1-4-19-20(15-16(2)21(19)3,17-11-7-5-8-12-17)18-13-9-6-10-14-18/h4-14,16H,15H2,1-3H3"
11.27,11.27,"InChI=1S/C20H23N3O2/c1-20(2,3)18(24)19(23-14-21-13-22-23)25-17-11-9-16(10-12-17)15-7-5-4-6-8-15/h4-14,18-19,24H,1-3H3"
10.89,10.89,"InChI=1S/C20H23NO3/c1-14-9-8-10-15(2)19(14)21(16(3)20(23)24-4)18(22)13-17-11-6-5-7-12-17/h5-12,16H,13H2,1-4H3"
4.47,4.47,"InChI=1S/C20H23NO4/c1-11(22)24-16-7-5-13-14-10-12-4-6-15(23-3)18-17(12)20(13,19(16)25-18)8-9-21(14)2/h4,6-7,13-14,19H,5,8-10H2,1-3H3"
3.58,3.58,"InChI=1S/C20H23NO4/c22-13-4-3-12-9-15-20(24)6-5-14(23)18-19(20,16(12)17(13)25-18)7-8-21(15)10-11-1-2-11/h3-4,11,15,18,22,24H,1-2,5-10H2"
8.51,8.51,"InChI=1S/C20H23NS/c1-21-12-6-7-15(14-21)13-18-16-8-2-4-10-19(16)22-20-11-5-3-9-17(18)20/h2-5,8-11,15,18H,6-7,12-14H2,1H3"
6.86,6.86,"InChI=1S/C20H24N2/c1-15(19-10-6-7-12-21-19)20-17(11-13-22(2)3)14-16-8-4-5-9-18(16)20/h4-10,12,15H,11,13-14H2,1-3H3"
5.39,5.390000000000001,"InChI=1S/C20H24N2O2/c1-3-13-12-22-9-7-14(13)10-19(22)20(23)16-6-8-21-18-5-4-15(24-2)11-17(16)18/h3-6,8,11,13-14,19-20,23H,1,7,9-10,12H2,2H3"
6.41,6.41,"InChI=1S/C20H24N2O3S/c1-21(2)12-13-22-16-6-4-5-7-17(16)26-19(18(23)20(22)24)14-8-10-15(25-3)11-9-14/h4-11,18-19,23H,12-13H2,1-3H3"
10.62,10.62,"InChI=1S/C20H24N2O6/c1-11(2)10-28-20(24)17-13(4)21-12(3)16(19(23)27-5)18(17)14-8-6-7-9-15(14)22(25)26/h6-9,11,18,21H,10H2,1-5H3"
8.49,8.49,"InChI=1S/C20H24N2OS/c1-4-18(23)15-10-11-20-17(14-15)22(13-7-12-21(2)3)16-8-5-6-9-19(16)24-20/h5-6,8-11,14H,4,7,12-13H2,1-3H3"
9.03,9.03,"InChI=1S/C20H24O2/c1-12-10-14-15-4-5-18(22)20(15,3)9-7-16(14)19(2)8-6-13(21)11-17(12)19/h6,8,11,14-16H,1,4-5,7,9-10H2,2-3H3"
6.819999999999999,6.82,"InChI=1S/C20H25N/c1-4-10-18(11-5-1)20(19-12-6-2-7-13-19)14-17-21-15-8-3-9-16-21/h1-2,4-7,10-13,20H,3,8-9,14-17H2"
4.34,4.34,"InChI=1S/C20H25N3O2/c1-3-14(11-24)22-20(25)13-7-16-15-5-4-6-17-19(15)12(9-21-17)8-18(16)23(2)10-13/h4-7,9,13-14,18,21,24H,3,8,10-11H2,1-2H3,(H,22,25)"
4.23,4.23,"InChI=1S/C20H25N3O3/c1-4-23(5-2)18(24)12-9-14-13-7-6-8-15-17(13)20(26,19(25)21-15)10-16(14)22(3)11-12/h6-9,12,16,26H,4-5,10-11H2,1-3H3,(H,21,25)"
8.8,8.8,"InChI=1S/C20H25N3S/c1-21-13-15-22(16-14-21)11-6-12-23-17-7-2-4-9-19(17)24-20-10-5-3-8-18(20)23/h2-5,7-10H,6,11-16H2,1H3"
7.680000000000001,7.68,"InChI=1S/C20H25NO/c1-4-19(22)20(15-16-21(2)3,17-11-7-5-8-12-17)18-13-9-6-10-14-18/h5-14H,4,15-16H2,1-3H3"
8.09,8.09,"InChI=1S/C20H25NO2/c1-19-8-6-16-15-5-3-14(22)12-13(15)2-4-17(16)18(19)7-9-20(19,23)10-11-21/h12,17-18,23H,2-10H2,1H3"
8.43,8.43,"InChI=1S/C20H25NO2S2/c1-14-7-11-24-18(14)17(19-15(2)8-12-25-19)6-4-10-21-9-3-5-16(13-21)20(22)23/h6-8,11-12,16H,3-5,9-10,13H2,1-2H3,(H,22,23)"
6.08,6.08,"InChI=1S/C20H25NO3/c1-3-21(4-2)15-16-24-19(22)20(23,17-11-7-5-8-12-17)18-13-9-6-10-14-18/h5-14,23H,3-4,15-16H2,1-2H3"
8.31,8.31,"InChI=1S/C20H26N2/c1-16(14-21(2)3)15-22-19-10-6-4-8-17(19)12-13-18-9-5-7-11-20(18)22/h4-11,16H,12-15H2,1-3H3"
5.19,5.19,"InChI=1S/C20H26N2O2/c1-3-10-11-8-14-17-20(12-6-4-5-7-13(12)21(17)2)9-15(16(11)18(20)23)22(14)19(10)24/h4-7,10-11,14-19,23-24H,3,8-9H2,1-2H3"
5.92,5.92,"InChI=1S/C20H26N4O/c1-4-24(5-2)20(25)22-14-10-16-15-7-6-8-17-19(15)13(11-21-17)9-18(16)23(3)12-14/h6-8,10-11,14,18,21H,4-5,9,12H2,1-3H3,(H,22,25)"
9.15,9.15,"InChI=1S/C20H26O2/c1-3-20(22)11-9-18-17-6-4-13-12-14(21)5-7-15(13)16(17)8-10-19(18,20)2/h1,12,15-18,22H,4-11H2,2H3"
7.91,7.91,"InChI=1S/C20H27N/c1-16(21-20(2,3)4)15-19(17-11-7-5-8-12-17)18-13-9-6-10-14-18/h5-14,16,19,21H,15H2,1-4H3"
5.239999999999999,5.24,"InChI=1S/C20H27N5O3/c1-4-24(12-13-26)10-11-25-16(14-15-8-6-5-7-9-15)21-18-17(25)19(27)23(3)20(28)22(18)2/h5-9,26H,4,10-14H2,1-3H3"
7.98,7.98,"InChI=1S/C20H28N2O3/c1-22-14-8-13-21-18(22)15-25-19(23)20(24,16-9-4-2-5-10-16)17-11-6-3-7-12-17/h2,4-5,9-10,17,24H,3,6-8,11-15H2,1H3"
6.83,6.83,"InChI=1S/C20H28N2O5/c1-3-27-20(26)16(12-11-15-8-5-4-6-9-15)21-14(2)18(23)22-13-7-10-17(22)19(24)25/h4-6,8-9,14,16-17,21H,3,7,10-13H2,1-2H3,(H,24,25)"
5.08,5.08,"InChI=1S/C20H28N2O5/c1-4-17(23)22(16-8-6-5-7-9-16)20(19(25)27-3)11-14-21(15-12-20)13-10-18(24)26-2/h5-9H,4,10-15H2,1-3H3"
11.27,11.27,"InChI=1S/C20H28N4O2/c1-13(2)17(19(21)25)22-20(26)18-15-10-6-7-11-16(15)24(23-18)12-14-8-4-3-5-9-14/h6-7,10-11,13-14,17H,3-5,8-9,12H2,1-2H3,(H2,21,25)(H,22,26)"
12.9,12.9,"InChI=1S/C20H28O3/c1-7-8-9-14-13(4)17(11-16(14)21)23-19(22)18-15(10-12(2)3)20(18,5)6/h7-8,10,15,17-18H,9,11H2,1-6H3"
8.41,8.475,"InChI=1S/C20H29N3O2/c1-4-7-14-25-19-15-17(16-10-8-9-11-18(16)22-19)20(24)21-12-13-23(5-2)6-3/h8-11,15H,4-7,12-14H2,1-3H3,(H,21,24)"
11.1,11.1,"InChI=1S/C20H29N3O2/c1-5-6-9-12-23-13-15(14-10-7-8-11-16(14)23)19(25)22-17(18(21)24)20(2,3)4/h7-8,10-11,13,17H,5-6,9,12H2,1-4H3,(H2,21,24)(H,22,25)"
6.12,6.12,"InChI=1S/C20H29NO4/c1-17(7-10-21-11-15-24-16-12-21)25-19(22)20(8-13-23-14-9-20)18-5-3-2-4-6-18/h2-6,17H,7-16H2,1H3"
8.83,8.83,"InChI=1S/C20H30N2O5/c1-20(2,3)10-11-21-15(13-17(23)24)18(25)22-16(19(26)27-4)12-14-8-6-5-7-9-14/h5-9,15-16,21H,10-13H2,1-4H3,(H,22,25)(H,23,24)"
11.92,11.92,"InChI=1S/C20H30N2O5S/c1-7-25-17(23)11-12-22(14(2)3)28-21(6)19(24)26-16-10-8-9-15-13-20(4,5)27-18(15)16/h8-10,14H,7,11-13H2,1-6H3"
10.37,10.37,"InChI=1S/C20H30O2/c1-18-9-6-14(21)12-13(18)4-5-15-16(18)7-10-19(2)17(15)8-11-20(19,3)22/h12,15-17,22H,4-11H2,1-3H3"
7.86,7.86,"InChI=1S/C20H31NO/c22-20(18-10-4-1-5-11-18,19-12-6-2-7-13-19)14-17-21-15-8-3-9-16-21/h1,4-5,10-11,19,22H,2-3,6-9,12-17H2"
9.19,9.19,"InChI=1S/C20H31NO2/c1-3-21(4-2)15-16-23-20(22)19(17-11-7-5-8-12-17)18-13-9-6-10-14-18/h5,7-8,11-12,18-19H,3-4,6,9-10,13-16H2,1-2H3"
7.87,7.87,"InChI=1S/C20H31NO3/c1-3-21(4-2)14-15-23-16-17-24-19(22)20(12-8-9-13-20)18-10-6-5-7-11-18/h5-7,10-11H,3-4,8-9,12-17H2,1-2H3"
13.75,13.75,"InChI=1S/C20H32N2O3S/c1-6-8-13-22(14-9-7-2)26-21(5)19(23)24-17-12-10-11-16-15-20(3,4)25-18(16)17/h10-12H,6-9,13-15H2,1-5H3"
6.58,6.58,"InChI=1S/C20H33N3O3/c1-20(2,3)21-13-17(24)14-26-18-11-9-16(10-12-18)23-19(25)22-15-7-5-4-6-8-15/h9-12,15,17,21,24H,4-8,13-14H2,1-3H3,(H2,22,23,25)"
5.239999999999999,5.24,"InChI=1S/C20H33N3O3S/c1-4-10-22-14-17(21-27(25,26)23(5-2)6-3)11-16-12-18-15(13-19(16)22)8-7-9-20(18)24/h7-9,16-17,19,21,24H,4-6,10-14H2,1-3H3"
5.239999999999999,5.24,"InChI=1S/C20H33N3O4/c1-7-23(8-2)19(26)22-15-9-10-18(17(11-15)14(3)24)27-13-16(25)12-21-20(4,5)6/h9-11,16,21,25H,7-8,12-13H2,1-6H3,(H,22,26)"
10.7,10.7,"InChI=1S/C20H33NO/c1-15(12-21-13-16(2)22-17(3)14-21)11-18-7-9-19(10-8-18)20(4,5)6/h7-10,15-17H,11-14H2,1-6H3"
8.04,8.04,"InChI=1S/C20H33NO3/c1-5-20(6-2,18-12-10-9-11-13-18)19(22)24-17-16-23-15-14-21(7-3)8-4/h9-13H,5-8,14-17H2,1-4H3"
13.52,13.52,"InChI=1S/C20H42O5/c1-2-3-4-5-6-7-8-9-10-11-13-22-15-17-24-19-20-25-18-16-23-14-12-21/h21H,2-20H2,1H3"
8.18,8.18,"InChI=1S/C21H15N3O5/c1-27-12-16(21(25)26)15-7-3-5-9-18(15)29-20-10-19(23-13-24-20)28-17-8-4-2-6-14(17)11-22/h2-10,12-13H,1H3,(H,25,26)"
7.989999999999999,7.99,"InChI=1S/C21H17N3O4/c25-18-9-22-21(26)15-8-13-12-3-1-2-4-14(12)23-19(13)20(24(15)18)11-5-6-16-17(7-11)28-10-27-16/h1-7,15,20,23H,8-10H2,(H,22,26)"
7.84,7.84,"InChI=1S/C21H18N4O4/c22-24-9-18(26)25-15(21(24)27)8-13-12-3-1-2-4-14(12)23-19(13)20(25)11-5-6-16-17(7-11)29-10-28-16/h1-7,15,20,23H,8-10,22H2"
8.52,8.52,"InChI=1S/C21H21N/c1-22(16-8-11-18-9-3-2-4-10-18)17-20-14-7-13-19-12-5-6-15-21(19)20/h2-15H,16-17H2,1H3"
7.89,7.89,"InChI=1S/C21H21N/c1-22-14-12-18(13-15-22)21-19-8-4-2-6-16(19)10-11-17-7-3-5-9-20(17)21/h2-11H,12-15H2,1H3"
8.81,8.81,"InChI=1S/C21H21NO4/c1-26-16-11-9-15(10-12-16)21(25)18-14-22(13-5-4-8-20(23)24)19-7-3-2-6-17(18)19/h2-3,6-7,9-12,14H,4-5,8,13H2,1H3,(H,23,24)"
4.16,4.16,"InChI=1S/C21H22N2O2/c24-18-10-16-19-13-9-17-21(6-7-22(17)11-12(13)5-8-25-16)14-3-1-2-4-15(14)23(18)20(19)21/h1-5,13,16-17,19-20H,6-11H2"
7.45,7.45,"InChI=1S/C21H23N3OS/c22-15-16-6-7-21-19(14-16)24(18-4-1-2-5-20(18)26-21)11-3-10-23-12-8-17(25)9-13-23/h1-2,4-7,14,17,25H,3,8-13H2"
8.34,8.34,"InChI=1S/C21H23NO/c1-22(2)20(18-10-4-3-5-11-18)15-16-23-21-14-8-12-17-9-6-7-13-19(17)21/h3-14,20H,15-16H2,1-2H3"
11.8,11.8,"InChI=1S/C21H23NO2/c1-3-4-7-14-22-15-19(18-8-5-6-9-20(18)22)21(23)16-10-12-17(24-2)13-11-16/h5-6,8-13,15H,3-4,7,14H2,1-2H3"
11.23,11.23,"InChI=1S/C21H23NO2/c1-3-4-9-14-22-15-18(16-10-5-7-12-19(16)22)21(23)17-11-6-8-13-20(17)24-2/h5-8,10-13,15H,3-4,9,14H2,1-2H3"
6.89,6.89,"InChI=1S/C21H23NO3/c1-22(2)11-5-8-18-17-7-4-3-6-16(17)14-25-20-10-9-15(12-19(18)20)13-21(23)24/h3-4,6-10,12H,5,11,13-14H2,1-2H3,(H,23,24)"
9.18,9.18,"InChI=1S/C21H23NO3/c1-25-17-11-9-16(10-12-17)21(24)19-15-22(13-5-2-6-14-23)20-8-4-3-7-18(19)20/h3-4,7-12,15,23H,2,5-6,13-14H2,1H3"
4.63,4.63,"InChI=1S/C21H23NO5/c1-11(23)25-16-6-4-13-10-15-14-5-7-17(26-12(2)24)20-21(14,8-9-22(15)3)18(13)19(16)27-20/h4-7,14-15,17,20H,8-10H2,1-3H3"
11.23,11.23,"InChI=1S/C21H24N2O/c1-2-3-9-14-23-16-19(18-12-7-8-13-20(18)23)21(24)22-15-17-10-5-4-6-11-17/h4-8,10-13,16H,2-3,9,14-15H2,1H3,(H,22,24)"
6.66,6.66,"InChI=1S/C21H24N2O3/c1-12-16-10-23-8-7-14-13-5-3-4-6-18(13)22-20(14)19(23)9-15(16)17(11-26-12)21(24)25-2/h3-6,11-12,15-16,19,22H,7-10H2,1-2H3"
7.21,7.21,"InChI=1S/C21H24N2O4S/c1-14(24)27-19-20(15-8-10-16(26-3)11-9-15)28-18-7-5-4-6-17(18)23(21(19)25)13-12-22-2/h4-11,19-20,22H,12-13H2,1-3H3"
8.79,8.79,"InChI=1S/C21H25N/c1-21(2)19-13-7-5-10-17(19)16(12-9-15-22(3)4)18-11-6-8-14-20(18)21/h5-8,10-14H,9,15H2,1-4H3"
10.97,10.97,"InChI=1S/C21H25N/c1-21(2,3)15-8-5-9-16-22(4)17-19-13-10-12-18-11-6-7-14-20(18)19/h5-7,9-14H,16-17H2,1-4H3"
7.260000000000001,7.26,"InChI=1S/C21H25N3O2S/c25-14-16-26-15-13-23-9-11-24(12-10-23)21-17-5-1-3-7-19(17)27-20-8-4-2-6-18(20)22-21/h1-8,25H,9-16H2"
4.989999999999999,4.99,"InChI=1S/C21H25N3O3S/c25-12-14-27-13-11-23-7-9-24(10-8-23)21-17-3-1-2-4-19(17)28-20-15-16(26)5-6-18(20)22-21/h1-6,15,25-26H,7-14H2"
7.97,7.97,"InChI=1S/C21H25NO/c1-22-18-12-13-19(22)15-20(14-18)23-21(16-8-4-2-5-9-16)17-10-6-3-7-11-17/h2-11,18-21H,12-15H2,1H3"
5.19,5.19,"InChI=1S/C21H26N2O/c22-20(24)21(18-10-4-1-5-11-18,19-12-6-2-7-13-19)14-17-23-15-8-3-9-16-23/h1-2,4-7,10-13H,3,8-9,14-17H2,(H2,22,24)"
5.08,5.08,"InChI=1S/C21H26N2O3/c1-26-21(25)19-15-10-17-20-14(13-4-2-3-5-16(13)22-20)8-9-23(17)11-12(15)6-7-18(19)24/h2-5,12,15,17-19,22,24H,6-11H2,1H3"
5.04,5.04,"InChI=1S/C21H26N2O3/c1-3-20-10-6-11-22-12-9-15-14-7-4-5-8-16(14)23(17(15)18(20)22)21(25,13-20)19(24)26-2/h4-5,7-8,18,25H,3,6,9-13H2,1-2H3"
6.739999999999999,6.74,"InChI=1S/C21H26N2OS2/c1-22-13-6-5-7-16(22)12-14-23-18-8-3-4-9-20(18)25-21-11-10-17(26(2)24)15-19(21)23/h3-4,8-11,15-16H,5-7,12-14H2,1-2H3"
6.64,6.64,"InChI=1S/C21H26N2OS2/c1-22-13-6-5-7-16(22)12-14-23-18-8-3-4-9-20(18)26(24)21-11-10-17(25-2)15-19(21)23/h3-4,8-11,15-16H,5-7,12-14H2,1-2H3"
9.34,9.34,"InChI=1S/C21H26N2S2/c1-22-13-6-5-7-16(22)12-14-23-18-8-3-4-9-20(18)25-21-11-10-17(24-2)15-19(21)23/h3-4,8-11,15-16H,5-7,12-14H2,1-2H3"
13.65,13.65,"InChI=1S/C21H26O2/c1-5-6-7-8-15-12-18(22)20-16-11-14(2)9-10-17(16)21(3,4)23-19(20)13-15/h9-13,22H,5-8H2,1-4H3"
7.85,7.85,"InChI=1S/C21H26O5/c1-19-7-5-13(23)9-12(19)3-4-14-15-6-8-21(26,17(25)11-22)20(15,2)10-16(24)18(14)19/h5,7,9,14-15,18,22,26H,3-4,6,8,10-11H2,1-2H3"
6.72,6.72,"InChI=1S/C21H27N/c1-20(2,3)22-16-14-21(15-17-22,18-10-6-4-7-11-18)19-12-8-5-9-13-19/h4-13H,14-17H2,1-3H3"
8.110000000000001,8.11,"InChI=1S/C21H27N5O4S/c1-15-13-24-19(14-23-15)20(27)22-12-11-16-7-9-18(10-8-16)31(29,30)26-21(28)25-17-5-3-2-4-6-17/h7-10,13-14,17H,2-6,11-12H2,1H3,(H,22,27)(H2,25,26,28)"
8.32,8.32,"InChI=1S/C21H27NO/c1-18(22-14-8-3-9-15-22)17-23-21-13-7-6-12-20(21)16-19-10-4-2-5-11-19/h2,4-7,10-13,18H,3,8-9,14-17H2,1H3"
8.04,8.04,"InChI=1S/C21H27NO/c1-5-20(23)21(16-17(2)22(3)4,18-12-8-6-9-13-18)19-14-10-7-11-15-19/h6-15,17H,5,16H2,1-4H3"
7.84,7.84,"InChI=1S/C21H27NO2/c1-4-20(23)24-21(17(2)16-22-3,19-13-9-6-10-14-19)15-18-11-7-5-8-12-18/h5-14,17,22H,4,15-16H2,1-3H3"
7.81,7.81,"InChI=1S/C21H27NO3/c1-2-14-22-15-18(23)16-25-21-11-7-6-10-19(21)20(24)13-12-17-8-4-3-5-9-17/h3-11,18,22-23H,2,12-16H2,1H3"
4.71,4.71,"InChI=1S/C21H27NO4/c1-22-9-8-15-12-20(25-4)21(26-5)13-16(15)17(22)10-14-6-7-18(23-2)19(11-14)24-3/h6-7,11-13,17H,8-10H2,1-5H3"
4.17,4.17,"InChI=1S/C21H27NO4/c23-14-5-4-13-10-16-21(25)7-6-15(24)19-20(21,17(13)18(14)26-19)8-9-22(16)11-12-2-1-3-12/h4-5,12,15-16,19,23-25H,1-3,6-11H2"
4.86,4.86,"InChI=1S/C21H28N2O5/c1-23(2)10-11-28-17-8-6-15(7-9-17)14-22-21(24)16-12-18(25-3)20(27-5)19(13-16)26-4/h6-9,12-13H,10-11,14H2,1-5H3,(H,22,24)"
7.35,7.32,"InChI=1S/C21H28N6O4S/c1-4-6-16-18-19(26(3)25-16)21(28)24-20(23-18)15-13-14(7-8-17(15)31-5-2)32(29,30)27-11-9-22-10-12-27/h7-8,13,22H,4-6,9-12H2,1-3H3,(H,23,24,28)"
12.95,12.95,"InChI=1S/C21H28O3/c1-7-8-9-10-15-14(4)18(12-17(15)22)24-20(23)19-16(11-13(2)3)21(19,5)6/h7-9,11,16,18-19H,1,10,12H2,2-6H3"
12.5,13.094999999999999,"InChI=1S/C21H28O4/c1-4-5-6-7-13-10-17(22)19-15-12-14(20(23)24)8-9-16(15)21(2,3)25-18(19)11-13/h10-12,15-16,22H,4-9H2,1-3H3,(H,23,24)"
7.84,7.84,"InChI=1S/C21H28O5/c1-19-7-5-13(23)9-12(19)3-4-14-15-6-8-21(26,17(25)11-22)20(15,2)10-16(24)18(14)19/h5,7,9,14-16,18,22,24,26H,3-4,6,8,10-11H2,1-2H3"
11.55,11.55,"InChI=1S/C21H28O5/c1-7-8-9-14-13(3)17(11-16(14)22)26-20(24)18-15(21(18,4)5)10-12(2)19(23)25-6/h7-8,10,15,17-18H,9,11H2,1-6H3"
4.739999999999999,4.74,"InChI=1S/C21H29N3O/c1-16(2)24(17(3)4)15-13-21(20(22)25,18-10-6-5-7-11-18)19-12-8-9-14-23-19/h5-12,14,16-17H,13,15H2,1-4H3,(H2,22,25)"
12.39,12.39,"InChI=1S/C21H29N3O3/c1-14(2)18(21(26)27-3)22-20(25)19-16-11-7-8-12-17(16)24(23-19)13-15-9-5-4-6-10-15/h7-8,11-12,14-15,18H,4-6,9-10,13H2,1-3H3,(H,22,25)"
7.63,7.63,"InChI=1S/C21H29NO/c23-21(19-7-3-1-4-8-19,11-14-22-12-5-2-6-13-22)20-16-17-9-10-18(20)15-17/h1,3-4,7-10,17-18,20,23H,2,5-6,11-16H2"
11.67,11.82,"InChI=1S/C21H30N4O2/c1-21(2,3)18(19(22)26)23-20(27)17-15-11-7-8-12-16(15)25(24-17)13-14-9-5-4-6-10-14/h7-8,11-12,14,18H,4-6,9-10,13H2,1-3H3,(H2,22,26)(H,23,27)"
11.22,11.22,"InChI=1S/C21H30O2/c1-13(22)17-6-7-18-16-5-4-14-12-15(23)8-10-20(14,2)19(16)9-11-21(17,18)3/h12,16-19H,4-11H2,1-3H3"
13.97,13.97,"InChI=1S/C21H30O2/c1-5-6-7-8-15-12-18(22)20-16-11-14(2)9-10-17(16)21(3,4)23-19(20)13-15/h11-13,16-17,22H,5-10H2,1-4H3"
12.7,12.7,"InChI=1S/C21H30O2/c1-5-6-7-8-16-12-19(22)21(20(23)13-16)18-11-15(4)9-10-17(18)14(2)3/h11-13,17-18,22-23H,2,5-10H2,1,3-4H3"
13.73,13.73,"InChI=1S/C21H30O3/c1-20-9-7-14(23)11-13(20)3-4-15-16-5-6-18(19(24)12-22)21(16,2)10-8-17(15)20/h11,15-18,22H,3-10,12H2,1-2H3"
12.47,12.47,"InChI=1S/C21H30O3/c1-4-5-6-7-14-11-18(23)20-16-10-15(13-22)8-9-17(16)21(2,3)24-19(20)12-14/h10-12,16-17,22-23H,4-9,13H2,1-3H3"
13.34,13.34,"InChI=1S/C21H30O3/c1-7-8-9-10-15-14(4)18(12-17(15)22)24-20(23)19-16(11-13(2)3)21(19,5)6/h8-9,11,16,18-19H,7,10,12H2,1-6H3"
8.74,8.74,"InChI=1S/C21H30O4/c1-20-8-7-13(23)9-12(20)3-4-14-15-5-6-16(18(25)11-22)21(15,2)10-17(24)19(14)20/h9,14-17,19,22,24H,3-8,10-11H2,1-2H3"
7.84,7.84,"InChI=1S/C21H30O5/c1-19-7-5-13(23)9-12(19)3-4-14-15-6-8-21(26,17(25)11-22)20(15,2)10-16(24)18(14)19/h9,14-16,18,22,24,26H,3-8,10-11H2,1-2H3"
3.98,3.98,"InChI=1S/C21H31N3O5/c22-13-5-4-9-16(19(25)24-14-6-10-18(24)21(28)29)23-17(20(26)27)12-11-15-7-2-1-3-8-15/h1-3,7-8,16-18,23H,4-6,9-14,22H2,(H,26,27)(H,28,29)"
5.78,5.78,"InChI=1S/C21H31N5O2/c27-18-16-21(6-1-2-7-21)17-19(28)26(18)11-4-3-10-24-12-14-25(15-13-24)20-22-8-5-9-23-20/h5,8-9H,1-4,6-7,10-17H2"
8.54,8.54,"InChI=1S/C21H31NO2/c1-3-22(4-2)13-8-14-24-20(23)21(18-9-6-5-7-10-18)16-17-11-12-19(21)15-17/h5-7,9-10,17,19H,3-4,8,11-16H2,1-2H3"
11.59,11.59,"InChI=1S/C21H31NO2/c1-6-7-10-13-22-15-17(16-11-8-9-12-18(16)22)19(23)14-20(2,3)21(4,5)24/h8-9,11-12,15,24H,6-7,10,13-14H2,1-5H3"
11.33,11.33,"InChI=1S/C21H32N2O/c1-19-11-13-12-22-23-18(13)10-14(19)4-5-15-16(19)6-8-20(2)17(15)7-9-21(20,3)24/h12,14-17,24H,4-11H2,1-3H3,(H,22,23)"
7.689999999999999,7.69,"InChI=1S/C21H32N6O3/c1-4-19(28)27(18-9-7-6-8-10-18)21(17-30-3)11-13-24(14-12-21)15-16-26-20(29)25(5-2)22-23-26/h6-10H,4-5,11-17H2,1-3H3"
9.21,9.21,"InChI=1S/C21H32O5/c1-19-7-5-13(23)9-12(19)3-4-14-15-6-8-21(26,17(25)11-22)20(15,2)10-16(24)18(14)19/h12-15,18,22-23,26H,3-11H2,1-2H3"
13.08,13.08,"InChI=1S/C21H34O2/c1-4-5-6-7-13-21(2,3)17-11-12-19(20(23)15-17)16-9-8-10-18(22)14-16/h11-12,15-16,18,22-23H,4-10,13-14H2,1-3H3"
12.88,12.88,"InChI=1S/C21H35NO/c1-7-21(5,6)20-10-8-19(9-11-20)12-16(2)13-22-14-17(3)23-18(4)15-22/h8-11,16-18H,7,12-15H2,1-6H3"
1.26,1.26,"InChI=1S/C21H41N7O12/c1-5-21(36,4-30)16(40-17-9(26-2)13(34)10(31)6(3-29)38-17)18(37-5)39-15-8(28-20(24)25)11(32)7(27-19(22)23)12(33)14(15)35/h5-18,26,29-36H,3-4H2,1-2H3,(H4,22,23,27)(H4,24,25,28)"
11.63,11.63,"InChI=1S/C21H43N5O7/c1-9(25-3)13-6-5-10(22)19(31-13)32-16-11(23)7-12(24)17(14(16)27)33-20-15(28)18(26-4)21(2,29)8-30-20/h9-20,25-29H,5-8,22-24H2,1-4H3"
9.02,9.02,"InChI=1S/C22H17N3O5/c1-27-13-17(22(26)28-2)16-8-4-6-10-19(16)30-21-11-20(24-14-25-21)29-18-9-5-3-7-15(18)12-23/h3-11,13-14H,1-2H3"
11.03,11.03,"InChI=1S/C22H18N2O4/c1-22(16-12-14-19(15-13-16)27-18-10-6-3-7-11-18)20(25)24(21(26)28-22)23-17-8-4-2-5-9-17/h2-15,23H,1H3"
8.26,8.26,"InChI=1S/C22H19N3O4/c1-24-10-19(26)25-16(22(24)27)9-14-13-4-2-3-5-15(13)23-20(14)21(25)12-6-7-17-18(8-12)29-11-28-17/h2-8,16,21,23H,9-11H2,1H3"
8.92,8.92,"InChI=1S/C22H19NO4/c1-15(24)26-19-10-6-17(7-11-19)22(21-5-3-4-14-23-21)18-8-12-20(13-9-18)27-16(2)25/h3-14,22H,1-2H3"
11.36,11.36,"InChI=1S/C22H21N3O2/c1-2-3-6-15-25-18-12-5-4-11-17(18)21(24-25)22(26)27-19-13-7-9-16-10-8-14-23-20(16)19/h4-5,7-14H,2-3,6,15H2,1H3"
3.3800000000000003,3.38,"InChI=1S/C22H22N6O7S2/c1-22(2,20(33)34)35-26-13(12-10-37-21(23)24-12)16(29)25-14-17(30)28-15(19(31)32)11(9-36-18(14)28)8-27-6-4-3-5-7-27/h3-7,10,14,18H,8-9H2,1-2H3,(H4-,23,24,25,29,31,32,33,34)"
9.59,9.59,"InChI=1S/C22H22O5/c1-26-20-12-14(6-8-18(20)23)10-16-4-3-5-17(22(16)25)11-15-7-9-19(24)21(13-15)27-2/h6-13,23-24H,3-5H2,1-2H3"
12.93,12.93,"InChI=1S/C22H23NO3/c1-21(2)19(22(21,3)4)20(24)26-18(14-23)15-9-8-12-17(13-15)25-16-10-6-5-7-11-16/h5-13,18-19H,1-4H3"
6.96,6.96,"InChI=1S/C22H23NO7/c1-23-8-7-11-9-14-20(29-10-28-14)21(27-4)15(11)17(23)18-12-5-6-13(25-2)19(26-3)16(12)22(24)30-18/h5-6,9,17-18H,7-8,10H2,1-4H3"
6.66,6.66,"InChI=1S/C22H24N2O2/c1-17-7-9-18(10-8-17)20(13-16-24-14-2-3-15-24)21-6-4-5-19(23-21)11-12-22(25)26/h4-13H,2-3,14-16H2,1H3,(H,25,26)"
5.37,5.37,"InChI=1S/C22H25N3O/c26-22(17-6-2-1-3-7-17)24-19-11-14-25(15-12-19)13-10-18-16-23-21-9-5-4-8-20(18)21/h1-9,16,19,23H,10-15H2,(H,24,26)"
12.15,12.15,"InChI=1S/C22H25NO/c1-3-4-9-14-23-16-20(19-12-7-8-13-21(19)23)22(24)15-18-11-6-5-10-17(18)2/h5-8,10-13,16H,3-4,9,14-15H2,1-2H3"
11.64,11.64,"InChI=1S/C22H25NO2/c1-3-4-7-13-23-16-20(19-11-5-6-12-21(19)23)22(24)15-17-9-8-10-18(14-17)25-2/h5-6,8-12,14,16H,3-4,7,13,15H2,1-2H3"
11.58,11.58,"InChI=1S/C22H25NO2/c1-3-4-7-14-23-16-20(19-8-5-6-9-21(19)23)22(24)15-17-10-12-18(25-2)13-11-17/h5-6,8-13,16H,3-4,7,14-15H2,1-2H3"
11.83,11.83,"InChI=1S/C22H25NO2/c1-3-4-9-14-23-16-19(18-11-6-7-12-20(18)23)21(24)15-17-10-5-8-13-22(17)25-2/h5-8,10-13,16H,3-4,9,14-15H2,1-2H3"
5.44,5.44,"InChI=1S/C22H25NO4/c1-26-22(25)20-8-4-3-7-19(20)21(24)17-9-11-18(12-10-17)27-16-15-23-13-5-2-6-14-23/h3-4,7-12H,2,5-6,13-16H2,1H3"
6.430000000000001,6.43,"InChI=1S/C22H25NO6/c1-12(24)23-16-8-6-13-10-19(27-3)21(28-4)22(29-5)20(13)14-7-9-18(26-2)17(25)11-15(14)16/h7,9-11,16H,6,8H2,1-5H3,(H,23,24)"
5.510000000000001,5.51,"InChI=1S/C22H26N2O2S/c1-24-12-5-6-19(24)15-18-16-23-22-10-9-17(14-21(18)22)11-13-27(25,26)20-7-3-2-4-8-20/h2-4,7-10,14,16,19,23H,5-6,11-13,15H2,1H3"
7.180000000000001,7.18,"InChI=1S/C22H26N2O4S/c1-15(25)28-20-21(16-9-11-17(27-4)12-10-16)29-19-8-6-5-7-18(19)24(22(20)26)14-13-23(2)3/h5-12,20-21H,13-14H2,1-4H3"
13.59,13.59,"InChI=1S/C22H26O3/c1-15(2)10-19-20(22(19,3)4)21(23)25-14-17-12-18(24-13-17)11-16-8-6-5-7-9-16/h5-10,12-13,19-20H,11,14H2,1-4H3"
12.46,12.46,"InChI=1S/C22H27N3O/c1-4-5-11-16-25-19-15-10-9-14-18(19)20(24-25)21(26)23-22(2,3)17-12-7-6-8-13-17/h6-10,12-15H,4-5,11,16H2,1-3H3,(H,23,26)"
6.08,6.08,"InChI=1S/C22H27NO/c1-16-21-14-18-8-9-19(24)15-20(18)22(16,2)11-13-23(21)12-10-17-6-4-3-5-7-17/h3-9,15-16,21,24H,10-14H2,1-2H3"
6.04,6.04,"InChI=1S/C22H28N2O/c1-2-22(25)24(20-11-7-4-8-12-20)21-14-17-23(18-15-21)16-13-19-9-5-3-6-10-19/h3-12,21H,2,13-18H2,1H3"
10.45,10.45,"InChI=1S/C22H28N2O2/c1-7-17-8-10-18(11-9-17)20(25)23-24(22(4,5)6)21(26)19-13-15(2)12-16(3)14-19/h8-14H,7H2,1-6H3,(H,23,25)"
9.56,9.56,"InChI=1S/C22H28N2O3/c1-14-11-15(2)13-17(12-14)21(26)24(22(4,5)6)23-20(25)18-9-8-10-19(27-7)16(18)3/h8-13H,1-7H3,(H,23,25)"
9.77,9.77,"InChI=1S/C22H28O3/c1-20-9-5-15(23)13-14(20)3-4-16-17(20)6-10-21(2)18(16)7-11-22(21)12-8-19(24)25-22/h3-4,13,16-18H,5-12H2,1-2H3"
10.85,10.85,"InChI=1S/C22H28O3/c1-4-22(25-14(2)23)12-10-20-19-7-5-15-13-16(24)6-8-17(15)18(19)9-11-21(20,22)3/h1,13,17-20H,5-12H2,2-3H3"
11.68,11.68,"InChI=1S/C22H28O5/c1-7-8-9-10-15-14(3)18(12-17(15)23)27-21(25)19-16(22(19,4)5)11-13(2)20(24)26-6/h7-9,11,16,18-19H,1,10,12H2,2-6H3"
10.41,10.41,"InChI=1S/C22H29N3S2/c1-3-26-18-9-10-22-20(17-18)25(19-7-4-5-8-21(19)27-22)12-6-11-24-15-13-23(2)14-16-24/h4-5,7-10,17H,3,6,11-16H2,1-2H3"
10.86,10.86,"InChI=1S/C22H29N5O4S/c1-4-9-17-19-20(26(3)25-17)22(28)24-21(23-19)16-14-15(10-11-18(16)31-5-2)32(29,30)27-12-7-6-8-13-27/h10-11,14H,4-9,12-13H2,1-3H3,(H,23,24,28)"
10.62,10.62,"InChI=1S/C22H29N5O4S/c1-4-9-19-23-15(3)20-22(28)24-21(25-27(19)20)17-14-16(10-11-18(17)31-5-2)32(29,30)26-12-7-6-8-13-26/h10-11,14H,4-9,12-13H2,1-3H3,(H,24,25,28)"
11.37,11.37,"InChI=1S/C22H29NO2/c1-21(2)20(22(21,3)4)19(24)17-14-23(13-15-9-11-25-12-10-15)18-8-6-5-7-16(17)18/h5-8,14-15,20H,9-13H2,1-4H3"
7.73,7.73,"InChI=1S/C22H29NO2/c1-5-21(24)25-22(18(2)17-23(3)4,20-14-10-7-11-15-20)16-19-12-8-6-9-13-19/h6-15,18H,5,16-17H2,1-4H3"
8.85,8.85,"InChI=1S/C22H30N2/c1-3-23(4-2)15-10-16-24(21-13-6-5-7-14-21)22-17-19-11-8-9-12-20(19)18-22/h5-9,11-14,22H,3-4,10,15-18H2,1-2H3"
6.010000000000001,6.01,"InChI=1S/C22H30N2O/c1-18-10-8-11-19(2)24(18)17-9-15-22(25,20-12-4-3-5-13-20)21-14-6-7-16-23-21/h3-7,12-14,16,18-19,25H,8-11,15,17H2,1-2H3"
10.7,10.7,"InChI=1S/C22H30N2O2/c1-21(2)20(22(21,3)4)19(25)17-15-24(18-8-6-5-7-16(17)18)10-9-23-11-13-26-14-12-23/h5-8,15,20H,9-14H2,1-4H3"
7.31,7.31,"InChI=1S/C22H30N2O2S/c1-3-21(25)24(19-8-5-4-6-9-19)22(18-26-2)12-15-23(16-13-22)14-11-20-10-7-17-27-20/h4-10,17H,3,11-16,18H2,1-2H3"
8.23,8.23,"InChI=1S/C22H30N2O5S2/c1-3-29-21(28)17(10-9-16-7-5-4-6-8-16)23-15(2)19(25)24-14-22(30-11-12-31-22)13-18(24)20(26)27/h4-8,15,17-18,23H,3,9-14H2,1-2H3,(H,26,27)"
8.15,8.15,"InChI=1S/C22H30N4O2S2/c1-23(2)30(27,28)18-9-10-22-20(17-18)26(19-7-4-5-8-21(19)29-22)12-6-11-25-15-13-24(3)14-16-25/h4-5,7-10,17H,6,11-16H2,1-3H3"
10.6,10.6,"InChI=1S/C22H30N6O3S2/c1-5-7-17-19-20(27(4)25-17)22(32)24-21(23-19)16-14-15(8-9-18(16)31-6-2)33(29,30)28-12-10-26(3)11-13-28/h8-9,14H,5-7,10-13H2,1-4H3,(H,23,24,32)"
7.88,7.88,"InChI=1S/C22H30N6O4S/c1-5-7-17-19-20(27(4)25-17)22(29)24-21(23-19)16-14-15(8-9-18(16)32-6-2)33(30,31)28-12-10-26(3)11-13-28/h8-9,14H,5-7,10-13H2,1-4H3,(H,23,24,29)"
8.75,8.75,"InChI=1S/C22H30O5/c1-12-8-14-15-5-7-22(27,18(26)11-23)21(15,3)10-17(25)19(14)20(2)6-4-13(24)9-16(12)20/h4,6,9,12,14-15,17,19,23,25,27H,5,7-8,10-11H2,1-3H3"
12.16,12.16,"InChI=1S/C22H30O5/c1-7-8-9-10-15-14(3)18(12-17(15)23)27-21(25)19-16(22(19,4)5)11-13(2)20(24)26-6/h8-9,11,16,18-19H,7,10,12H2,1-6H3"
12.87,12.87,"InChI=1S/C22H31N3O3/c1-22(2,3)19(21(27)28-4)23-20(26)18-16-12-8-9-13-17(16)25(24-18)14-15-10-6-5-7-11-15/h8-9,12-13,15,19H,5-7,10-11,14H2,1-4H3,(H,23,26)"
7.939999999999999,7.94,"InChI=1S/C22H31N3O5/c1-2-30-22(29)18(13-12-16-8-4-3-5-9-16)23-17-10-6-14-24-15-7-11-19(21(27)28)25(24)20(17)26/h3-5,8-9,17-19,23H,2,6-7,10-15H2,1H3,(H,27,28)"
8.92,8.92,"InChI=1S/C22H31NO3/c1-3-23(4-2)17-11-12-18-26-21(24)22(25,19-13-7-5-8-14-19)20-15-9-6-10-16-20/h5,7-8,13-14,20,25H,3-4,6,9-10,15-18H2,1-2H3"
12.49,12.49,"InChI=1S/C22H32O3/c1-13-11-16(24)12-15-5-6-17-18-7-8-20(25-14(2)23)21(18,3)10-9-19(17)22(13,15)4/h11,15,17-20H,5-10,12H2,1-4H3"
13.51,13.51,"InChI=1S/C22H36O2/c1-4-5-6-7-8-14-22(2,3)18-12-13-20(21(24)16-18)17-10-9-11-19(23)15-17/h12-13,16-17,19,23-24H,4-11,14-15H2,1-3H3"
8.6,8.6,"InChI=1S/C23H16O3/c24-21-17-13-7-8-14-18(17)22(25)20(21)23(26)19(15-9-3-1-4-10-15)16-11-5-2-6-12-16/h1-14,19-20H"
9.33,9.33,"InChI=1S/C23H19NO3/c25-22(26)13-6-14-24-15-20(18-10-3-4-12-21(18)24)23(27)19-11-5-8-16-7-1-2-9-17(16)19/h1-5,7-12,15H,6,13-14H2,(H,25,26)"
7.939999999999999,7.94,"InChI=1S/C23H20N2O3S/c26-22-21(16-17-29(28)20-14-8-3-9-15-20)23(27)25(19-12-6-2-7-13-19)24(22)18-10-4-1-5-11-18/h1-15,21H,16-17H2"
11.88,11.88,"InChI=1S/C23H21NO/c1-2-3-15-24-16-21(19-12-6-7-14-22(19)24)23(25)20-13-8-10-17-9-4-5-11-18(17)20/h4-14,16H,2-3,15H2,1H3"
11.51,11.51,"InChI=1S/C23H21NO/c1-3-15-24-16(2)22(20-12-6-7-14-21(20)24)23(25)19-13-8-10-17-9-4-5-11-18(17)19/h4-14H,3,15H2,1-2H3"
9.91,9.91,"InChI=1S/C23H21NO2/c1-16(25)13-14-24-15-21(19-10-4-5-12-22(19)24)23(26)20-11-6-8-17-7-2-3-9-18(17)20/h2-12,15-16,25H,13-14H2,1H3"
10.56,10.56,"InChI=1S/C23H21NO2/c1-2-3-13-24-15-21(19-12-11-17(25)14-22(19)24)23(26)20-10-6-8-16-7-4-5-9-18(16)20/h4-12,14-15,25H,2-3,13H2,1H3"
11.29,11.29,"InChI=1S/C23H21NO2/c1-2-3-13-24-15-21(20-14-17(25)11-12-22(20)24)23(26)19-10-6-8-16-7-4-5-9-18(16)19/h4-12,14-15,25H,2-3,13H2,1H3"
11.96,11.96,"InChI=1S/C23H21NO2/c1-2-3-14-24-15-19(22-20(24)12-7-13-21(22)25)23(26)18-11-6-9-16-8-4-5-10-17(16)18/h4-13,15,25H,2-3,14H2,1H3"
11.21,11.21,"InChI=1S/C23H21NO2/c1-2-3-14-24-15-20(18-11-7-13-21(25)22(18)24)23(26)19-12-6-9-16-8-4-5-10-17(16)19/h4-13,15,25H,2-3,14H2,1H3"
13.53,13.53,"InChI=1S/C23H21NO2/c1-2-3-15-24-20-14-7-6-12-19(20)21(23(24)26)22(25)18-13-8-10-16-9-4-5-11-17(16)18/h4-14,26H,2-3,15H2,1H3"
9.56,9.56,"InChI=1S/C23H21NO2/c25-15-6-5-14-24-16-21(19-11-3-4-13-22(19)24)23(26)20-12-7-9-17-8-1-2-10-18(17)20/h1-4,7-13,16,25H,5-6,14-15H2"
13.05,13.05,"InChI=1S/C23H22N2O/c1-2-3-8-16-25-21-15-7-6-13-20(21)22(24-25)23(26)19-14-9-11-17-10-4-5-12-18(17)19/h4-7,9-15H,2-3,8,16H2,1H3"
11.87,11.87,"InChI=1S/C23H22N2O2/c1-2-3-6-15-25-16-19(18-11-4-5-12-20(18)25)23(26)27-21-13-7-9-17-10-8-14-24-22(17)21/h4-5,7-14,16H,2-3,6,15H2,1H3"
10.47,10.47,"InChI=1S/C23H22O6/c1-11(2)16-8-14-15(28-16)6-5-12-22(24)21-13-7-18(25-3)19(26-4)9-17(13)27-10-20(21)29-23(12)14/h5-7,9,16,20-21H,1,8,10H2,2-4H3"
13.03,13.03,"InChI=1S/C23H23N3O/c1-2-3-8-16-26-21-15-7-6-13-19(21)22(25-26)23(27)24-20-14-9-11-17-10-4-5-12-18(17)20/h4-7,9-15H,2-3,8,16H2,1H3,(H,24,27)"
7.489999999999999,7.49,"InChI=1S/C23H24N2O4S/c1-2-3-6-21-24-14-19(12-18(23(28)29)13-20-5-4-11-30-20)25(21)15-16-7-9-17(10-8-16)22(26)27/h4-5,7-12,14H,2-3,6,13,15H2,1H3,(H,26,27)(H,28,29)"
3.76,3.76,"InChI=1S/C23H24N6O5S2/c1-34-27-16(14-11-36-23(24)25-14)19(30)26-17-20(31)29-18(22(32)33)13(10-35-21(17)29)9-28-8-4-6-12-5-2-3-7-15(12)28/h4,6,8,11,17,21H,2-3,5,7,9-10H2,1H3,(H3-,24,25,26,30,32,33)"
8.54,8.54,"InChI=1S/C23H25N/c1-19(20-11-5-2-6-12-20)24-18-17-23(21-13-7-3-8-14-21)22-15-9-4-10-16-22/h2-16,19,23-24H,17-18H2,1H3"
13.69,13.69,"InChI=1S/C23H26N2/c1-24(2)21-14-10-19(11-15-21)23(18-8-6-5-7-9-18)20-12-16-22(17-13-20)25(3)4/h5-17,23H,1-4H3"
7.95,7.95,"InChI=1S/C23H26N2O2/c26-23(27-21-16-24-13-10-18(21)11-14-24)25-15-12-17-6-4-5-9-20(17)22(25)19-7-2-1-3-8-19/h1-9,18,21-22H,10-16H2"
9.55,9.55,"InChI=1S/C23H26N2O3/c1-17-22(23(26)18-7-9-19(27-2)10-8-18)20-5-3-4-6-21(20)25(17)12-11-24-13-15-28-16-14-24/h3-10H,11-16H2,1-2H3"
4.21,4.21,"InChI=1S/C23H26N2O4/c1-27-16-8-14-15(9-17(16)28-2)25-20(26)10-18-21-13-7-19-23(14,22(21)25)4-5-24(19)11-12(13)3-6-29-18/h3,8-9,13,18-19,21-22H,4-7,10-11H2,1-2H3"
1.63,1.63,"InChI=1S/C23H27NO9/c1-24-7-6-23-10-3-4-12(25)20(23)32-18-13(5-2-9(14(18)23)8-11(10)24)31-22-17(28)15(26)16(27)19(33-22)21(29)30/h2-5,10-12,15-17,19-20,22,25-28H,6-8H2,1H3,(H,29,30)"
2.48,2.48,"InChI=1S/C23H27NO9/c1-30-12-4-2-9-8-11-10-3-5-13(20-23(10,6-7-24-11)14(9)18(12)32-20)31-22-17(27)15(25)16(26)19(33-22)21(28)29/h2-5,10-11,13,15-17,19-20,22,24-27H,6-8H2,1H3,(H,28,29)"
7.83,7.83,"InChI=1S/C23H29N3O/c27-19-18-25-16-14-24(15-17-25)12-5-13-26-22-8-3-1-6-20(22)10-11-21-7-2-4-9-23(21)26/h1-4,6-11,27H,5,12-19H2"
5.760000000000001,5.76,"InChI=1S/C23H29N3O2/c1-17-19(20-15-22(27-2)23(28-3)16-21(20)24-17)9-10-25-11-13-26(14-12-25)18-7-5-4-6-8-18/h4-8,15-16,24H,9-14H2,1-3H3"
8.38,8.38,"InChI=1S/C23H29N3O2S2/c1-24(2)30(27,28)18-10-11-23-21(17-18)19(20-7-4-5-9-22(20)29-23)8-6-12-26-15-13-25(3)14-16-26/h4-5,7-11,17H,6,12-16H2,1-3H3"
9.36,9.36,"InChI=1S/C23H29NO3/c1-3-18-26-23(19-10-6-4-7-11-19,20-12-8-5-9-13-20)22(25)27-21-14-16-24(2)17-15-21/h4-13,21H,3,14-18H2,1-2H3"
6.09,6.09,"InChI=1S/C23H30N2O/c1-3-23(26)25(21-12-8-5-9-13-21)22-14-16-24(17-15-22)19(2)18-20-10-6-4-7-11-20/h4-13,19,22H,3,14-18H2,1-2H3"
6.489999999999999,6.49,"InChI=1S/C23H30N2O/c1-3-23(26)25(21-12-8-5-9-13-21)22-15-17-24(18-19(22)2)16-14-20-10-6-4-7-11-20/h4-13,19,22H,3,14-18H2,1-2H3"
2.73,2.73,"InChI=1S/C23H30N2O4/c1-24-7-6-23-16-3-4-18(26)22(23)29-21-19(5-2-15(20(21)23)14-17(16)24)28-13-10-25-8-11-27-12-9-25/h2-5,16-18,22,26H,6-14H2,1H3"
6.23,6.56,"InChI=1S/C23H30N2O4/c1-5-14-12-25-10-9-15-21-18(7-6-8-20(21)28-3)24-22(15)19(25)11-16(14)17(13-27-2)23(26)29-4/h6-8,13-14,16,19,24H,5,9-12H2,1-4H3"
5.95,5.95,"InChI=1S/C23H30N2O5/c1-5-14-12-25-10-9-23(27)20-17(7-6-8-19(20)29-3)24-21(23)18(25)11-15(14)16(13-28-2)22(26)30-4/h6-8,13-15,18,27H,5,9-12H2,1-4H3"
11.54,11.54,"InChI=1S/C23H30N6OS2/c1-5-7-17-19-20(28(4)26-17)22(31)25-21(24-19)16-14-15(8-9-18(16)30-6-2)23(32)29-12-10-27(3)11-13-29/h8-9,14H,5-7,10-13H2,1-4H3,(H,24,25,31)"
12.8,12.8,"InChI=1S/C23H30O4/c1-14-11-15(2)18(16(3)12-14)19-20(26-17(24)13-22(4,5)6)23(27-21(19)25)9-7-8-10-23/h11-12H,7-10,13H2,1-6H3"
13.97,13.97,"InChI=1S/C23H31N3O/c1-2-3-6-9-26-20-8-5-4-7-19(20)21(25-26)22(27)24-23-13-16-10-17(14-23)12-18(11-16)15-23/h4-5,7-8,16-18H,2-3,6,9-15H2,1H3,(H,24,27)"
9.41,9.41,"InChI=1S/C23H31NO2/c1-4-17-23(20-13-9-7-10-14-20,21-15-11-8-12-16-21)22(25)26-19-18-24(5-2)6-3/h7-16H,4-6,17-19H2,1-3H3"
8.81,8.81,"InChI=1S/C23H32N2O/c1-22(2)21(23(22,3)4)20(26)18-15-25(19-12-7-6-11-17(18)19)14-16-10-8-9-13-24(16)5/h6-7,11-12,15-16,21H,8-10,13-14H2,1-5H3"
13,13,"InChI=1S/C23H32N2O2S/c1-17(2)13-15-26-21-9-5-19(6-10-21)24-23(28)25-20-7-11-22(12-8-20)27-16-14-18(3)4/h5-12,17-18H,13-16H2,1-4H3,(H2,24,25,28)"
12.43,12.43,"InChI=1S/C23H32N2O3/c1-23(2,3)20(22(27)28-4)24-21(26)18-15-25(14-16-10-6-5-7-11-16)19-13-9-8-12-17(18)19/h8-9,12-13,15-16,20H,5-7,10-11,14H2,1-4H3,(H,24,26)"
8.56,8.56,"InChI=1S/C23H32N2O5/c1-3-30-23(29)18(13-12-16-8-5-4-6-9-16)24-15(2)21(26)25-19-11-7-10-17(19)14-20(25)22(27)28/h4-6,8-9,15,17-20,24H,3,7,10-14H2,1-2H3,(H,27,28)"
12.94,12.94,"InChI=1S/C23H32N2OS/c1-15(2)19-13-18(26-17-11-9-8-10-12-17)14-20(16(3)4)21(19)24-22(27)25-23(5,6)7/h8-16H,1-7H3,(H2,24,25,27)"
10.61,10.61,"InChI=1S/C23H32N6O3S2/c1-5-8-18-20-21(27(4)26-18)23(33)25-22(24-20)17-15-16(9-10-19(17)32-7-3)34(30,31)29-13-11-28(6-2)12-14-29/h9-10,15H,5-8,11-14H2,1-4H3,(H,24,25,33)"
9.91,9.91,"InChI=1S/C23H32N6O3S2/c1-6-8-18-20-21(28(5)27-18)23(33)26-22(25-20)17-11-16(9-10-19(17)32-7-2)34(30,31)29-12-14(3)24-15(4)13-29/h9-11,14-15,24H,6-8,12-13H2,1-5H3,(H,25,26,33)"
7.84,7.84,"InChI=1S/C23H32N6O4S/c1-5-8-18-20-21(27(4)26-18)23(30)25-22(24-20)17-15-16(9-10-19(17)33-7-3)34(31,32)29-13-11-28(6-2)12-14-29/h9-10,15H,5-8,11-14H2,1-4H3,(H,24,25,30)"
8.110000000000001,8.11,"InChI=1S/C23H32N6O4S/c1-5-8-20-24-16(4)21-23(30)25-22(26-29(20)21)18-15-17(9-10-19(18)33-7-3)34(31,32)28-13-11-27(6-2)12-14-28/h9-10,15H,5-8,11-14H2,1-4H3,(H,25,26,30)"
7.6,7.6,"InChI=1S/C23H32N6O4S/c1-6-8-18-20-21(28(5)27-18)23(30)26-22(25-20)17-11-16(9-10-19(17)33-7-2)34(31,32)29-12-14(3)24-15(4)13-29/h9-11,14-15,24H,6-8,12-13H2,1-5H3,(H,25,26,30)"
10.46,10.46,"InChI=1S/C23H32N6O4S2/c1-4-6-18-20-21(27(3)26-18)23(34)25-22(24-20)17-15-16(7-8-19(17)33-5-2)35(31,32)29-11-9-28(10-12-29)13-14-30/h7-8,15,30H,4-6,9-14H2,1-3H3,(H,24,25,34)"
7.83,7.83,"InChI=1S/C23H32N6O5S/c1-4-6-18-20-21(27(3)26-18)23(31)25-22(24-20)17-15-16(7-8-19(17)34-5-2)35(32,33)29-11-9-28(10-12-29)13-14-30/h7-8,15,30H,4-6,9-14H2,1-3H3,(H,24,25,31)"
8.05,8.05,"InChI=1S/C23H32N6O5S/c1-4-6-20-24-16(3)21-23(31)25-22(26-29(20)21)18-15-17(7-8-19(18)34-5-2)35(32,33)28-11-9-27(10-12-28)13-14-30/h7-8,15,30H,4-6,9-14H2,1-3H3,(H,25,26,31)"
8.8,8.8,"InChI=1S/C23H32O6/c1-13(24)29-12-19(27)23(28)9-7-17-16-5-4-14-10-15(25)6-8-21(14,2)20(16)18(26)11-22(17,23)3/h10,16-18,20,26,28H,4-9,11-12H2,1-3H3"
8.360000000000001,8.36,"InChI=1S/C23H36O7/c1-4-13(2)23(29)30-20-11-17(25)9-15-6-5-14(3)19(22(15)20)8-7-16(24)10-18(26)12-21(27)28/h5-6,9,13-14,16-20,22,24-26H,4,7-8,10-12H2,1-3H3,(H,27,28)"
9.69,9.69,"InChI=1S/C24H20N2O/c25-15-6-1-7-16-26-17-22(20-12-4-5-14-23(20)26)24(27)21-13-8-10-18-9-2-3-11-19(18)21/h2-5,8-14,17H,1,6-7,16H2"
7.930000000000001,7.93,"InChI=1S/C24H20N6O3/c1-2-33-24-25-20-9-5-8-19(23(31)32)21(20)30(24)14-15-10-12-16(13-11-15)17-6-3-4-7-18(17)22-26-28-29-27-22/h3-13H,2,14H2,1H3,(H,31,32)(H,26,27,28,29)"
9.71,9.71,"InChI=1S/C24H21NO3/c26-23(27)14-5-6-15-25-16-21(19-11-3-4-13-22(19)25)24(28)20-12-7-9-17-8-1-2-10-18(17)20/h1-4,7-13,16H,5-6,14-15H2,(H,26,27)"
12.41,12.41,"InChI=1S/C24H23NO/c1-2-3-8-16-25-17-22(20-13-6-7-15-23(20)25)24(26)21-14-9-11-18-10-4-5-12-19(18)21/h4-7,9-15,17H,2-3,8,16H2,1H3"
10.08,10.08,"InChI=1S/C24H23NO2/c1-17(26)8-7-15-25-16-22(20-12-4-5-14-23(20)25)24(27)21-13-6-10-18-9-2-3-11-19(18)21/h2-6,9-14,16-17,26H,7-8,15H2,1H3"
11.18,11.18,"InChI=1S/C24H23NO2/c1-2-3-6-14-25-16-22(20-13-12-18(26)15-23(20)25)24(27)21-11-7-9-17-8-4-5-10-19(17)21/h4-5,7-13,15-16,26H,2-3,6,14H2,1H3"
11.26,11.26,"InChI=1S/C24H23NO2/c1-2-3-6-14-25-16-22(21-15-18(26)12-13-23(21)25)24(27)20-11-7-9-17-8-4-5-10-19(17)20/h4-5,7-13,15-16,26H,2-3,6,14H2,1H3"
12.51,12.51,"InChI=1S/C24H23NO2/c1-2-3-6-15-25-16-20(23-21(25)13-8-14-22(23)26)24(27)19-12-7-10-17-9-4-5-11-18(17)19/h4-5,7-14,16,26H,2-3,6,15H2,1H3"
11.78,11.78,"InChI=1S/C24H23NO2/c1-2-3-6-15-25-16-21(19-12-8-14-22(26)23(19)25)24(27)20-13-7-10-17-9-4-5-11-18(17)20/h4-5,7-14,16,26H,2-3,6,15H2,1H3"
13.96,13.96,"InChI=1S/C24H23NO2/c1-2-3-8-16-25-21-15-7-6-13-20(21)22(24(25)27)23(26)19-14-9-11-17-10-4-5-12-18(17)19/h4-7,9-15,27H,2-3,8,16H2,1H3"
10.04,10.04,"InChI=1S/C24H23NO2/c26-16-7-1-6-15-25-17-22(20-12-4-5-14-23(20)25)24(27)21-13-8-10-18-9-2-3-11-19(18)21/h2-5,8-14,17,26H,1,6-7,15-16H2"
11.66,11.66,"InChI=1S/C24H24N2O/c1-2-3-8-16-26-17-21(20-13-6-7-15-23(20)26)24(27)25-22-14-9-11-18-10-4-5-12-19(18)22/h4-7,9-15,17H,2-3,8,16H2,1H3,(H,25,27)"
6.91,6.91,"InChI=1S/C24H26N2O4/c1-28-21-10-4-5-11-22(21)29-14-13-25-15-17(27)16-30-23-12-6-9-20-24(23)18-7-2-3-8-19(18)26-20/h2-12,17,25-27H,13-16H2,1H3"
9.61,9.61,"InChI=1S/C24H26N2O6/c1-2-3-16-24(17-32-21(29)15-14-20(27)28)22(30)25(18-10-6-4-7-11-18)26(23(24)31)19-12-8-5-9-13-19/h4-13H,2-3,14-17H2,1H3,(H,27,28)"
8.889999999999999,8.89,"InChI=1S/C24H27N/c1-20(19-21-11-5-2-6-12-21)25-18-17-24(22-13-7-3-8-14-22)23-15-9-4-10-16-23/h2-16,20,24-25H,17-19H2,1H3"
13.15,13.15,"InChI=1S/C24H27N3O4/c1-17-21(22(27(5)26-17)30-20-9-7-6-8-10-20)15-25-29-16-18-11-13-19(14-12-18)23(28)31-24(2,3)4/h6-15H,16H2,1-5H3"
13.36,13.36,"InChI=1S/C24H27NO2/c1-3-5-12-19(4-2)18-27-24(26)22(17-25)23(20-13-8-6-9-14-20)21-15-10-7-11-16-21/h6-11,13-16,19H,3-5,12,18H2,1-2H3"
7.9,7.9,"InChI=1S/C24H28N2O3/c1-3-14-9-16-11-18(12-17(16)10-15(14)4-2)25-13-22(28)19-5-7-21(27)24-20(19)6-8-23(29)26-24/h5-10,18,22,25,27-28H,3-4,11-13H2,1-2H3,(H,26,29)"
14.08,14.08,"InChI=1S/C24H28O2/c1-15-13-20-21(24(5,6)12-11-23(20,3)4)14-19(15)16(2)17-7-9-18(10-8-17)22(25)26/h7-10,13-14H,2,11-12H2,1,3-6H3,(H,25,26)"
9.21,9.21,"InChI=1S/C24H29N5O3/c1-4-5-10-21(30)29(22(16(2)3)24(31)32)15-17-11-13-18(14-12-17)19-8-6-7-9-20(19)23-25-27-28-26-23/h6-9,11-14,16,22H,4-5,10,15H2,1-3H3,(H,31,32)(H,25,26,27,28)"
5.8100000000000005,5.81,"InChI=1S/C24H29NO3/c1-27-22-14-19-13-20(24(26)21(19)15-23(22)28-2)12-17-8-10-25(11-9-17)16-18-6-4-3-5-7-18/h3-7,14-15,17,20H,8-13,16H2,1-2H3"
6.23,6.23,"InChI=1S/C24H30N2O2/c1-2-26-19-22(13-14-25-15-17-28-18-16-25)24(23(26)27,20-9-5-3-6-10-20)21-11-7-4-8-12-21/h3-12,22H,2,13-19H2,1H3"
9.93,9.93,"InChI=1S/C24H30N2O3/c1-15-12-16(2)14-18(13-15)23(28)26(24(4,5)6)25-22(27)20-9-10-21-19(17(20)3)8-7-11-29-21/h9-10,12-14H,7-8,11H2,1-6H3,(H,25,27)"
8.25,8.25,"InChI=1S/C24H30O11/c1-23(35-16(27)8-7-13-5-3-2-4-6-13)11-15(26)24(31)9-10-32-22(20(23)24)34-21-19(30)18(29)17(28)14(12-25)33-21/h2-10,14-15,17-22,25-26,28-31H,11-12H2,1H3"
7.14,7.14,"InChI=1S/C24H31N5O3/c1-4-9-18-21-22(28(3)27-18)24(31)26-23(25-21)17-14-16(10-11-20(17)32-5-2)19(30)15-29-12-7-6-8-13-29/h10-11,14H,4-9,12-13,15H2,1-3H3,(H,25,26,31)"
13.69,13.69,"InChI=1S/C24H31NO/c1-2-3-6-9-25-16-21(20-7-4-5-8-22(20)25)23(26)24-13-17-10-18(14-24)12-19(11-17)15-24/h4-5,7-8,16-19H,2-3,6,9-15H2,1H3"
13.18,13.18,"InChI=1S/C24H32N2O/c1-2-3-6-9-26-16-21(20-7-4-5-8-22(20)26)23(27)25-24-13-17-10-18(14-24)12-19(11-17)15-24/h4-5,7-8,16-19H,2-3,6,9-15H2,1H3,(H,25,27)"
6.989999999999999,6.99,"InChI=1S/C24H32N6O3/c1-5-7-18-21-22(29(4)27-18)24(32)26-23(25-21)17-14-16(8-9-20(17)33-6-2)19(31)15-30-12-10-28(3)11-13-30/h8-9,14H,5-7,10-13,15H2,1-4H3,(H,25,26,32)"
9.24,9.24,"InChI=1S/C24H32O4S/c1-14(25)29-19-13-15-12-16(26)4-8-22(15,2)17-5-9-23(3)18(21(17)19)6-10-24(23)11-7-20(27)28-24/h12,17-19,21H,4-11,13H2,1-3H3"
9.08,9.08,"InChI=1S/C24H33N3O2S/c1-20(18-26-12-10-25(11-13-26)14-16-29-17-15-28)19-27-21-6-2-4-8-23(21)30-24-9-5-3-7-22(24)27/h2-9,20,28H,10-19H2,1H3"
7.39,7.39,"InChI=1S/C24H33N3O3S2/c1-25(2)32(29,30)20-8-9-24-22(18-20)27(21-6-3-4-7-23(21)31-24)14-5-13-26-15-10-19(11-16-26)12-17-28/h3-4,6-9,18-19,28H,5,10-17H2,1-2H3"
11.64,11.64,"InChI=1S/C24H33NO3/c1-5-20(6-2)19-28-24(21-13-9-7-10-14-21,22-15-11-8-12-16-22)23(26)27-18-17-25(3)4/h7-16,20H,5-6,17-19H2,1-4H3"
9.55,9.55,"InChI=1S/C24H34N2O5/c1-3-31-24(30)19(14-13-17-9-5-4-6-10-17)25-16(2)22(27)26-20-12-8-7-11-18(20)15-21(26)23(28)29/h4-6,9-10,16,18-21,25H,3,7-8,11-15H2,1-2H3,(H,28,29)"
10.69,10.69,"InChI=1S/C24H34N4O5S/c1-4-21-17(3)15-28(22(21)29)24(31)25-14-13-18-7-11-20(12-8-18)34(32,33)27-23(30)26-19-9-5-16(2)6-10-19/h7-8,11-12,16,19H,4-6,9-10,13-15H2,1-3H3,(H,25,31)(H2,26,27,30)"
10.48,10.48,"InChI=1S/C24H34N6O3S2/c1-5-8-19-21-22(28(4)27-19)24(34)26-23(25-21)18-16-17(9-10-20(18)33-15-6-2)35(31,32)30-13-11-29(7-3)12-14-30/h9-10,16H,5-8,11-15H2,1-4H3,(H,25,26,34)"
13.43,13.43,"InChI=1S/C24H35NO5/c1-4-7-8-9-10-11-12-13-14-30-21-15-18-20(16-22(21)28-5-2)25-17-19(23(18)26)24(27)29-6-3/h15-17H,4-14H2,1-3H3,(H,25,26)"
12.03,12.03,"InChI=1S/C24H36O5/c1-5-15(3)24(27)29-21-11-14(2)10-17-7-6-16(4)20(23(17)21)9-8-19-12-18(25)13-22(26)28-19/h6-7,10,14-16,18-21,23,25H,5,8-9,11-13H2,1-4H3"
15.3,15.3,"InChI=1S/C24H38O4/c1-3-5-7-9-11-15-19-27-23(25)21-17-13-14-18-22(21)24(26)28-20-16-12-10-8-6-4-2/h13-14,17-18H,3-12,15-16,19-20H2,1-2H3"
15,15,"InChI=1S/C24H38O4/c1-5-9-13-19(7-3)17-27-23(25)21-15-11-12-16-22(21)24(26)28-18-20(8-4)14-10-6-2/h11-12,15-16,19-20H,5-10,13-14,17-18H2,1-4H3"
9.36,9.36,"InChI=1S/C24H40N8O4/c33-15-11-31(12-16-34)23-26-20-19(21(27-23)29-7-3-1-4-8-29)25-24(32(13-17-35)14-18-36)28-22(20)30-9-5-2-6-10-30/h33-36H,1-18H2"
11.98,11.98,"InChI=1S/C24H40O3/c1-4-5-6-7-14-24(2,3)19-11-13-21(23(27)16-19)22-17-20(26)12-10-18(22)9-8-15-25/h11,13,16,18,20,22,25-27H,4-10,12,14-15,17H2,1-3H3"
9.88,9.88,"InChI=1S/C25H24N2O2/c28-25(22-10-5-7-19-6-1-2-8-20(19)22)23-18-27(24-11-4-3-9-21(23)24)13-12-26-14-16-29-17-15-26/h1-11,18H,12-17H2"
12.45,12.45,"InChI=1S/C25H24N2O2/c28-25(29-23-14-6-10-19-11-7-15-26-24(19)23)21-17-27(16-18-8-2-1-3-9-18)22-13-5-4-12-20(21)22/h4-7,10-15,17-18H,1-3,8-9,16H2"
10.13,10.13,"InChI=1S/C25H24N2O3/c28-23-10-4-9-22-24(23)21(17-27(22)12-11-26-13-15-30-16-14-26)25(29)20-8-3-6-18-5-1-2-7-19(18)20/h1-10,17,28H,11-16H2"
10.22,10.22,"InChI=1S/C25H25N3O4/c1-2-3-10-27-13-22(29)28-19(25(27)30)12-17-16-6-4-5-7-18(16)26-23(17)24(28)15-8-9-20-21(11-15)32-14-31-20/h4-9,11,19,24,26H,2-3,10,12-14H2,1H3"
12.93,12.93,"InChI=1S/C25H25NO/c1-2-3-4-9-17-26-18-23(21-14-7-8-16-24(21)26)25(27)22-15-10-12-19-11-5-6-13-20(19)22/h5-8,10-16,18H,2-4,9,17H2,1H3"
12.89,12.89,"InChI=1S/C25H25NO/c1-3-4-9-16-26-17-23(21-12-7-8-13-24(21)26)25(27)22-15-14-18(2)19-10-5-6-11-20(19)22/h5-8,10-15,17H,3-4,9,16H2,1-2H3"
12.64,12.64,"InChI=1S/C25H25NO/c1-3-4-9-17-26-18(2)24(22-14-7-8-16-23(22)26)25(27)21-15-10-12-19-11-5-6-13-20(19)21/h5-8,10-16H,3-4,9,17H2,1-2H3"
12.67,12.67,"InChI=1S/C25H25NO/c1-3-9-18-14-15-22(20-11-6-5-10-19(18)20)25(27)23-17-26(16-4-2)24-13-8-7-12-21(23)24/h5-8,10-15,17H,3-4,9,16H2,1-2H3"
10.64,10.64,"InChI=1S/C25H25NO2/c1-18-13-14-22(20-10-4-3-9-19(18)20)25(28)23-17-26(15-7-2-8-16-27)24-12-6-5-11-21(23)24/h3-6,9-14,17,27H,2,7-8,15-16H2,1H3"
12.36,12.36,"InChI=1S/C25H25NO2/c1-3-4-7-15-26-17-23(21-14-13-19(28-2)16-24(21)26)25(27)22-12-8-10-18-9-5-6-11-20(18)22/h5-6,8-14,16-17H,3-4,7,15H2,1-2H3"
12.68,12.68,"InChI=1S/C25H25NO2/c1-3-4-9-16-26-17-22(19-11-7-8-13-23(19)26)25(27)21-14-15-24(28-2)20-12-6-5-10-18(20)21/h5-8,10-15,17H,3-4,9,16H2,1-2H3"
4.36,4.36,"InChI=1S/C25H27N9O8S2/c1-3-32-8-9-33(21(39)20(32)38)24(42)27-15(12-4-6-14(35)7-5-12)18(36)26-16-19(37)34-17(23(40)41)13(10-43-22(16)34)11-44-25-28-29-30-31(25)2/h4-7,15-16,22,35H,3,8-11H2,1-2H3,(H,26,36)(H,27,42)(H,40,41)"
9.44,9.44,"InChI=1S/C25H28N6O/c1-2-3-10-22-26-25(15-6-7-16-25)24(32)31(22)17-18-11-13-19(14-12-18)20-8-4-5-9-21(20)23-27-29-30-28-23/h4-5,8-9,11-14H,2-3,6-7,10,15-17H2,1H3,(H,27,28,29,30)"
6.010000000000001,6.01,"InChI=1S/C25H28N8O2/c1-4-5-13-32-21-22(29-24(32)31-12-8-9-17(26)14-31)30(3)25(35)33(23(21)34)15-20-27-16(2)18-10-6-7-11-19(18)28-20/h6-7,10-11,17H,8-9,12-15,26H2,1-3H3"
14.08,14.08,"InChI=1S/C25H28O3/c1-4-27-22-15-13-21(14-16-22)25(2,3)19-26-18-20-9-8-12-24(17-20)28-23-10-6-5-7-11-23/h5-17H,4,18-19H2,1-3H3"
13.03,13.03,"InChI=1S/C25H29NO2/c1-28-25-14-8-5-11-20(25)17-24(27)22-18-26(23-13-7-6-12-21(22)23)16-15-19-9-3-2-4-10-19/h5-8,11-14,18-19H,2-4,9-10,15-17H2,1H3"
9.03,9.03,"InChI=1S/C25H30N2O5/c1-3-32-25(31)21(14-13-18-9-5-4-6-10-18)26-17(2)23(28)27-16-20-12-8-7-11-19(20)15-22(27)24(29)30/h4-12,17,21-22,26H,3,13-16H2,1-2H3,(H,29,30)"
8.18,8.18,"InChI=1S/C25H30N6O5/c1-5-8-17-20-21(29(4)28-17)23(33)27-22(26-20)16-13-15(9-10-19(16)36-7-3)18(32)14-31-12-11-30(6-2)24(34)25(31)35/h9-10,13H,5-8,11-12,14H2,1-4H3,(H,26,27,33)"
5.72,5.72,"InChI=1S/C25H30NO3/c27-24(25(28,19-9-3-1-4-10-19)20-11-5-2-6-12-20)29-23-17-21-13-14-22(18-23)26(21)15-7-8-16-26/h1-6,9-12,21-23,28H,7-8,13-18H2/q+1"
9.35,9.35,"InChI=1S/C25H31NO6/c1-13-26-25(20(30)12-31-14(2)27)21(32-13)10-18-17-6-5-15-9-16(28)7-8-23(15,3)22(17)19(29)11-24(18,25)4/h7-9,17-19,21-22,29H,5-6,10-12H2,1-4H3"
9.09,9.09,"InChI=1S/C25H32N6O4/c1-5-8-18-22-23(29(4)28-18)25(34)27-24(26-22)17-13-16(9-10-20(17)35-7-3)19(32)14-30-11-12-31(6-2)21(33)15-30/h9-10,13H,5-8,11-12,14-15H2,1-4H3,(H,26,27,34)"
7.010000000000001,7.01,"InChI=1S/C25H34N6O3/c1-5-8-19-22-23(29(4)28-19)25(33)27-24(26-22)18-15-17(9-10-21(18)34-7-3)20(32)16-31-13-11-30(6-2)12-14-31/h9-10,15H,5-8,11-14,16H2,1-4H3,(H,26,27,33)"
7.16,7.16,"InChI=1S/C25H34N6O3/c1-5-8-22-26-17(4)23-25(33)27-24(28-31(22)23)19-15-18(9-10-21(19)34-7-3)20(32)16-30-13-11-29(6-2)12-14-30/h9-10,15H,5-8,11-14,16H2,1-4H3,(H,27,28,33)"
7.5,7.5,"InChI=1S/C25H34N6O3/c1-6-8-19-22-23(30(5)29-19)25(33)28-24(27-22)18-11-17(9-10-21(18)34-7-2)20(32)14-31-12-15(3)26-16(4)13-31/h9-11,15-16,26H,6-8,12-14H2,1-5H3,(H,27,28,33)"
6.94,6.94,"InChI=1S/C25H34N6O4/c1-4-6-19-22-23(29(3)28-19)25(34)27-24(26-22)18-15-17(7-8-21(18)35-5-2)20(33)16-31-11-9-30(10-12-31)13-14-32/h7-8,15,32H,4-6,9-14,16H2,1-3H3,(H,26,27,34)"
5.96,5.96,"InChI=1S/C25H35NO4/c1-21(2,3)22(4,28)16-13-23-8-9-25(16,29-5)20-24(23)10-11-26-17(23)12-14-6-7-15(27)19(30-20)18(14)24/h6-7,16-17,20,26-28H,8-13H2,1-5H3"
6.79,6.79,"InChI=1S/C25H35NO5/c1-6-26(19(2)17-20-9-12-22(28-3)13-10-20)15-7-8-16-31-25(27)21-11-14-23(29-4)24(18-21)30-5/h9-14,18-19H,6-8,15-17H2,1-5H3"
7.83,7.83,"InChI=1S/C25H36N6O4S/c1-5-8-20-22-23(31(4)29-20)25(32)28-24(27-22)19-16-18(10-11-21(19)35-15-6-2)36(33,34)26-13-12-17-9-7-14-30(17)3/h10-11,16-17,26H,5-9,12-15H2,1-4H3,(H,27,28,32)"
8.83,8.83,"InChI=1S/C25H37NO4/c27-20-23-18-22(13-14-24(23)28)25(29)19-26-15-7-1-2-8-16-30-17-9-6-12-21-10-4-3-5-11-21/h3-5,10-11,13-14,18,25-29H,1-2,6-9,12,15-17,19-20H2"
13.53,13.53,"InChI=1S/C25H38O3/c1-6-7-8-9-12-24(2,3)18-14-21(27)23-19-13-17(16-26)10-11-20(19)25(4,5)28-22(23)15-18/h10,14-15,19-20,26-27H,6-9,11-13,16H2,1-5H3"
12.64,12.64,"InChI=1S/C25H38O5/c1-6-25(4,5)24(28)30-21-12-15(2)11-17-8-7-16(3)20(23(17)21)10-9-19-13-18(26)14-22(27)29-19/h7-8,11,15-16,18-21,23,26H,6,9-10,12-14H2,1-5H3"
12.99,12.99,"InChI=1S/C26H25NO/c28-26(23-15-8-12-20-11-4-5-13-21(20)23)24-18-27(17-19-9-2-1-3-10-19)25-16-7-6-14-22(24)25/h4-8,11-16,18-19H,1-3,9-10,17H2"
8.610000000000001,8.61,"InChI=1S/C26H26N2O/c1-27-16-7-6-11-20(17-27)28-18-24(22-13-4-5-15-25(22)28)26(29)23-14-8-10-19-9-2-3-12-21(19)23/h2-5,8-10,12-15,18,20H,6-7,11,16-17H2,1H3"
8.09,8.09,"InChI=1S/C26H26N2O/c1-27-16-7-6-11-20(27)17-28-18-24(22-13-4-5-15-25(22)28)26(29)23-14-8-10-19-9-2-3-12-21(19)23/h2-5,8-10,12-15,18,20H,6-7,11,16-17H2,1H3"
13.37,13.37,"InChI=1S/C26H27NO/c1-2-3-4-5-10-18-27-19-24(22-15-8-9-17-25(22)27)26(28)23-16-11-13-20-12-6-7-14-21(20)23/h6-9,11-17,19H,2-5,10,18H2,1H3"
13.24,13.24,"InChI=1S/C26H27NO/c1-3-5-10-17-27-18-24(22-13-8-9-14-25(22)27)26(28)23-16-15-19(4-2)20-11-6-7-12-21(20)23/h6-9,11-16,18H,3-5,10,17H2,1-2H3"
9.86,9.86,"InChI=1S/C26H28N2/c1-4-11-23(12-5-1)13-10-18-27-19-21-28(22-20-27)26(24-14-6-2-7-15-24)25-16-8-3-9-17-25/h1-17,26H,18-22H2"
8.389999999999999,8.39,"InChI=1S/C26H29N3O6/c1-17-22(25(30)34-4)24(20-11-8-12-21(15-20)29(32)33)23(18(2)27-17)26(31)35-14-13-28(3)16-19-9-6-5-7-10-19/h5-12,15,24,27H,13-14,16H2,1-4H3"
11.02,11.02,"InChI=1S/C26H29NO/c1-4-25(21-11-7-5-8-12-21)26(22-13-9-6-10-14-22)23-15-17-24(18-16-23)28-20-19-27(2)3/h5-18H,4,19-20H2,1-3H3"
11.98,11.98,"InChI=1S/C26H32N2O8/c1-6-31-23-17-16(18(27)24(32-7-2)25(23)33-8-3)26(29)36-21(17)19-15-13(9-10-28(19)4)11-14-20(22(15)30-5)35-12-34-14/h11,19,21H,6-10,12,27H2,1-5H3"
13.82,13.82,"InChI=1S/C26H32O3/c1-25-14-12-19(27)16-18(25)8-9-20-21-10-11-23(26(21,2)15-13-22(20)25)29-24(28)17-6-4-3-5-7-17/h3-7,16,20-23H,8-15H2,1-2H3"
9.94,9.94,"InChI=1S/C26H34N2O/c1-27-9-5-4-6-21(27)16-28-17-23(22-7-2-3-8-24(22)28)25(29)26-13-18-10-19(14-26)12-20(11-18)15-26/h2-3,7-8,17-21H,4-6,9-16H2,1H3"
6.96,6.96,"InChI=1S/C26H36N2O4/c1-19(2)26(18-27,21-9-11-23(30-4)25(17-21)32-6)13-7-14-28-15-12-20-8-10-22(29-3)24(16-20)31-5/h8-11,16-17,19,28H,7,12-15H2,1-6H3"
9.01,9.01,"InChI=1S/C26H36N6O4S/c1-4-8-21-23-24(30(3)29-21)26(33)28-25(27-23)20-17-19(11-12-22(20)36-5-2)37(34,35)32-15-13-31(14-16-32)18-9-6-7-10-18/h11-12,17-18H,4-10,13-16H2,1-3H3,(H,27,28,33)"
11.71,11.71,"InChI=1S/C26H37N3O3/c1-25(2)18-8-9-26(3,16-18)24(25)27-23(30)20-17-29(11-10-28-12-14-32-15-13-28)22-19(20)6-5-7-21(22)31-4/h5-7,17-18,24H,8-16H2,1-4H3,(H,27,30)"
9.49,9.49,"InChI=1S/C26H37N5O5S/c1-4-7-19-18-30(6-3)24-23(19)27-25(28-26(24)33)21-17-20(8-9-22(21)36-16-5-2)37(34,35)31-12-10-29(11-13-31)14-15-32/h8-9,17-18,32H,4-7,10-16H2,1-3H3,(H,27,28,33)"
10.93,10.93,"InChI=1S/C27H26N2O3/c1-18-25(27(30)22-9-4-7-19-6-2-3-8-21(19)22)23-10-5-11-24-26(23)29(18)20(17-32-24)16-28-12-14-31-15-13-28/h2-11,20H,12-17H2,1H3"
13.34,13.34,"InChI=1S/C27H27NO/c1-2-3-4-10-18-28-20-23(19-26(28)22-13-6-5-7-14-22)27(29)25-17-11-15-21-12-8-9-16-24(21)25/h5-9,11-17,19-20H,2-4,10,18H2,1H3"
13.43,13.43,"InChI=1S/C27H27NO/c1-3-4-9-17-28-19-22(18-26(28)23-14-7-5-11-20(23)2)27(29)25-16-10-13-21-12-6-8-15-24(21)25/h5-8,10-16,18-19H,3-4,9,17H2,1-2H3"
12.99,12.99,"InChI=1S/C27H29NO/c1-4-5-6-12-19(2)28-20(3)26(24-16-9-10-18-25(24)28)27(29)23-17-11-14-21-13-7-8-15-22(21)23/h7-11,13-19H,4-6,12H2,1-3H3"
8.42,8.42,"InChI=1S/C27H30N4O/c32-27-28-24-14-7-8-15-25(24)31(27)17-9-16-29-18-20-30(21-19-29)26(22-10-3-1-4-11-22)23-12-5-2-6-13-23/h1-8,10-15,26H,9,16-21H2,(H,28,32)"
8.19,8.19,"InChI=1S/C27H34N4O/c28-22-26(23-10-4-1-5-11-23,24-12-6-2-7-13-24)14-19-30-20-15-27(16-21-30,25(29)32)31-17-8-3-9-18-31/h1-2,4-7,10-13H,3,8-9,14-21H2,(H2,29,32)"
13.6,13.6,"InChI=1S/C27H34O3/c1-27-16-15-22-21-11-9-20(28)17-19(21)8-10-23(22)24(27)12-13-25(27)30-26(29)14-7-18-5-3-2-4-6-18/h2-6,17,21-25H,7-16H2,1H3"
11.95,11.95,"InChI=1S/C27H36N2O4/c1-4-33-25-17-20(12-13-22(25)27(31)32)18-26(30)28-23(16-19(2)3)21-10-6-7-11-24(21)29-14-8-5-9-15-29/h6-7,10-13,17,19,23H,4-5,8-9,14-16,18H2,1-3H3,(H,28,30)(H,31,32)"
5.02,5.02,"InChI=1S/C27H36N2O5/c1-28(17-21-11-20-14-25(33-4)26(34-5)16-22(20)21)8-6-9-29-10-7-18-12-23(31-2)24(32-3)13-19(18)15-27(29)30/h12-14,16,21H,6-11,15,17H2,1-5H3"
8.21,8.21,"InChI=1S/C27H37N3O7S/c1-18(2)15-30(38(33,34)21-10-8-20(28)9-11-21)16-24(31)23(14-19-6-4-3-5-7-19)29-27(32)37-25-17-36-26-22(25)12-13-35-26/h3-11,18,22-26,31H,12-17,28H2,1-2H3,(H,29,32)"
7.03,7.03,"InChI=1S/C27H38N2O4/c1-20(2)27(19-28,22-10-12-24(31-5)26(18-22)33-7)14-8-15-29(3)16-13-21-9-11-23(30-4)25(17-21)32-6/h9-12,17-18,20H,8,13-16H2,1-7H3"
15.05,15.05,"InChI=1S/C27H42O3/c1-16-7-12-27(29-15-16)17(2)24-23(30-27)14-22-20-6-5-18-13-19(28)8-10-25(18,3)21(20)9-11-26(22,24)4/h5,16-17,19-24,28H,6-15H2,1-4H3"
6.44,6.44,"InChI=1S/C27H45NO3/c1-15-4-7-25-27(3,31)21-6-5-17-18(20(21)14-28(25)13-15)11-22-19(17)12-24(30)23-10-16(29)8-9-26(22,23)2/h15-25,29-31H,4-14H2,1-3H3"
14.22,14.22,"InChI=1S/C28H25NO/c1-2-3-8-18-29-26-15-7-6-13-23(26)25-19-21(16-17-27(25)29)28(30)24-14-9-11-20-10-4-5-12-22(20)24/h4-7,9-17,19H,2-3,8,18H2,1H3"
11.49,11.49,"InChI=1S/C28H34N6O4S/c1-4-9-23-25-26(32(3)31-23)28(35)30-27(29-25)22-18-21(12-13-24(22)38-5-2)39(36,37)34-16-14-33(15-17-34)19-20-10-7-6-8-11-20/h6-8,10-13,18H,4-5,9,14-17,19H2,1-3H3,(H,29,30,35)"
7.19,7.19,"InChI=1S/C28H40N2O5/c1-20(2)28(19-29,22-17-25(33-6)27(35-8)26(18-22)34-7)13-9-14-30(3)15-12-21-10-11-23(31-4)24(16-21)32-5/h10-11,16-18,20H,9,12-15H2,1-8H3"
10.89,10.89,"InChI=1S/C28H41N3O3/c1-27(2,19-23-13-9-7-10-14-23)29(5)25(33)21-31(17-18-32)22-26(34)30(6)28(3,4)20-24-15-11-8-12-16-24/h7-16,32H,17-22H2,1-6H3"
7.71,7.71,"InChI=1S/C28H47NO4S/c1-8-26(6)17-22(33-23(31)18-34-16-15-29(9-2)10-3)27(7)19(4)11-13-28(20(5)25(26)32)14-12-21(30)24(27)28/h8,19-20,22,24-25,32H,1,9-18H2,2-7H3"
11.1,11.1,"InChI=1S/C29H35NO2/c1-5-15-29(32)16-14-26-24-12-8-20-17-22(31)11-13-23(20)27(24)25(18-28(26,29)2)19-6-9-21(10-7-19)30(3)4/h6-7,9-10,17,24-26,32H,8,11-14,16,18H2,1-4H3"
7.96,7.96,"InChI=1S/C29H41NO4/c1-25(2,3)26(4,32)20-15-27-10-11-29(20,33-5)24-28(27)12-13-30(16-17-6-7-17)21(27)14-18-8-9-19(31)23(34-24)22(18)28/h8-9,17,20-21,24,31-32H,6-7,10-16H2,1-5H3"
7.64,7.64,"InChI=1S/C29H43N5O3/c35-26-29(25-13-5-1-6-14-25,32-19-11-4-12-20-32)27(36)34(24-22-31-17-9-3-10-18-31)28(37)33(26)23-21-30-15-7-2-8-16-30/h1,5-6,13-14H,2-4,7-12,15-24H2"
14.61,14.61,"InChI=1S/C29H53NO5/c1-5-7-9-11-12-13-14-15-16-18-24(34-29(33)26(30-22-31)20-23(3)4)21-27-25(28(32)35-27)19-17-10-8-6-2/h22-27H,5-21H2,1-4H3,(H,30,31)"
5.989999999999999,5.99,"InChI=1S/C2H3N3O/c6-2-1-3-5-4-2/h1H,(H2,3,4,5,6)"
1.4400000000000002,1.44,"InChI=1S/C2H4N4/c3-2-4-1-5-6-2/h1H,(H3,3,4,5,6)"
1.3099999999999998,1.31,"InChI=1S/C2H6N4O/c3-1(4)6-2(5)7/h(H6,3,4,5,6,7)"
1.5799999999999998,1.58,"InChI=1S/C2H6O4S/c1-2-6-7(3,4)5/h2H2,1H3,(H,3,4,5)"
2.76,2.76,"InChI=1S/C2H8NO2PS/c1-5-6(3,4)7-2/h1-2H3,(H2,3,4)"
10.43,10.43,"InChI=1S/C30H32N2O2/c1-2-34-28(33)29(25-12-6-3-7-13-25)18-21-32(22-19-29)23-20-30(24-31,26-14-8-4-9-15-26)27-16-10-5-11-17-27/h3-17H,2,18-23H2,1H3"
7.54,7.54,"InChI=1S/C30H44N2O10/c1-31(11-9-15-41-29(33)21-17-23(35-3)27(39-7)24(18-21)36-4)13-14-32(2)12-10-16-42-30(34)22-19-25(37-5)28(40-8)26(20-22)38-6/h17-20H,9-16H2,1-8H3"
12.43,12.43,"InChI=1S/C30H46NO7P/c1-4-28(33)37-30(22(2)3)38-39(36,18-12-11-15-23-13-7-5-8-14-23)21-27(32)31-20-25(19-26(31)29(34)35)24-16-9-6-10-17-24/h5,7-8,13-14,22,24-26,30H,4,6,9-12,15-21H2,1-3H3,(H,34,35)"
8.870000000000001,8.87,"InChI=1S/C30H53N3O6/c1-19(2)22(14-21-10-11-26(38-8)27(15-21)39-13-9-12-37-7)16-24(31)25(34)17-23(20(3)4)28(35)33-18-30(5,6)29(32)36/h10-11,15,19-20,22-25,34H,9,12-14,16-18,31H2,1-8H3,(H2,32,36)(H,33,35)"
11.24,11.24,"InChI=1S/C31H36N2O11/c1-14(2)7-8-16-13-17(9-11-19(16)34)27(37)33-21-22(35)18-10-12-20(15(3)24(18)42-28(21)38)41-29-23(36)25(43-30(32)39)26(40-6)31(4,5)44-29/h7,9-13,23,25-26,29,34-36H,8H2,1-6H3,(H2,32,39)(H,33,37)"
10.09,10.09,"InChI=1S/C31H44N2O5S/c1-5-8-12-29-30(27-23-25(32-39(4,35)36)15-18-28(27)38-29)31(34)24-13-16-26(17-14-24)37-22-11-21-33(19-9-6-2)20-10-7-3/h13-18,23,32H,5-12,19-22H2,1-4H3"
9.28,9.28,"InChI=1S/C32H38N6O3/c1-4-10-26-29-30(36(3)35-26)32(40)34-31(33-29)25-21-24(14-15-28(25)41-5-2)27(39)22-38-19-17-37(18-20-38)16-9-13-23-11-7-6-8-12-23/h6-9,11-15,21H,4-5,10,16-20,22H2,1-3H3,(H,33,34,40)"
10.88,10.88,"InChI=1S/C32H39NO2/c1-32(2,3)28-18-16-25(17-19-28)30(34)15-10-22-33-23-20-29(21-24-33)35-31(26-11-6-4-7-12-26)27-13-8-5-9-14-27/h4-9,11-14,16-19,29,31H,10,15,20-24H2,1-3H3"
7.680000000000001,7.68,"InChI=1S/C32H39NO4/c1-31(2,30(35)36)25-17-15-24(16-18-25)29(34)14-9-21-33-22-19-28(20-23-33)32(37,26-10-5-3-6-11-26)27-12-7-4-8-13-27/h3-8,10-13,15-18,28-29,34,37H,9,14,19-23H2,1-2H3,(H,35,36)"
9.69,9.69,"InChI=1S/C32H41NO2/c1-31(2,3)26-18-16-25(17-19-26)30(34)15-10-22-33-23-20-29(21-24-33)32(35,27-11-6-4-7-12-27)28-13-8-5-9-14-28/h4-9,11-14,16-19,29-30,34-35H,10,15,20-24H2,1-3H3"
10.31,10.31,"InChI=1S/C33H30N4O2/c1-4-9-30-35-31-21(2)18-24(32-34-27-12-7-8-13-28(27)36(32)3)19-29(31)37(30)20-22-14-16-23(17-15-22)25-10-5-6-11-26(25)33(38)39/h5-8,10-19H,4,9,20H2,1-3H3,(H,38,39)"
12.22,12.22,"InChI=1S/C33H34N6O6/c1-3-42-32-34-28-15-9-14-27(31(40)43-21(2)44-33(41)45-24-10-5-4-6-11-24)29(28)39(32)20-22-16-18-23(19-17-22)25-12-7-8-13-26(25)30-35-37-38-36-30/h7-9,12-19,21,24H,3-6,10-11,20H2,1-2H3,(H,35,36,37,38)"
8.47,8.47,"InChI=1S/C33H40N2O9/c1-38-19-7-8-20-21-9-10-35-16-18-13-27(44-32(36)17-11-25(39-2)30(41-4)26(12-17)40-3)31(42-5)28(33(37)43-6)22(18)15-24(35)29(21)34-23(20)14-19/h7-8,11-12,14,18,22,24,27-28,31,34H,9-10,13,15-16H2,1-6H3"
9.29,9.29,"InChI=1S/C34H41N7O5/c1-4-6-7-10-21-46-34(44)39-32(35)24-12-15-26(16-13-24)37-23-30-38-27-22-25(14-17-28(27)40(30)3)33(43)41(20-18-31(42)45-5-2)29-11-8-9-19-36-29/h8-9,11-17,19,22,37H,4-7,10,18,20-21,23H2,1-3H3,(H2,35,39,44)"
7.09,7.09,"InChI=1S/C34H47NO11/c1-7-35-15-31(16-41-3)20(37)13-21(42-4)33-19-14-32(40)28(45-30(39)18-11-9-8-10-12-18)22(19)34(46-17(2)36,27(38)29(32)44-6)23(26(33)35)24(43-5)25(31)33/h8-12,19-29,37-38,40H,7,13-16H2,1-6H3"
8.17,8.17,"InChI=1S/C35H41N5O5/c1-20(2)34(37-31(41)23-16-25-24-11-7-12-26-30(24)22(18-36-26)17-27(25)38(3)19-23)33(43)40-28(15-21-9-5-4-6-10-21)32(42)39-14-8-13-29(39)35(40,44)45-34/h4-7,9-12,18,20,23,25,27-29,36,44H,8,13-17,19H2,1-3H3,(H,37,41)"
7.56,7.56,"InChI=1S/C35H44O16/c1-8-15(2)24(38)49-18-12-19(48-16(3)36)32(26(39)43-6)13-46-21-22(32)31(18)14-47-34(42,27(40)44-7)25(31)29(4,23(21)37)35-20-11-17(30(35,5)51-35)33(41)9-10-45-28(33)50-20/h8-10,17-23,25,28,37,41-42H,11-14H2,1-7H3"
11.05,11.05,"InChI=1S/C36H41N3O6/c1-24-31(34(40)44-6)33(28-18-13-19-29(22-28)39(42)43)32(25(2)37-24)35(41)45-36(3,4)23-38(5)21-20-30(26-14-9-7-10-15-26)27-16-11-8-12-17-27/h7-19,22,30,33,37H,20-21,23H2,1-6H3"
9.79,9.79,"InChI=1S/C36H47N5O4/c1-36(2,3)39-35(45)31-24-40(22-26-12-9-15-37-21-26)16-17-41(31)23-29(42)19-28(18-25-10-5-4-6-11-25)34(44)38-33-30-14-8-7-13-27(30)20-32(33)43/h4-15,21,28-29,31-33,42-43H,16-20,22-24H2,1-3H3,(H,38,44)(H,39,45)"
13.79,13.79,"InChI=1S/C36H62O11/c1-10-34(31-20(3)16-26(43-31)28-19(2)15-21(4)36(41,18-37)46-28)12-11-27(44-34)33(8)13-14-35(47-33)17-25(38)22(5)30(45-35)23(6)29(42-9)24(7)32(39)40/h19-31,37-38,41H,10-18H2,1-9H3,(H,39,40)"
11.77,11.77,"InChI=1S/C37H48N4O5/c1-25(2)34(41-20-12-19-38-37(41)45)36(44)39-30(21-28-15-7-5-8-16-28)23-32(42)31(22-29-17-9-6-10-18-29)40-33(43)24-46-35-26(3)13-11-14-27(35)4/h5-11,13-18,25,30-32,34,42H,12,19-24H2,1-4H3,(H,38,45)(H,39,44)(H,40,43)"
11.11,11.11,"InChI=1S/C37H48N6O5S2/c1-24(2)33(42-36(46)43(5)20-29-22-49-35(40-29)25(3)4)34(45)39-28(16-26-12-8-6-9-13-26)18-32(44)31(17-27-14-10-7-11-15-27)41-37(47)48-21-30-19-38-23-50-30/h6-15,19,22-25,28,31-33,44H,16-18,20-21H2,1-5H3,(H,39,45)(H,41,47)(H,42,46)"
13.85,13.85,"InChI=1S/C37H53NO8/c1-21(2)14-25(6)33-26(7)31(38-42-8)19-36(46-33)18-29-17-28(45-36)13-12-23(4)15-22(3)10-9-11-27-20-43-34-32(39)24(5)16-30(35(40)44-29)37(27,34)41/h9-12,14,16,21-22,26,28-30,32-34,39,41H,13,15,17-20H2,1-8H3"
9.16,9.16,"InChI=1S/C37H67NO13/c1-14-25-37(10,44)30(41)20(4)27(39)18(2)16-36(9,46-13)32(51-34-28(40)24(38-11)15-19(3)47-34)21(5)29(22(6)33(43)49-25)50-26-17-35(8,45-12)31(42)23(7)48-26/h18-26,28-32,34,38,40-42,44H,14-17H2,1-13H3"
8,8,"InChI=1S/C37H67NO13/c1-14-25-37(10,45)30(41)20(4)27(39)18(2)16-35(8,44)32(51-34-28(40)24(38(11)12)15-19(3)47-34)21(5)29(22(6)33(43)49-25)50-26-17-36(9,46-13)31(42)23(7)48-26/h18-26,28-32,34,40-42,44-45H,14-17H2,1-13H3"
10.91,10.91,"InChI=1S/C38H52N6O7/c1-37(2,3)31(41-35(48)50-7)33(46)40-29(22-25-14-10-9-11-15-25)30(45)24-44(43-34(47)32(38(4,5)6)42-36(49)51-8)23-26-17-19-27(20-18-26)28-16-12-13-21-39-28/h9-21,29-32,45H,22-24H2,1-8H3,(H,40,46)(H,41,48)(H,42,49)(H,43,47)"
9.18,9.18,"InChI=1S/C38H69NO13/c1-15-26-38(10,45)31(42)21(4)28(40)19(2)17-37(9,47-14)33(52-35-29(41)25(39(11)12)16-20(3)48-35)22(5)30(23(6)34(44)50-26)51-27-18-36(8,46-13)32(43)24(7)49-27/h19-27,29-33,35,41-43,45H,15-18H2,1-14H3"
5.98,5.98,"InChI=1S/C38H72N2O12/c1-15-27-38(10,46)31(42)24(6)40(13)19-20(2)17-36(8,45)33(52-35-29(41)26(39(11)12)16-21(3)48-35)22(4)30(23(5)34(44)50-27)51-28-18-37(9,47-14)32(43)25(7)49-28/h20-33,35,41-43,45-46H,15-19H2,1-14H3"
1.45,1.45,"InChI=1S/C3H6N6/c4-1-7-2(5)9-3(6)8-1/h(H6,4,5,6,7,8,9)"
13.94,13.94,"InChI=1S/C40H68O11/c1-21-11-12-28(46-33(21)26(6)36(42)43)17-29-18-30(45-10)27(7)40(48-29)25(5)19-38(9,51-40)32-13-14-37(8,49-32)35-23(3)16-31(47-35)34-22(2)15-24(4)39(44,20-41)50-34/h21-35,41,44H,11-20H2,1-10H3,(H,42,43)"
9.23,9.23,"InChI=1S/C41H76N2O15/c1-15-29-41(10,49)34(45)24(4)31(42-53-21-52-17-16-50-13)22(2)19-39(8,48)36(58-38-32(44)28(43(11)12)18-23(3)54-38)25(5)33(26(6)37(47)56-29)57-30-20-40(9,51-14)35(46)27(7)55-30/h22-30,32-36,38,44-46,48-49H,15-21H2,1-14H3"
10.06,10.06,"InChI=1S/C43H51N3O11/c1-19-14-16-46-28(18-19)44-32-29-30-37(50)25(7)40-31(29)41(52)43(9,57-40)55-17-15-27(54-10)22(4)39(56-26(8)47)24(6)36(49)23(5)35(48)20(2)12-11-13-21(3)42(53)45-33(34(32)46)38(30)51/h11-18,20,22-24,27,35-36,39,48-51H,1-10H3,(H,45,53)"
7.25,7.25,"InChI=1S/C43H65N5O10/c1-12-33-43(8)37(48(41(53)58-43)19-14-13-18-47-23-31(45-24-47)30-16-15-17-44-22-30)27(4)34(49)25(2)21-42(7,54-11)38(28(5)35(50)29(6)39(52)56-33)57-40-36(51)32(46(9)10)20-26(3)55-40/h15-17,22-29,32-33,36-38,40,51H,12-14,18-21H2,1-11H3"
7.88,7.88,"InChI=1S/C46H77NO17/c1-13-33-30(22-58-45-42(57-12)41(56-11)37(52)26(5)60-45)18-23(2)14-15-31(49)24(3)19-29(16-17-48)39(25(4)32(50)20-34(51)62-33)64-44-38(53)36(47(9)10)40(27(6)61-44)63-35-21-46(8,55)43(54)28(7)59-35/h14-15,17-18,24-30,32-33,35-45,50,52-55H,13,16,19-22H2,1-12H3"
6.69,6.69,"InChI=1S/C46H80N2O13/c1-13-36-33(24-57-46-44(56-12)43(55-11)40(53)31(8)59-46)19-25(2)14-15-34(49)28(5)20-32(16-17-48-22-26(3)18-27(4)23-48)42(29(6)35(50)21-37(51)60-36)61-45-41(54)38(47(9)10)39(52)30(7)58-45/h14-15,19,26-33,35-36,38-46,50,52-54H,13,16-18,20-24H2,1-12H3"
13.36,13.36,"InChI=1S/C47H70O14/c1-24(2)41-27(5)16-17-46(61-41)22-33-19-32(60-46)15-14-26(4)42(25(3)12-11-13-31-23-54-44-39(48)28(6)18-34(45(50)57-33)47(31,44)51)58-38-21-36(53-10)43(30(8)56-38)59-37-20-35(52-9)40(49)29(7)55-37/h11-14,16-18,24-25,27,29-30,32-44,48-49,51H,15,19-23H2,1-10H3"
14.2,14.2,"InChI=1S/C47H72O14/c1-24(2)41-27(5)16-17-46(61-41)22-33-19-32(60-46)15-14-26(4)42(25(3)12-11-13-31-23-54-44-39(48)28(6)18-34(45(50)57-33)47(31,44)51)58-38-21-36(53-10)43(30(8)56-38)59-37-20-35(52-9)40(49)29(7)55-37/h11-14,18,24-25,27,29-30,32-44,48-49,51H,15-17,19-23H2,1-10H3"
10.29,10.29,"InChI=1S/C47H75NO17/c1-27-17-15-13-11-9-7-5-6-8-10-12-14-16-18-34(64-46-44(58)41(48)43(57)30(4)63-46)24-38-40(45(59)60)37(54)26-47(61,65-38)25-36(53)35(52)20-19-31(49)21-32(50)22-33(51)23-39(55)62-29(3)28(2)42(27)56/h5-6,8,10-18,27-38,40-44,46,49-54,56-58,61H,7,9,19-26,48H2,1-4H3,(H,59,60)"
12.01,12.01,"InChI=1S/C48H73NO13/c1-25(2)42-28(5)17-18-47(62-42)23-34-20-33(61-47)16-15-27(4)43(26(3)13-12-14-32-24-55-45-41(50)29(6)19-35(46(51)58-34)48(32,45)52)59-39-22-37(54-11)44(31(8)57-39)60-38-21-36(53-10)40(49-9)30(7)56-38/h12-15,17-19,25-26,28,30-31,33-45,49-50,52H,16,20-24H2,1-11H3"
14.4,14.4,"InChI=1S/C48H74O14/c1-11-25(2)43-28(5)17-18-47(62-43)23-34-20-33(61-47)16-15-27(4)42(26(3)13-12-14-32-24-55-45-40(49)29(6)19-35(46(51)58-34)48(32,45)52)59-39-22-37(54-10)44(31(8)57-39)60-38-21-36(53-9)41(50)30(7)56-38/h12-15,19,25-26,28,30-31,33-45,49-50,52H,11,16-18,20-24H2,1-10H3"
12.4,12.4,"InChI=1S/C49H75NO13/c1-12-26(2)44-29(5)18-19-48(63-44)24-35-21-34(62-48)17-16-28(4)43(27(3)14-13-15-33-25-56-46-42(51)30(6)20-36(47(52)59-35)49(33,46)53)60-40-23-38(55-11)45(32(8)58-40)61-39-22-37(54-10)41(50-9)31(7)57-39/h13-16,18-20,26-27,29,31-32,34-46,50-51,53H,12,17,21-25H2,1-11H3"
3.11,3.11,"InChI=1S/C4H10NO3PS/c1-4(6)5-9(7,8-2)10-3/h1-3H3,(H,5,6,7)"
1.39,1.39,"InChI=1S/C4H11N5/c1-9(2)4(7)8-3(5)6/h1-2H3,(H5,5,6,7,8)"
2.61,2.61,"InChI=1S/C4H6N2S/c1-6-3-2-5-4(6)7/h2-3H,1H3,(H,5,7)"
3.43,3.43,"InChI=1S/C4H6N4O3S2/c1-2(9)6-3-7-8-4(12-3)13(5,10)11/h1H3,(H2,5,10,11)(H,6,7,9)"
1.95,1.95,"InChI=1S/C4H8O3/c5-3-1-2-4(6)7/h5H,1-3H2,(H,6,7)"
3.53,3.53,"InChI=1S/C5H10N2O/c1-6-3-4-7(2)5(6)8/h3-4H2,1-2H3"
1.3099999999999998,1.31,"InChI=1S/C5H10N2O/c6-5(8)4-2-1-3-7-4/h4,7H,1-3H2,(H2,6,8)"
4.16,4.16,"InChI=1S/C5H10N2O2S/c1-4(10-3)7-9-5(8)6-2/h1-3H3,(H,6,8)"
3.97,3.97,"InChI=1S/C5H10N2S2/c1-6-3-7(2)5(8)9-4-6/h3-4H2,1-2H3"
1.4,1.4,"InChI=1S/C5H11NO4S/c1-5(7)6-3-2-4-11(8,9)10/h2-4H2,1H3,(H,6,7)(H,8,9,10)"
3.16,3.16,"InChI=1S/C5H11NS3/c1-6(2)5-3-7-9-8-4-5/h5H,3-4H2,1-2H3"
5.23,5.23,"InChI=1S/C5H12NO3PS2/c1-6-5(7)4-12-10(11,8-2)9-3/h4H2,1-3H3,(H,6,7)"
1.4400000000000002,1.44,"InChI=1S/C5H12NO4P/c1-11(9,10)3-2-4(6)5(7)8/h4H,2-3,6H2,1H3,(H,7,8)(H,9,10)"
3.35,3.35,"InChI=1S/C5H12NO4PS/c1-6-5(7)4-12-11(8,9-2)10-3/h4H2,1-3H3,(H,6,7)"
2.19,2.19,"InChI=1S/C5H4N4O/c10-5-3-1-8-9-4(3)6-2-7-5/h1-2H,(H2,6,7,8,9,10)"
2.61,2.623,"InChI=1S/C5H4N4S/c10-5-3-4(7-1-6-3)8-2-9-5/h1-2H,(H2,6,7,8,9,10)"
2.43,2.43,"InChI=1S/C5H5N5/c6-4-3-5(9-1-7-3)10-2-8-4/h1-2H,(H3,6,7,8,9,10)"
2.53,2.53,"InChI=1S/C5H5N5S/c6-5-9-3-2(4(11)10-5)7-1-8-3/h1H,(H4,6,7,8,9,10,11)"
4.27,4.27,"InChI=1S/C5H7N3O2/c1-4-6-3-5(7(4)2)8(9)10/h3H,1-2H3"
3.71,3.71,"InChI=1S/C5H8N4O/c1-3-7-4(6)9-5(8-3)10-2/h1-2H3,(H2,6,7,8,9)"
4.28,4.28,"InChI=1S/C5H8N4O3S2/c1-3(10)7-4-9(2)8-5(13-4)14(6,11)12/h1-2H3,(H2,6,11,12)"
1.5799999999999998,1.58,"InChI=1S/C5H9N3/c6-2-1-5-3-7-4-8-5/h3-4H,1-2,6H2,(H,7,8)"
2.78,2.78,"InChI=1S/C6H10N6/c7-4-10-5(8)12-6(11-4)9-3-1-2-3/h3H,1-2H2,(H5,7,8,9,10,11,12)"
3.73,3.73,"InChI=1S/C6H10O4S2/c1-5-6(2)12(9,10)4-3-11(5,7)8/h3-4H2,1-2H3"
8.7,8.7,"InChI=1S/C6H11N2O4PS3/c1-10-5-7-8(6(9)16-5)4-15-13(14,11-2)12-3/h4H2,1-3H3"
3.16,3.16,"InChI=1S/C6H11N5O/c1-3(2)8-5-9-4(7)10-6(12)11-5/h3H,1-2H3,(H4,7,8,9,10,11,12)"
1.38,1.38,"InChI=1S/C6H11NO2/c1-2-5(7)3-4-6(8)9/h2,5H,1,3-4,7H2,(H,8,9)"
1.26,1.26,"InChI=1S/C6H12N2O/c7-6(9)5-1-3-8-4-2-5/h5,8H,1-4H2,(H2,7,9)"
6.28,2.179,"InChI=1S/C6H12N2O3/c1-8(2)7-5(9)3-4-6(10)11/h3-4H2,1-2H3,(H,7,9)(H,10,11)"
6.8,6.8,InChI=1S/C6H12N2S4/c1-7(2)5(9)11-12-6(10)8(3)4/h1-4H3
6.989999999999999,6.99,"InChI=1S/C6H13NO3S/c8-11(9,10)7-6-4-2-1-3-5-6/h6-7H,1-5H2,(H,8,9,10)"
10.23,10.23,"InChI=1S/C6H15O2PS3/c1-4-11-5-6-12-9(10,7-2)8-3/h4-6H2,1-3H3"
9.04,9.04,"InChI=1S/C6H15O3PS/c1-4-7-10(11,8-5-2)9-6-3/h4-6H2,1-3H3"
6.16,6.16,"InChI=1S/C6H15O4P/c1-4-8-11(7,9-5-2)10-6-3/h4-6H2,1-3H3"
3.98,3.9450000000000003,"InChI=1S/C6H15O4PS2/c1-4-13(8)6-5-12-11(7,9-2)10-3/h4-6H2,1-3H3"
4.15,4.15,"InChI=1S/C6H15O5PS2/c1-4-14(8,9)6-5-13-12(7,10-2)11-3/h4-6H2,1-3H3"
4.760000000000001,4.76,"InChI=1S/C6H5N3/c1-2-4-6-5(3-1)7-9-8-6/h1-4H,(H,7,8,9)"
2.73,2.73,"InChI=1S/C6H6N2O/c7-6(9)5-2-1-3-8-4-5/h1-4H,(H2,7,9)"
2.18,2.18,"InChI=1S/C6H7N3O/c7-9-6(10)5-1-3-8-4-2-5/h1-4H,7H2,(H,9,10)"
2.23,3.5199999999999996,"InChI=1S/C6H8N2O2S/c7-5-1-3-6(4-2-5)11(8,9)10/h1-4H,7H2,(H2,8,9,10)"
3.55,3.55,"InChI=1S/C6H8N4O4/c1-9-4(3-14-6(7)11)8-2-5(9)10(12)13/h2H,3H2,1H3,(H2,7,11)"
1.23,1.23,"InChI=1S/C6H9N3O2/c7-5(6(10)11)1-4-2-8-3-9-4/h2-3,5H,1,7H2,(H,8,9)(H,10,11)"
2.37,2.37,"InChI=1S/C7H10N2O/c1-10-7-3-2-5(8)4-6(7)9/h2-4H,8-9H2,1H3"
1.93,1.93,"InChI=1S/C7H10N4O2S/c8-5-1-3-6(4-2-5)14(12,13)11-7(9)10/h1-4H,8H2,(H4,9,10,11)"
5.6,5.6,"InChI=1S/C7H10N4O3/c1-3-9-7(13)10-6(12)5(4-8)11-14-2/h3H2,1-2H3,(H2,9,10,12,13)"
4.21,4.21,"InChI=1S/C7H11N3O3/c1-6-8-5-7(10(12)13)9(6)3-2-4-11/h5,11H,2-4H2,1H3"
9.71,9.71,"InChI=1S/C7H11N7S/c1-4(2)9-5-10-6(13-14-8)12-7(11-5)15-3/h4H,1-3H3,(H,9,10,11,12)"
5.89,5.89,"InChI=1S/C7H12N4O2/c1-7(2,3)4-5(12)11(8)6(13)10-9-4/h8H2,1-3H3,(H,10,13)"
3.77,3.77,"InChI=1S/C7H13N3O3S/c1-8-7(12)13-9-5(14-4)6(11)10(2)3/h1-4H3,(H,8,12)"
4.21,4.21,"InChI=1S/C7H13N5O/c1-3-8-5-10-6(9-4-2)12-7(13)11-5/h3-4H2,1-2H3,(H3,8,9,10,11,12,13)"
3.99,3.99,"InChI=1S/C7H13N5O/c1-7(2,3)12-5-9-4(8)10-6(13)11-5/h1-3H3,(H4,8,9,10,11,12,13)"
2.8,2.8,"InChI=1S/C7H13NO4S/c1-4-6(9)8-7(2,3)5-13(10,11)12/h4H,1,5H2,2-3H3,(H,8,9)(H,10,11,12)"
6.069999999999999,6.07,"InChI=1S/C7H14N2O2S/c1-5(6(2)12-4)9-11-7(10)8-3/h6H,1-4H3,(H,8,10)"
6.17,6.17,"InChI=1S/C7H14N2O2S/c1-7(2,12-4)5-9-11-6(10)8-3/h5H,1-4H3,(H,8,10)"
3.5,3.5,"InChI=1S/C7H14N2O3S/c1-7(2,13(4)11)5-9-12-6(10)8-3/h5H,1-4H3,(H,8,10)"
3.66,3.66,"InChI=1S/C7H14N2O4S/c1-5(6(2)14(4,11)12)9-13-7(10)8-3/h6H,1-4H3,(H,8,10)"
3.75,3.75,"InChI=1S/C7H14N2O4S/c1-7(2,14(4,11)12)5-9-13-6(10)8-3/h5H,1-4H3,(H,8,10)"
3.5900000000000003,3.59,"InChI=1S/C7H14N4O3/c1-8-7(10-11(12)13)9-4-6-2-3-14-5-6/h6H,2-5H2,1H3,(H2,8,9,10)"
4.36,4.36,"InChI=1S/C7H14NO5P/c1-6(5-7(9)8-2)13-14(10,11-3)12-4/h5H,1-4H3,(H,8,9)"
4.680000000000001,4.68,"InChI=1S/C7H17N/c1-4-6(2)5-7(3)8/h6-7H,4-5,8H2,1-3H3"
11.37,11.37,"InChI=1S/C7H17O2PS3/c1-4-8-10(11,9-5-2)13-7-12-6-3/h4-7H2,1-3H3"
8.6,8.6,"InChI=1S/C7H17O3PS2/c1-4-9-11(8,10-5-2)13-7-12-6-3/h4-7H2,1-3H3"
6.53,6.53,"InChI=1S/C7H5NOS/c9-7-8-5-3-1-2-4-6(5)10-7/h1-4H,(H,8,9)"
6.88,6.88,InChI=1S/C7H5NS/c1-2-4-7-6(3-1)8-5-9-7/h1-5H
6.89,6.89,"InChI=1S/C7H5NS2/c9-7-8-5-3-1-2-4-6(5)10-7/h1-4H,(H,8,9)"
6.98,6.98,"InChI=1S/C7H6N2O5/c1-4-2-5(8(11)12)3-6(7(4)10)9(13)14/h2-3,10H,1H3"
5.84,5.84,"InChI=1S/C7H6N2S/c8-7-9-5-3-1-2-4-6(5)10-7/h1-4H,(H2,8,9)"
5.83,5.83,"InChI=1S/C7H7N3/c1-5-2-3-6-7(4-5)9-10-8-6/h2-4H,1H3,(H,8,9,10)"
5.83,5.83,"InChI=1S/C7H7N3/c1-5-3-2-4-6-7(5)9-10-8-6/h2-4H,1H3,(H,8,9,10)"
4.760000000000001,4.76,"InChI=1S/C7H7NO2/c8-7(10)5-3-1-2-4-6(5)9/h1-4,9H,(H2,8,10)"
2.6300000000000003,2.63,"InChI=1S/C7H8N2/c8-7(9)6-4-2-1-3-5-6/h1-5H,(H3,8,9)"
3.28,3.28,"InChI=1S/C7H8N4O2/c1-10-3-8-5-4(10)6(12)9-7(13)11(5)2/h3H,1-2H3,(H,9,12,13)"
3.93,3.93,"InChI=1S/C7H8N4O2/c1-10-5-4(8-3-9-5)6(12)11(2)7(10)13/h3H,1-2H3,(H,8,9)"
3.41,3.41,"InChI=1S/C8H10N2O4S/c1-14-8(11)10-15(12,13)7-4-2-6(9)3-5-7/h2-5H,9H2,1H3,(H,10,11)"
4.23,4.23,"InChI=1S/C8H10N4O2/c1-10-4-9-6-5(10)7(13)12(3)8(14)11(6)2/h4H,1-3H3"
9.24,9.24,"InChI=1S/C8H10NO5PS/c1-12-15(16,13-2)14-8-5-3-7(4-6-8)9(10)11/h3-6H,1-2H3"
6.36,6.36,"InChI=1S/C8H10NO6P/c1-13-16(12,14-2)15-8-5-3-7(4-6-8)9(10)11/h3-6H,1-2H3"
3.2,3.2,"InChI=1S/C8H10O5/c9-7(10)5-3-1-2-4(13-3)6(5)8(11)12/h3-6H,1-2H2,(H,9,10)(H,11,12)"
5.04,5.04,"InChI=1S/C8H11N/c1-6-3-4-8(9)7(2)5-6/h3-5H,9H2,1-2H3"
6.260000000000001,6.26,"InChI=1S/C8H11N/c1-9(2)8-6-4-3-5-7-8/h3-7H,1-2H3"
3.57,3.57,"InChI=1S/C8H11N/c9-7-6-8-4-2-1-3-5-8/h1-5H,6-7,9H2"
2.3400000000000003,2.34,"InChI=1S/C8H11N5O3/c9-8-11-6-5(7(15)12-8)10-3-13(6)4-16-2-1-14/h3,14H,1-2,4H2,(H3,9,11,12,15)"
2.8400000000000003,2.84,"InChI=1S/C8H11NO/c9-6-8(10)7-4-2-1-3-5-7/h1-5,8,10H,6,9H2"
1.81,1.81,"InChI=1S/C8H11NO2/c9-5-8(11)6-2-1-3-7(10)4-6/h1-4,8,10-11H,5,9H2"
2.18,2.18,"InChI=1S/C8H11NO3/c1-5-8(12)7(4-11)6(3-10)2-9-5/h2,10-12H,3-4H2,1H3"
3.71,3.71,"InChI=1S/C8H12N2/c9-10-7-6-8-4-2-1-3-5-8/h1-5,10H,6-7,9H2"
1.36,1.36,"InChI=1S/C8H12N4O5/c9-6(16)7-10-2-12(11-7)8-5(15)4(14)3(1-13)17-8/h2-5,8,13-15H,1H2,(H2,9,16)"
6.19,6.19,"InChI=1S/C8H12NO5PS2/c1-12-15(16,13-2)14-7-3-5-8(6-4-7)17(9,10)11/h3-6H,1-2H3,(H2,9,10,11)"
8.35,8.35,"InChI=1S/C8H13N2O3PS/c1-3-11-14(15,12-4-2)13-8-7-9-5-6-10-8/h5-7H,3-4H2,1-2H3"
3.86,3.86,"InChI=1S/C8H13N3O4S/c1-3-16(14,15)5-4-10-7(2)9-6-8(10)11(12)13/h6H,3-5H2,1-2H3"
7.46,7.46,"InChI=1S/C8H13N3OS/c1-8(2,3)5-6(12)9-7(13-4)11-10-5/h1-4H3,(H,9,11,12)"
1.74,1.74,"InChI=1S/C8H13NO2/c1-9-5-3-4-7(6-9)8(10)11-2/h4H,3,5-6H2,1-2H3"
3.69,3.69,"InChI=1S/C8H13NS/c1-7(9-2)6-8-4-3-5-10-8/h3-5,7,9H,6H2,1-2H3"
3.74,3.74,"InChI=1S/C8H14N2O2/c1-2-6(8(9)12)10-5-3-4-7(10)11/h6H,2-5H2,1H3,(H2,9,12)"
7.069999999999999,7.07,"InChI=1S/C8H14N4OS/c1-8(2,3)5-6(13)12(9)7(14-4)11-10-5/h9H2,1-4H3"
1.52,1.52,"InChI=1S/C8H14O7/c1-2-14-8-5(11)3(9)4(10)6(15-8)7(12)13/h3-6,8-11H,2H2,1H3,(H,12,13)"
5.739999999999999,5.74,"InChI=1S/C8H15N3O2/c1-6(2)5-10-8(13)11-4-3-9-7(11)12/h6H,3-5H2,1-2H3,(H,9,12)(H,10,13)"
5.03,5.03,"InChI=1S/C8H15N5O/c1-4-9-6-11-7(10-5(2)3)13-8(14)12-6/h5H,4H2,1-3H3,(H3,9,10,11,12,13,14)"
8.139999999999999,8.14,"InChI=1S/C8H15N5S/c1-4-9-6-11-7(10-5-2)13-8(12-6)14-3/h4-5H2,1-3H3,(H2,9,10,11,12,13)"
8.17,8.17,"InChI=1S/C8H15N5S/c1-5(2)10-7-11-6(9-3)12-8(13-7)14-4/h5H,1-4H3,(H2,9,10,11,12,13)"
8.43,8.43,"InChI=1S/C8H15N5S/c1-8(2,3)13-6-10-5(9)11-7(12-6)14-4/h1-4H3,(H3,9,10,11,12,13)"
3.24,3.24,"InChI=1S/C8H15N7O2S3/c9-6(15-20(12,16)17)1-2-18-3-5-4-19-8(13-5)14-7(10)11/h4H,1-3H2,(H2,9,15)(H2,12,16,17)(H4,10,11,13,14)"
1.79,1.79,"InChI=1S/C8H15NO2/c9-5-6-1-3-7(4-2-6)8(10)11/h6-7H,1-5,9H2,(H,10,11)"
4.5,4.5,"InChI=1S/C8H16NO5P/c1-7(6-8(10)9(2)3)14-15(11,12-4)13-5/h6H,1-5H3"
3.88,3.88,"InChI=1S/C8H17NO2/c1-6(2)3-7(5-9)4-8(10)11/h6-7H,3-5,9H2,1-2H3,(H,10,11)"
5.02,5.02,"InChI=1S/C8H18NO4PS2/c1-7(8(10)9-2)15-5-6-16-14(11,12-3)13-4/h7H,5-6H2,1-4H3,(H,9,10)"
10.16,10.16,"InChI=1S/C8H19O2PS2/c1-4-7-12-11(9,10-6-3)13-8-5-2/h4-8H2,1-3H3"
11.52,11.52,"InChI=1S/C8H19O2PS3/c1-4-9-11(12,10-5-2)14-8-7-13-6-3/h4-8H2,1-3H3"
7.86,7.86,"InChI=1S/C8H19O3PS3/c1-4-10-12(13,11-5-2)14-7-8-15(9)6-3/h4-8H2,1-3H3"
8.02,8.02,"InChI=1S/C8H19O4PS3/c1-4-11-13(14,12-5-2)15-7-8-16(9,10)6-3/h4-8H2,1-3H3"
10.77,10.77,"InChI=1S/C8H20O5P2S2/c1-5-9-14(16,10-6-2)13-15(17,11-7-3)12-8-4/h5-8H2,1-4H3"
6.489999999999999,6.49,"InChI=1S/C8H20O7P2/c1-5-11-16(9,12-6-2)15-17(10,13-7-3)14-8-4/h5-8H2,1-4H3"
5.36,5.36,"InChI=1S/C8H24N4O3P2/c1-9(2)16(13,10(3)4)15-17(14,11(5)6)12(7)8/h1-8H3"
9.58,9.58,InChI=1S/C8H4O3/c9-7-5-3-1-2-4-6(5)8(10)11-7/h1-4H
9.65,9.65,"InChI=1S/C8H6N2OS2/c1-12-8(11)5-3-2-4-6-7(5)13-10-9-6/h2-4H,1H3"
4.19,4.19,"InChI=1S/C8H7N3O5/c12-8-10(3-4-15-8)9-5-6-1-2-7(16-6)11(13)14/h1-2,5H,3-4H2"
9.79,9.79,"InChI=1S/C8H7NS2/c1-10-8-9-6-4-2-3-5-7(6)11-8/h2-5H,1H3"
4.53,4.53,"InChI=1S/C8H8N2O3S/c9-14(11,12)5-7-6-3-1-2-4-8(6)13-10-7/h1-4H,5H2,(H2,9,11,12)"
6.760000000000001,6.76,"InChI=1S/C8H9N3/c1-5-3-7-8(4-6(5)2)10-11-9-7/h3-4H,1-2H3,(H,9,10,11)"
3.48,3.48,"InChI=1S/C8H9NO2/c1-6(10)9-7-2-4-8(11)5-3-7/h2-5,11H,1H3,(H,9,10)"
4.37,4.37,"InChI=1S/C8H9NO2/c10-7-5-3-1-2-4-6(5)8(11)9-7/h1-2,5-6H,3-4H2,(H,9,10,11)"
4.21,4.21,"InChI=1S/C9H10N4O2S2/c1-6-11-12-9(16-6)13-17(14,15)8-4-2-7(10)3-5-8/h2-5H,10H2,1H3,(H,12,13)"
8.27,8.27,"InChI=1S/C9H10NO3PS/c1-11-14(15,12-2)13-9-5-3-8(7-10)4-6-9/h3-6H,1-2H3"
4.27,4.27,"InChI=1S/C9H11N/c10-9-6-8(9)7-4-2-1-3-5-7/h1-5,8-9H,6,10H2"
3.5900000000000003,3.59,"InChI=1S/C9H11NO/c1-7(10)9(11)8-5-3-2-4-6-8/h2-7H,10H2,1H3"
6.67,6.67,"InChI=1S/C9H11NO/c1-7-3-4-9(10-6-11)8(2)5-7/h3-6H,1-2H3,(H,10,11)"
5.680000000000001,5.68,"InChI=1S/C9H11NO2/c1-2-12-8-6-4-3-5-7(8)9(10)11/h3-6H,2H2,1H3,(H2,10,11)"
6.27,6.27,"InChI=1S/C9H11NO2/c1-2-12-9(11)7-3-5-8(10)6-4-7/h3-6H,2,10H2,1H3"
6.59,6.59,"InChI=1S/C9H11NO2/c1-7-4-3-5-8(6-7)12-9(11)10-2/h3-6H,1-2H3,(H,10,11)"
12.9,12.9,"InChI=1S/C9H11NO2/c1-9(12,8(10)11)7-5-3-2-4-6-7/h2-6,12H,1H3,(H2,10,11)"
3.14,2.44,"InChI=1S/C9H12N2/c1-3-8(7-10-5-1)9-4-2-6-11-9/h1,3,5,7,9,11H,2,4,6H2"
5.12,5.12,"InChI=1S/C9H12N2O/c1-11(2)9(12)10-8-6-4-3-5-7-8/h3-7H,1-2H3,(H,10,12)"
6.36,6.36,"InChI=1S/C9H12N2S/c1-2-3-8-6-7(9(10)12)4-5-11-8/h4-6H,2-3H2,1H3,(H2,10,12)"
4.09,4.09,"InChI=1S/C9H12N4O3/c1-11-7-6(8(15)12(2)9(11)16)13(3-4-14)5-10-7/h5,14H,3-4H2,1-2H3"
9.92,9.92,"InChI=1S/C9H12NO5PS/c1-7-6-8(4-5-9(7)10(11)12)15-16(17,13-2)14-3/h4-6H,1-3H3"
4.16,4.16,"InChI=1S/C9H13N/c1-8(10)7-9-5-3-2-4-6-9/h2-6,8H,7,10H2,1H3"
1.39,1.39,"InChI=1S/C9H13N3O5/c10-5-1-2-12(9(16)11-5)8-7(15)6(14)4(3-13)17-8/h1-2,4,6-8,13-15H,3H2,(H2,10,11,16)"
2.98,2.98,"InChI=1S/C9H13NO/c1-7(10)6-8-2-4-9(11)5-3-8/h2-5,7,11H,6,10H2,1H3"
3.68,3.68,"InChI=1S/C9H13NO/c1-7(10)9(11)8-5-3-2-4-6-8/h2-7,9,11H,10H2,1H3"
1.6,1.6,"InChI=1S/C9H13NO2/c1-10-6-9(12)7-2-4-8(11)5-3-7/h2-5,9-12H,6H2,1H3"
1.93,1.93,"InChI=1S/C9H13NO2/c1-10-6-9(12)7-3-2-4-8(11)5-7/h2-5,9-12H,6H2,1H3"
1.38,1.38,"InChI=1S/C9H13NO3/c1-10-5-9(13)6-2-3-7(11)8(12)4-6/h2-4,9-13H,5H2,1H3"
7.25,7.25,"InChI=1S/C9H14N2O2S/c1-8-4-6-9(7-5-8)10-14(12,13)11(2)3/h4-7,10H,1-3H3"
4.09,4.09,"InChI=1S/C9H14N4O3/c14-13(15)9-7-10-8-12(9)2-1-11-3-5-16-6-4-11/h7-8H,1-6H2"
2.69,2.69,"InChI=1S/C9H14N5O4P/c1-6(18-5-19(15,16)17)2-14-4-13-7-8(10)11-3-12-9(7)14/h3-4,6H,2,5H2,1H3,(H2,10,11,12)(H2,15,16,17)"
4.88,4.88,"InChI=1S/C9H15N5O/c10-7-6-8(12-9(11)14(7)15)13-4-2-1-3-5-13/h6,11,15H,1-5,10H2"
6.77,6.77,"InChI=1S/C9H15N5O7S2/c1-14(22(4,16)17)23(18,19)13-9(15)12-8-10-6(20-2)5-7(11-8)21-3/h5H,1-4H3,(H2,10,11,12,13,15)"
4.87,4.87,"InChI=1S/C9H15NO2/c1-7(11)12-9-6-10-4-2-8(9)3-5-10/h8-9H,2-6H2,1H3"
4.59,4.59,"InChI=1S/C9H15NO3S/c1-6(5-14)8(11)10-4-2-3-7(10)9(12)13/h6-7,14H,2-5H2,1H3,(H,12,13)"
6.94,6.94,"InChI=1S/C9H16N2O2/c1-4-5-7(6(2)3)8(12)11-9(10)13/h4,6-7H,1,5H2,2-3H3,(H3,10,11,12,13)"
7.25,7.25,"InChI=1S/C9H16N4OS/c1-9(2,3)6-11-12-8(15-6)13(5)7(14)10-4/h1-5H3,(H,10,14)"
5.96,5.96,"InChI=1S/C9H17N5O/c1-5(2)10-7-12-8(11-6(3)4)14-9(15)13-7/h5-6H,1-4H3,(H3,10,11,12,13,14,15)"
7.81,7.81,"InChI=1S/C9H17N5O/c1-5-10-7-12-8(11-6(2)3)14-9(13-7)15-4/h6H,5H2,1-4H3,(H2,10,11,12,13,14)"
9.16,9.16,"InChI=1S/C9H17N5S/c1-5-10-7-12-8(11-6(2)3)14-9(13-7)15-4/h6H,5H2,1-4H3,(H2,10,11,12,13,14)"
3.78,3.78,"InChI=1S/C9H17NO2/c10-7-9(6-8(11)12)4-2-1-3-5-9/h1-7,10H2,(H,11,12)"
8.12,8.12,"InChI=1S/C9H17NO2S/c1-2-3-4-11-5-6-12-7-8-13-9-10/h2-8H2,1H3"
9.89,9.89,"InChI=1S/C9H17NOS/c1-2-12-9(11)10-7-5-3-4-6-8-10/h2-8H2,1H3"
7.8,7.8,"InChI=1S/C9H18N2O2S/c1-9(2,3)7(6-14-5)11-13-8(12)10-4/h6H2,1-5H3,(H,10,12)"
5.94,5.94,"InChI=1S/C9H18N2O4/c1-3-4-9(2,5-14-7(10)12)6-15-8(11)13/h3-6H2,1-2H3,(H2,10,12)(H2,11,13)"
10.14,10.14,InChI=1S/C9H18N6/c1-13(2)7-10-8(14(3)4)12-9(11-7)15(5)6/h1-6H3
7.73,7.73,"InChI=1S/C9H18NO3PS2/c1-4-8(3)16-14(12,13-5-2)10-6-7-15-9(10)11/h8H,4-7H2,1-3H3"
10.67,10.67,"InChI=1S/C9H19NOS/c1-4-7-10(8-5-2)9(11)12-6-3/h4-8H2,1-3H3"
3.5,3.5,"InChI=1S/C9H20N2O2/c1-4-8-13-9(12)10-6-5-7-11(2)3/h4-8H2,1-3H3,(H,10,12)"
12.25,12.25,"InChI=1S/C9H21O2PS3/c1-6-10-12(13,11-7-2)15-8-14-9(3,4)5/h6-8H2,1-5H3"
9,9,"InChI=1S/C9H21O3PS3/c1-6-11-13(14,12-7-2)15-8-16(10)9(3,4)5/h6-8H2,1-5H3"
9.01,9.01,"InChI=1S/C9H21O4PS3/c1-6-12-14(15,13-7-2)16-8-17(10,11)9(3,4)5/h6-8H2,1-5H3"
12.45,12.45,"InChI=1S/C9H22O4P2S4/c1-5-10-14(16,11-6-2)18-9-19-15(17,12-7-3)13-8-4/h5-9H2,1-4H3"
9.25,9.25,"InChI=1S/C9H6N2S3/c10-5-12-6-13-9-11-7-3-1-2-4-8(7)14-9/h1-4H,6H2"
5.930000000000001,5.93,"InChI=1S/C9H7N3S/c1-6-3-2-4-7-8(6)12-5-10-11-9(12)13-7/h2-5H,1H3"
4.34,4.34,"InChI=1S/C9H8N2O2/c10-9-11-8(12)7(13-9)6-4-2-1-3-5-6/h1-5,7H,(H2,10,11,12)"
7.17,7.17,"InChI=1S/C9H8N4OS/c14-9(12-8-6-10-13-15-8)11-7-4-2-1-3-5-7/h1-6H,(H2,11,12,14)"
5.46,5.46,"InChI=1S/C9H9N3O2/c1-14-9(13)12-8-10-6-4-2-3-5-7(6)11-8/h2-5H,1H3,(H2,10,11,12,13)"
3.63,3.63,"InChI=1S/C9H9N3O2S2/c10-7-1-3-8(4-2-7)16(13,14)12-9-11-5-6-15-9/h1-6H,10H2,(H,11,12)"
7.13,7.13,"InChI=1S/C9H9N3OS/c1-10-8(13)12-9-11-6-4-2-3-5-7(6)14-9/h2-5H,1H3,(H2,10,11,12,13)"
1.3299999999999998,1.33,"InChI=1S/CH5N3O/c2-1(5)4-3/h3H2,(H3,2,4,5)"
