rt_source,rt_target,compound_id
2.87,2.87,"InChI=1S/C10H10O2/c1-12-10(11)8-7-9-5-3-2-4-6-9/h2-8H,1H3"
4.76,4.76,"InChI=1S/C10H10O3/c1-13-10-7-8(3-2-6-11)4-5-9(10)12/h2-7,12H,1H3"
6.03,6.03,"InChI=1S/C10H10O3/c1-13-9-4-2-3-8(7-9)5-6-10(11)12/h2-7H,1H3,(H,11,12)"
4.24,4.24,"InChI=1S/C10H10O4/c1-14-9-6-7(2-4-8(9)11)3-5-10(12)13/h2-6,11H,1H3,(H,12,13)"
5.59,5.59,"InChI=1S/C10H10O4/c1-7(12)14-9-4-3-8(6-11)5-10(9)13-2/h3-6H,1-2H3"
2.69,2.69,"InChI=1S/C10H12N4O5S/c1-14-7-4-8(15)6(12-13-10(11)16)2-5(7)3-9(14)20(17,18)19/h2,4,9,15H,3H2,1H3,(H2,11,16)(H,17,18,19)"
4.31,4.31,"InChI=1S/C10H12O4/c1-6(11)7-4-8(13-2)10(12)9(5-7)14-3/h4-5,12H,1-3H3"
1.93,1.93,"InChI=1S/C10H13N5O3/c11-9-8-10(13-3-12-9)15(4-14-8)7-1-5(17)6(2-16)18-7/h3-7,16-17H,1-2H2,(H2,11,12,13)"
1.82,1.82,"InChI=1S/C10H14N2O/c1-12(13)7-3-5-10(12)9-4-2-6-11-8-9/h2,4,6,8,10H,3,5,7H2,1H3"
2.01,2.01,"InChI=1S/C10H15N3O8/c11-7-6(8(18)13-10(19)12-7)21-9-5(17)4(16)3(15)2(1-14)20-9/h2-5,9,14-17H,1H2,(H4,11,12,13,18,19)"
2.05,2.05,"InChI=1S/C10H15NO/c1-11(2)8-7-9-3-5-10(12)6-4-9/h3-6,12H,7-8H2,1-2H3"
2.44,2.44,"InChI=1S/C10H15NO4/c1-5(2)7-4-11-9(10(14)15)6(7)3-8(12)13/h6-7,9,11H,1,3-4H2,2H3,(H,12,13)(H,14,15)"
1.82,1.82,"InChI=1S/C10H16N2O3/c13-9(7-3-1-5-11-7)12-6-2-4-8(12)10(14)15/h7-8,11H,1-6H2,(H,14,15)"
1.87,1.87,"InChI=1S/C10H18N2O5/c1-3-5(2)8(11)9(15)12-6(10(16)17)4-7(13)14/h5-6,8H,3-4,11H2,1-2H3,(H,12,15)(H,13,14)(H,16,17)"
3.03,3.03,"InChI=1S/C10H19NOS/c1-13(12)10-8-6-4-2-3-5-7-9-11/h2-8,10H2,1H3"
2.15,2.15,"InChI=1S/C10H20N2O3/c1-5(2)7(11)9(13)12-8(6(3)4)10(14)15/h5-8H,11H2,1-4H3,(H,12,13)(H,14,15)"
4.43,4.43,"InChI=1S/C10H20O3S/c1-14(13)9-7-5-3-2-4-6-8-10(11)12/h2-9H2,1H3,(H,11,12)"
2.28,2.28,"InChI=1S/C10H21NO3S/c1-15(14)8-6-4-2-3-5-7-9(11)10(12)13/h9H,2-8,11H2,1H3,(H,12,13)"
4.24,4.24,"InChI=1S/C10H8O4/c1-13-9-4-6-2-3-10(12)14-8(6)5-7(9)11/h2-5,11H,1H3"
5.53,5.53,"InChI=1S/C11H10N2O/c14-11-10-8(5-6-12-11)7-3-1-2-4-9(7)13-10/h1-4,13H,5-6H2,(H,12,14)"
3.94,3.94,"InChI=1S/C11H10N2O/c14-11-8-4-1-2-5-9(8)12-10-6-3-7-13(10)11/h1-2,4-5H,3,6-7H2"
5,5,"InChI=1S/C11H10O4/c1-13-9-5-7-3-4-11(12)15-8(7)6-10(9)14-2/h3-6H,1-2H3"
4.28,4.28,"InChI=1S/C11H10O5/c1-14-7-5-6-3-4-8(12)16-10(6)11(15-2)9(7)13/h3-5,13H,1-2H3"
2.8,2.8,"InChI=1S/C11H12N2/c1-2-5-10-9(4-1)8-13-7-3-6-11(13)12-10/h1-2,4-5H,3,6-8H2"
2.55,2.55,"InChI=1S/C11H12N2O/c14-10-5-6-13-7-8-3-1-2-4-9(8)12-11(10)13/h1-4,10,14H,5-7H2"
2.8,2.8,"InChI=1S/C11H12N2O2/c12-9(11(14)15)5-7-6-13-10-4-2-1-3-8(7)10/h1-4,6,9,13H,5,12H2,(H,14,15)"
5.18,5.18,"InChI=1S/C11H12O4/c1-14-9-5-3-8(4-6-11(12)13)7-10(9)15-2/h3-7H,1-2H3,(H,12,13)"
6.26,6.26,"InChI=1S/C11H12O4/c1-14-9-5-8(3-4-11(12)13)6-10(7-9)15-2/h3-7H,1-2H3,(H,12,13)"
4.73,4.73,"InChI=1S/C11H12O4/c1-14-9-6-8(4-3-5-12)7-10(15-2)11(9)13/h3-7,13H,1-2H3"
4.21,4.21,"InChI=1S/C11H12O5/c1-15-8-5-7(3-4-10(12)13)6-9(16-2)11(8)14/h3-6,14H,1-2H3,(H,12,13)"
2.76,2.76,"InChI=1S/C11H13N3O/c1-8-10(12)11(15)14(13(8)2)9-6-4-3-5-7-9/h3-7H,12H2,1-2H3"
3.06,3.06,"InChI=1S/C11H14N2/c1-13(2)8-9-7-12-11-6-4-3-5-10(9)11/h3-7,12H,8H2,1-2H3"
2.7,2.7,"InChI=1S/C11H15N5O3S/c1-20-2-5-7(17)8(18)11(19-5)16-4-15-6-9(12)13-3-14-10(6)16/h3-5,7-8,11,17-18H,2H2,1H3,(H2,12,13,14)"
2.71,2.71,"InChI=1S/C11H16N2O/c12-8-4-5-9-13-11(14)10-6-2-1-3-7-10/h1-3,6-7H,4-5,8-9,12H2,(H,13,14)"
2.4,2.4,"InChI=1S/C11H16N2O2/c1-3-10-8(6-15-11(10)14)4-9-5-12-7-13(9)2/h5,7-8,10H,3-4,6H2,1-2H3"
1.77,1.77,"InChI=1S/C11H17NO8/c13-3-6-8(15)9(16)11(19,20-6)4-12-5(10(17)18)1-2-7(12)14/h5-6,8-9,13,15-16,19H,1-4H2,(H,17,18)"
4.03,4.03,"InChI=1S/C11H18N2O2/c1-7(2)6-8-11(15)13-5-3-4-9(13)10(14)12-8/h7-9H,3-6H2,1-2H3,(H,12,14)"
2.98,2.98,"InChI=1S/C11H18N2O5S/c1-2-5-19-6-8(11(17)18)13-9(14)4-3-7(12)10(15)16/h2,7-8H,1,3-6,12H2,(H,13,14)(H,15,16)(H,17,18)"
1.79,1.79,"InChI=1S/C11H18N2O6S/c1-2-5-20(19)6-8(11(17)18)13-9(14)4-3-7(12)10(15)16/h2,5,7-8H,3-4,6,12H2,1H3,(H,13,14)(H,15,16)(H,17,18)"
2.72,2.72,"InChI=1S/C11H20N2O3/c1-7(2)6-8(12)10(14)13-5-3-4-9(13)11(15)16/h7-9H,3-6,12H2,1-2H3,(H,15,16)"
1.98,1.98,"InChI=1S/C11H20N2O5/c1-3-6(2)9(12)10(16)13-7(11(17)18)4-5-8(14)15/h6-7,9H,3-5,12H2,1-2H3,(H,13,16)(H,14,15)(H,17,18)"
2.54,2.54,"InChI=1S/C11H20N2O5/c1-6(2)5-8(11(17)18)13-9(14)4-3-7(12)10(15)16/h6-8H,3-5,12H2,1-2H3,(H,13,14)(H,15,16)(H,17,18)"
1.82,1.82,"InChI=1S/C11H21N3O4/c1-3-6(2)9(13)10(16)14-7(11(17)18)4-5-8(12)15/h6-7,9H,3-5,13H2,1-2H3,(H2,12,15)(H,14,16)(H,17,18)"
2.18,2.18,"InChI=1S/C11H21NO4/c1-5-6-11(15)16-9(7-10(13)14)8-12(2,3)4/h9H,5-8H2,1-4H3"
2.48,2.48,"InChI=1S/C11H21NO4/c1-8(2)11(15)16-9(6-10(13)14)7-12(3,4)5/h8-9H,6-7H2,1-5H3"
2.55,2.55,"InChI=1S/C11H22N2O3/c1-5-7(4)8(12)10(14)13-9(6(2)3)11(15)16/h6-9H,5,12H2,1-4H3,(H,13,14)(H,15,16)"
2.88,2.88,"InChI=1S/C11H22N2O3/c1-5-7(4)9(11(15)16)13-10(14)8(12)6(2)3/h6-9H,5,12H2,1-4H3,(H,13,14)(H,15,16)"
2.66,2.66,"InChI=1S/C11H22N2O3/c1-6(2)5-8(12)10(14)13-9(7(3)4)11(15)16/h6-9H,5,12H2,1-4H3,(H,13,14)(H,15,16)"
2.74,2.74,"InChI=1S/C11H23NO3S/c1-16(15)9-7-5-3-2-4-6-8-10(12)11(13)14/h10H,2-9,12H2,1H3,(H,13,14)"
3.48,3.48,"InChI=1S/C11H8N2/c1-2-4-10-8(3-1)9-5-6-12-7-11(9)13-10/h1-7,13H"
3.7,3.7,"InChI=1S/C12H10N2/c1-8-12-10(6-7-13-8)9-4-2-3-5-11(9)14-12/h2-7,14H,1H3"
3.18,3.18,"InChI=1S/C12H10N2O/c1-7-12-10(4-5-13-7)9-3-2-8(15)6-11(9)14-12/h2-6,13-14H,1H3"
3.06,3.06,"InChI=1S/C12H12N2O/c1-7-12-10(4-5-13-7)9-3-2-8(15)6-11(9)14-12/h2-3,6,14-15H,4-5H2,1H3"
3.35,3.35,"InChI=1S/C12H12N2O2/c15-12(16)10-5-8-7-3-1-2-4-9(7)14-11(8)6-13-10/h1-4,10,13-14H,5-6H2,(H,15,16)"
3.22,3.22,"InChI=1S/C12H14N2O5/c13-8-3-1-7(2-4-8)11(17)14-9(12(18)19)5-6-10(15)16/h1-4,9H,5-6,13H2,(H,14,17)(H,15,16)(H,18,19)"
2.93,2.93,"InChI=1S/C12H15NO2/c1-8-10-7-12(15-3)11(14-2)6-9(10)4-5-13-8/h6-7H,4-5H2,1-3H3"
3.33,3.33,"InChI=1S/C12H15NO3/c1-13-4-3-8-5-10-12(16-7-15-10)11(14-2)9(8)6-13/h5H,3-4,6-7H2,1-2H3"
2.84,2.84,"InChI=1S/C12H16N2O3/c1-8(13)11(15)14-10(12(16)17)7-9-5-3-2-4-6-9/h2-6,8,10H,7,13H2,1H3,(H,14,15)(H,16,17)"
3.39,3.39,"InChI=1S/C12H18O4/c13-7-3-1-2-4-10-9(8-12(15)16)5-6-11(10)14/h1-2,9-10,13H,3-8H2,(H,15,16)"
1.86,1.86,"InChI=1S/C12H19NO7S/c1-2-3-21(19)6-7(12(17)18)13-4-9-11(16)10(15)8(14)5-20-9/h2-4,7-8,10-11,13-16H,5-6H2,1H3,(H,17,18)"
2.39,2.39,"InChI=1S/C12H20N2O7S/c1-6(10(16)17)4-22-5-8(12(20)21)14-9(15)3-2-7(13)11(18)19/h6-8H,2-5,13H2,1H3,(H,14,15)(H,16,17)(H,18,19)(H,20,21)"
1.66,1.66,"InChI=1S/C12H21NO8S/c1-2-3-22(20)5-7(11(17)18)13-6-12(19)10(16)9(15)8(14)4-21-12/h2,7-10,13-16,19H,1,3-6H2,(H,17,18)"
1.74,1.74,"InChI=1S/C12H22O11/c13-1-4-6(15)8(17)9(18)11(22-4)21-2-5-7(16)10(19)12(20,3-14)23-5/h4-11,13-20H,1-3H2"
1.98,1.98,"InChI=1S/C12H23NO7/c1-3-6(2)8(11(17)18)13-5-12(19)10(16)9(15)7(4-14)20-12/h6-10,13-16,19H,3-5H2,1-2H3,(H,17,18)"
3.05,3.05,"InChI=1S/C12H24N2O3/c1-5-7(3)9(13)11(15)14-10(12(16)17)8(4)6-2/h7-10H,5-6,13H2,1-4H3,(H,14,15)(H,16,17)"
3.29,3.29,"InChI=1S/C12H24N2O3/c1-7(2)5-9(13)11(15)14-10(12(16)17)6-8(3)4/h7-10H,5-6,13H2,1-4H3,(H,14,15)(H,16,17)"
5.59,5.59,"InChI=1S/C13H11NO3/c1-14-11-8(4-3-5-10(11)16-2)12(15)9-6-7-17-13(9)14/h3-7H,1-2H3"
4.01,4.01,"InChI=1S/C13H12N2/c1-2-11-13-10(7-8-14-11)9-5-3-4-6-12(9)15-13/h3-8,15H,2H2,1H3"
4.11,4.11,"InChI=1S/C13H12N2O/c1-8-13-11(5-6-14-8)10-4-3-9(16-2)7-12(10)15-13/h3-7,15H,1-2H3"
4.55,4.55,"InChI=1S/C13H14N2O3/c1-8(13(17)18)15-12(16)6-9-7-14-11-5-3-2-4-10(9)11/h2-5,7-8,14H,6H2,1H3,(H,15,16)(H,17,18)"
2.86,2.86,"InChI=1S/C13H15NO3/c1-3-8-14-13(16)7-5-10-4-6-11(15)12(9-10)17-2/h3-7,9,15H,1,8H2,2H3,(H,14,16)"
2.18,2.18,"InChI=1S/C13H17N3O2/c14-12(17)8-15-5-9-4-10(7-15)11-2-1-3-13(18)16(11)6-9/h1-3,9-10H,4-8H2,(H2,14,17)"
3.7,3.7,"InChI=1S/C13H18N2O/c14-10-4-5-11-15-13(16)9-8-12-6-2-1-3-7-12/h1-3,6-9H,4-5,10-11,14H2,(H,15,16)"
2.67,2.67,"InChI=1S/C13H18N2O2/c14-9-1-2-10-15-13(17)8-5-11-3-6-12(16)7-4-11/h3-8,16H,1-2,9-10,14H2,(H,15,17)"
2.22,2.22,"InChI=1S/C13H18N2O3/c14-7-1-2-8-15-13(18)6-4-10-3-5-11(16)12(17)9-10/h3-6,9,16-17H,1-2,7-8,14H2,(H,15,18)"
2.75,2.75,"InChI=1S/C13H20N2O2/c1-3-15(4-2)9-10-17-13(16)11-5-7-12(14)8-6-11/h5-8H,3-4,9-10,14H2,1-2H3"
3.78,3.78,"InChI=1S/C13H23N3O6S2/c1-2-5-23-24-7-9(12(20)15-6-11(18)19)16-10(17)4-3-8(14)13(21)22/h8-9H,2-7,14H2,1H3,(H,15,20)(H,16,17)(H,18,19)(H,21,22)"
3.47,3.47,"InChI=1S/C14H12N2/c1-9-3-5-11-7-8-12-6-4-10(2)16-14(12)13(11)15-9/h3-8H,1-2H3"
5.59,5.295,"InChI=1S/C14H12O3/c15-12-5-3-10(4-6-12)1-2-11-7-13(16)9-14(17)8-11/h1-9,15-17H"
4.35,4.35,"InChI=1S/C14H14N2O5/c17-12(6-13(18)19)16-11(14(20)21)5-8-7-15-10-4-2-1-3-9(8)10/h1-4,7,11,15H,5-6H2,(H,16,17)(H,18,19)(H,20,21)"
5.15,5.15,"InChI=1S/C14H14O3/c15-12-5-3-10(4-6-12)1-2-11-7-13(16)9-14(17)8-11/h3-9,15-17H,1-2H2"
2.86,2.86,"InChI=1S/C14H16O9/c1-21-11-5(16)2-4-7(9(11)18)12-13(23-14(4)20)10(19)8(17)6(3-15)22-12/h2,6,8,10,12-13,15-19H,3H2,1H3"
2.99,2.99,"InChI=1S/C14H18N2O3/c17-13(11-7-4-8-15-11)16-12(14(18)19)9-10-5-2-1-3-6-10/h1-3,5-6,11-12,15H,4,7-9H2,(H,16,17)(H,18,19)"
3.04,3.04,"InChI=1S/C14H18N2O5/c15-10(13(18)19)6-7-12(17)16-11(14(20)21)8-9-4-2-1-3-5-9/h1-5,10-11H,6-8,15H2,(H,16,17)(H,18,19)(H,20,21)"
2.36,2.36,"InChI=1S/C14H18N2O6/c15-10(13(19)20)5-6-12(18)16-11(14(21)22)7-8-1-3-9(17)4-2-8/h1-4,10-11,17H,5-7,15H2,(H,16,18)(H,19,20)(H,21,22)"
2.7,2.7,"InChI=1S/C14H20N2O3/c1-19-13-10-11(4-6-12(13)17)5-7-14(18)16-9-3-2-8-15/h4-7,10,17H,2-3,8-9,15H2,1H3,(H,16,18)"
2.98,2.98,"InChI=1S/C14H20N2O3/c1-9(2)12(14(18)19)16-13(17)11(15)8-10-6-4-3-5-7-10/h3-7,9,11-12H,8,15H2,1-2H3,(H,16,17)(H,18,19)"
3.23,3.23,"InChI=1S/C14H20N2O3/c1-9(2)12(15)13(17)16-11(14(18)19)8-10-6-4-3-5-7-10/h3-7,9,11-12H,8,15H2,1-2H3,(H,16,17)(H,18,19)"
3.07,3.07,"InChI=1S/C14H20N4O2/c15-14(16)18-10-2-1-9-17-13(20)8-5-11-3-6-12(19)7-4-11/h3-8,19H,1-2,9-10H2,(H,17,20)(H4,15,16,18)"
1.7,1.7,"InChI=1S/C14H21NO8/c1-6-10(18)8(3-16)7(2-15-6)5-22-14-13(21)12(20)11(19)9(4-17)23-14/h2,9,11-14,16-21H,3-5H2,1H3"
2.36,2.36,"InChI=1S/C14H23N3O8S/c1-7(13(22)23)5-26-6-9(12(21)16-4-11(19)20)17-10(18)3-2-8(15)14(24)25/h7-9H,2-6,15H2,1H3,(H,16,21)(H,17,18)(H,19,20)(H,22,23)(H,24,25)"
3.29,3.29,"InChI=1S/C14H26N2O8S2/c1-2-25-26-6-8(13(22)15-4-3-10(18)19)16-7-14(23)12(21)11(20)9(17)5-24-14/h8-9,11-12,16-17,20-21,23H,2-7H2,1H3,(H,15,22)(H,18,19)"
7.75,7.75,InChI=1S/C15H10O2/c16-13-10-15(11-6-2-1-3-7-11)17-14-9-5-4-8-12(13)14/h1-10H
5.15,5.15,"InChI=1S/C15H10O4/c16-10-3-1-9(2-4-10)13-8-19-14-7-11(17)5-6-12(14)15(13)18/h1-8,16-17H"
3.87,3.87,"InChI=1S/C15H10O4/c16-10-3-1-9(2-4-10)14-6-5-12-13(18)7-11(17)8-15(12)19-14/h1-8,16,18H"
7.37,7.375,"InChI=1S/C15H10O4/c16-10-3-1-9(2-4-10)14-8-13(18)12-6-5-11(17)7-15(12)19-14/h1-8,16-17H"
4.63,4.63,"InChI=1S/C15H10O5/c16-9-2-3-10-14(6-9)20-7-11(15(10)19)8-1-4-12(17)13(18)5-8/h1-7,16-18H"
5.89,5.89,"InChI=1S/C15H10O5/c16-9-3-1-8(2-4-9)13-7-12(19)15-11(18)5-10(17)6-14(15)20-13/h1-7,16-18H"
6.4,6.4,"InChI=1S/C15H10O5/c16-9-6-11(8-4-2-1-3-5-8)20-12-7-10(17)14(18)15(19)13(9)12/h1-7,17-19H"
6.01,6.015,"InChI=1S/C15H10O6/c16-8-3-1-7(2-4-8)15-14(20)13(19)12-10(18)5-9(17)6-11(12)21-15/h1-6,16-18,20H"
5.34,5.34,"InChI=1S/C15H10O6/c16-8-4-11(19)15-12(20)6-13(21-14(15)5-8)7-1-2-9(17)10(18)3-7/h1-6,16-19H"
5.37,5.37,"InChI=1S/C15H10O7/c16-7-4-10(19)12-11(5-7)22-15(14(21)13(12)20)6-1-2-8(17)9(18)3-6/h1-5,16-19,21H"
9.02,9.02,InChI=1S/C15H12O/c16-15(14-9-5-2-6-10-14)12-11-13-7-3-1-4-8-13/h1-12H
8.5,8.5,"InChI=1S/C15H12O2/c16-13-10-15(11-6-2-1-3-7-11)17-14-9-5-4-8-12(13)14/h1-9,15H,10H2"
7.17,7.17,"InChI=1S/C15H12O3/c16-11-6-7-14-12(8-11)13(17)9-15(18-14)10-4-2-1-3-5-10/h1-8,15-16H,9H2"
7.45,7.45,"InChI=1S/C15H12O3/c16-12-7-3-1-5-10(12)15-9-13(17)11-6-2-4-8-14(11)18-15/h1-8,15-16H,9H2"
5.31,5.305,"InChI=1S/C15H12O4/c16-10-3-1-9(2-4-10)14-8-13(18)12-6-5-11(17)7-15(12)19-14/h1-7,14,16-17H,8H2"
6.43,6.43,"InChI=1S/C15H12O4/c16-11-4-1-10(2-5-11)3-8-14(18)13-7-6-12(17)9-15(13)19/h1-9,16-17,19H"
5.95,5.95,"InChI=1S/C15H12O5/c16-9-3-1-8(2-4-9)13-7-12(19)15-11(18)5-10(17)6-14(15)20-13/h1-6,13,16-18H,7H2"
4.8,4.8,"InChI=1S/C15H12O6/c16-8-3-1-7(2-4-8)15-14(20)13(19)12-10(18)5-9(17)6-11(12)21-15/h1-6,14-18,20H"
5.35,5.35,"InChI=1S/C15H12O6/c16-8-4-11(19)15-12(20)6-13(21-14(15)5-8)7-1-2-9(17)10(18)3-7/h1-5,13,16-19H,6H2"
4.27,4.27,"InChI=1S/C15H12O7/c16-7-4-10(19)12-11(5-7)22-15(14(21)13(12)20)6-1-2-8(17)9(18)3-6/h1-5,14-19,21H"
3.65,3.65,"InChI=1S/C15H12O8/c16-6-3-7(17)11-10(4-6)23-15(14(22)13(11)21)5-1-8(18)12(20)9(19)2-5/h1-4,14-20,22H"
4.91,4.91,"InChI=1S/C15H14O5/c16-9-3-1-8(2-4-9)15-13(19)7-11-12(18)5-10(17)6-14(11)20-15/h1-6,13,15-19H,7H2"
3.13,3.285,"InChI=1S/C15H14O6/c16-8-4-11(18)9-6-13(20)15(21-14(9)5-8)7-1-2-10(17)12(19)3-7/h1-5,13,15-20H,6H2"
4.12,4.12,"InChI=1S/C15H16N2O5/c18-13(17-12(15(21)22)5-6-14(19)20)7-9-8-16-11-4-2-1-3-10(9)11/h1-4,8,12,16H,5-7H2,(H,17,18)(H,19,20)(H,21,22)"
8.75,8.75,"InChI=1S/C15H16O3/c1-10(2)4-7-12-13(17-3)8-5-11-6-9-14(16)18-15(11)12/h4-6,8-9H,7H2,1-3H3"
5.61,5.61,"InChI=1S/C15H18N2O3/c1-9(2)14(15(19)20)17-13(18)7-10-8-16-12-6-4-3-5-11(10)12/h3-6,8-9,14,16H,7H2,1-2H3,(H,17,18)(H,19,20)"
2.19,2.19,"InChI=1S/C15H19NO10/c1-23-5-2-3-6-7(4-5)24-15(12(20)16-6)26-14-10(19)8(17)9(18)11(25-14)13(21)22/h2-4,8-12,14-20H,1H3,(H,21,22)"
3.5,3.5,"InChI=1S/C15H19NO10/c1-23-6-2-3-7-8(4-6)24-15(13(21)16(7)22)26-14-12(20)11(19)10(18)9(5-17)25-14/h2-4,9-12,14-15,17-20,22H,5H2,1H3"
3.27,3.27,"InChI=1S/C15H19NO4/c1-19-14-6-9(2-5-13(14)17)15(18)20-12-7-10-3-4-11(8-12)16-10/h2,5-6,10-12,16-17H,3-4,7-8H2,1H3"
2.88,2.88,"InChI=1S/C15H20N2O4/c16-13(18)10-9-12(15(20)21)17-14(19)8-4-7-11-5-2-1-3-6-11/h1-3,5-6,12H,4,7-10H2,(H2,16,18)(H,17,19)(H,20,21)"
2.61,2.61,"InChI=1S/C15H20N2O5/c16-11(15(21)22)3-1-2-8-17-14(20)7-5-10-4-6-12(18)13(19)9-10/h4-7,9,11,18-19H,1-3,8,16H2,(H,17,20)(H,21,22)"
3.3,3.3,"InChI=1S/C15H20N2O6/c1-7-3-9-10(4-8(7)2)17(15(23)14(22)16-9)5-11(19)13(21)12(20)6-18/h3-4,11-13,18-21H,5-6H2,1-2H3,(H,16,22)"
7.91,7.91,"InChI=1S/C15H20O3/c1-9-5-4-6-14(3)8-15(17)12(7-11(9)14)10(2)13(16)18-15/h11,17H,1,4-8H2,2-3H3"
3.31,3.31,"InChI=1S/C15H21N3O2/c1-15-7-8-17(3)13(15)18(4)12-6-5-10(9-11(12)15)20-14(19)16-2/h5-6,9,13H,7-8H2,1-4H3,(H,16,19)"
2.33,2.33,"InChI=1S/C15H21NO7/c17-7-11-12(18)13(19)15(22,23-11)8-16-10(14(20)21)6-9-4-2-1-3-5-9/h1-5,10-13,16-19,22H,6-8H2,(H,20,21)"
1.82,1.82,"InChI=1S/C15H21NO8/c17-6-11-12(19)13(20)15(23,24-11)7-16-10(14(21)22)5-8-1-3-9(18)4-2-8/h1-4,10-13,16-20,23H,5-7H2,(H,21,22)"
3.64,3.64,"InChI=1S/C15H22N2O3/c1-10(2)8-12(16)14(18)17-13(15(19)20)9-11-6-4-3-5-7-11/h3-7,10,12-13H,8-9,16H2,1-2H3,(H,17,18)(H,19,20)"
3.79,3.79,"InChI=1S/C15H22N2O3/c1-3-10(2)13(15(19)20)17-14(18)12(16)9-11-7-5-4-6-8-11/h4-8,10,12-13H,3,9,16H2,1-2H3,(H,17,18)(H,19,20)"
3.22,3.22,"InChI=1S/C15H22N4O3/c1-22-13-10-11(4-6-12(13)20)5-7-14(21)18-8-2-3-9-19-15(16)17/h4-7,10,20H,2-3,8-9H2,1H3,(H,18,21)(H4,16,17,19)"
2.16,2.16,"InChI=1S/C15H23N3O12/c16-11-10(12(25)18-15(26)17-11)30-14-9(7(23)5(21)3(1-19)28-14)29-13-8(24)6(22)4(2-20)27-13/h3-9,13-14,19-24H,1-2H2,(H4,16,17,18,25,26)"
2.26,2.26,"InChI=1S/C15H24N2O/c18-14-7-1-6-13-12-5-3-9-16-8-2-4-11(15(12)16)10-17(13)14/h11-13,15H,1-10H2"
2.75,2.75,"InChI=1S/C15H25NO5/c1-9(2)15(20,10(3)17)14(19)21-8-11-4-6-16-7-5-12(18)13(11)16/h4,9-10,12-13,17-18,20H,5-8H2,1-3H3"
2.33,2.33,"InChI=1S/C15H26N2/c1-3-7-16-11-13-9-12(14(16)5-1)10-17-8-4-2-6-15(13)17/h12-15H,1-11H2"
2.12,2.12,"InChI=1S/C15H26N2O10S/c1-28-5-8(14(24)25)17-10(19)3-2-7(13(22)23)16-6-15(26)12(21)11(20)9(18)4-27-15/h7-9,11-12,16,18,20-21,26H,2-6H2,1H3,(H,17,19)(H,22,23)(H,24,25)"
3.05,3.05,"InChI=1S/C15H27NO4/c1-10(2)15(19,11(3)17)14(18)20-9-12-6-8-16-7-4-5-13(12)16/h10-13,17,19H,4-9H2,1-3H3"
3.11,3.11,"InChI=1S/C15H27NO5/c1-10(2)15(19,11(3)17)14(18)21-9-12-6-8-16(20)7-4-5-13(12)16/h10-13,17,19H,4-9H2,1-3H3"
5.97,5.97,"InChI=1S/C15H8O5/c16-7-1-3-9-11(5-7)19-14-10-4-2-8(17)6-12(10)20-15(18)13(9)14/h1-6,16-17H"
7.63,7.63,"InChI=1S/C16H12O5/c1-20-11-4-2-9(3-5-11)12-8-21-14-7-10(17)6-13(18)15(14)16(12)19/h2-8,17-18H,1H3"
7.27,7.27,"InChI=1S/C16H12O5/c1-20-15-12(19)7-10(17)14-11(18)8-13(21-16(14)15)9-5-3-2-4-6-9/h2-8,17,19H,1H3"
5.3,5.3,"InChI=1S/C16H12O5/c1-20-15-6-11-14(7-13(15)18)21-8-12(16(11)19)9-2-4-10(17)5-3-9/h2-8,17-18H,1H3"
5.99,5.99,"InChI=1S/C16H12O6/c1-21-10-4-2-8(3-5-10)16-15(20)14(19)13-11(18)6-9(17)7-12(13)22-16/h2-7,17-18,20H,1H3"
6.14,6.14,"InChI=1S/C16H12O7/c1-22-11-4-7(2-3-9(11)18)16-15(21)14(20)13-10(19)5-8(17)6-12(13)23-16/h2-6,17-19,21H,1H3"
5.37,5.37,"InChI=1S/C16H12O8/c1-23-11-3-6(2-9(19)13(11)20)16-15(22)14(21)12-8(18)4-7(17)5-10(12)24-16/h2-5,17-20,22H,1H3"
5.92,5.92,"InChI=1S/C16H14O4/c1-18-10-3-5-11-13-8-19-14-6-9(17)2-4-12(14)16(13)20-15(11)7-10/h2-7,13,16-17H,8H2,1H3"
7.42,7.42,"InChI=1S/C16H14O5/c1-20-11-6-12(18)16-13(19)8-14(21-15(16)7-11)9-2-4-10(17)5-3-9/h2-7,14,17-18H,8H2,1H3"
6.04,6.04,"InChI=1S/C16H14O6/c1-21-13-3-2-8(4-10(13)18)14-7-12(20)16-11(19)5-9(17)6-15(16)22-14/h2-6,14,17-19H,7H2,1H3"
8.02,8.02,"InChI=1S/C16H16O3/c1-18-15-9-13(10-16(11-15)19-2)4-3-12-5-7-14(17)8-6-12/h3-11,17H,1-2H3"
3.11,3.11,"InChI=1S/C16H18O9/c1-22-9-4-7-2-3-12(18)23-8(7)5-10(9)24-16-15(21)14(20)13(19)11(6-17)25-16/h2-5,11,13-17,19-21H,6H2,1H3"
3.13,3.13,"InChI=1S/C16H18O9/c17-9-3-1-8(5-10(9)18)2-4-13(20)25-12-7-16(24,15(22)23)6-11(19)14(12)21/h1-5,11-12,14,17-19,21,24H,6-7H2,(H,22,23)"
2.37,2.37,"InChI=1S/C16H19N3/c1-19-10-3-2-6-16(19)14-7-8-15(18-12-14)13-5-4-9-17-11-13/h4-5,7-9,11-12,16H,2-3,6,10H2,1H3"
6.2,6.2,"InChI=1S/C16H20N2O3/c1-10(2)7-14(16(20)21)18-15(19)8-11-9-17-13-6-4-3-5-12(11)13/h3-6,9-10,14,17H,7-8H2,1-2H3,(H,18,19)(H,20,21)"
6.14,6.14,"InChI=1S/C16H20N2O3/c1-3-10(2)15(16(20)21)18-14(19)8-11-9-17-13-7-5-4-6-12(11)13/h4-7,9-10,15,17H,3,8H2,1-2H3,(H,18,19)(H,20,21)"
3.44,3.44,"InChI=1S/C16H20O9/c1-2-7-8-3-4-22-14(21)9(8)6-23-15(7)25-16-13(20)12(19)11(18)10(5-17)24-16/h2-3,6-7,10-13,15-20H,1,4-5H2"
4.1,4.1,"InChI=1S/C16H21NO10/c1-23-7-3-4-8-9(5-7)25-16(14(22)17(8)24-2)27-15-13(21)12(20)11(19)10(6-18)26-15/h3-5,10-13,15-16,18-21H,6H2,1-2H3"
3.15,3.15,"InChI=1S/C16H21NO3/c1-17-12-7-8-13(17)10-14(9-12)20-16(19)15(18)11-5-3-2-4-6-11/h2-6,12-15,18H,7-10H2,1H3"
3.08,3.08,"InChI=1S/C16H22N2O5/c1-23-14-10-11(5-7-13(14)19)6-8-15(20)18-9-3-2-4-12(17)16(21)22/h5-8,10,12,19H,2-4,9,17H2,1H3,(H,18,20)(H,21,22)"
3.2,3.2,"InChI=1S/C16H22O10/c1-2-7-14(24-6-8-13(21)23-4-3-16(7,8)22)26-15-12(20)11(19)10(18)9(5-17)25-15/h2,6-7,9-12,14-15,17-20,22H,1,3-5H2"
3.27,3.27,"InChI=1S/C16H24N4O4/c1-23-12-9-11(10-13(24-2)15(12)22)5-6-14(21)19-7-3-4-8-20-16(17)18/h5-6,9-10,22H,3-4,7-8H2,1-2H3,(H,19,21)(H4,17,18,20)"
2,2,"InChI=1S/C16H25N3O13/c17-12-11(13(27)19-16(28)18-12)32-15-9(26)7(24)10(4(2-21)30-15)31-14-8(25)6(23)5(22)3(1-20)29-14/h3-10,14-15,20-26H,1-2H2,(H4,17,18,19,27,28)"
7.55,7.55,"InChI=1S/C16H9NO6/c18-16(19)10-6-12-15(23-7-22-12)14-9-4-2-1-3-8(9)5-11(13(10)14)17(20)21/h1-6H,7H2,(H,18,19)"
5.96,5.96,"InChI=1S/C16H9NO7/c18-8-2-1-7-3-11(17(21)22)13-10(16(19)20)5-12-15(24-6-23-12)14(13)9(7)4-8/h1-5,18H,6H2,(H,19,20)"
4.93,4.93,"InChI=1S/C17H14N2/c1-10-14-9-18-8-7-12(14)11(2)17-16(10)13-5-3-4-6-15(13)19-17/h3-9,19H,1-2H3"
6.75,6.75,"InChI=1S/C17H14O5/c1-20-11-5-3-4-10(8-11)17-16(19)15(18)13-7-6-12(21-2)9-14(13)22-17/h3-9,19H,1-2H3"
5.71,5.71,"InChI=1S/C17H14O6/c1-21-15-11(19)8-10(18)12-13(20)17(22-2)14(23-16(12)15)9-6-4-3-5-7-9/h3-8,18-19H,1-2H3"
5.06,5.06,"InChI=1S/C17H17NO3/c19-15-6-1-13(2-7-15)5-10-17(21)18-12-11-14-3-8-16(20)9-4-14/h1-10,19-20H,11-12H2,(H,18,21)"
9.6,9.6,"InChI=1S/C17H18O3/c1-18-15-8-6-13(7-9-15)4-5-14-10-16(19-2)12-17(11-14)20-3/h4-12H,1-3H3"
7.84,7.84,"InChI=1S/C17H19NO3/c19-17(18-10-4-1-5-11-18)7-3-2-6-14-8-9-15-16(12-14)21-13-20-15/h2-3,6-9,12H,1,4-5,10-11,13H2"
6.83,6.83,"InChI=1S/C17H19NO5/c1-21-13-10-12(11-14(22-2)17(13)23-3)7-8-16(20)18-9-5-4-6-15(18)19/h4,6-8,10-11H,5,9H2,1-3H3"
3.28,3.28,"InChI=1S/C17H20O9/c1-22-11-7-10(8-12(23-2)16(11)20)5-6-14(18)26-13(17(21)25-4)9-15(19)24-3/h5-8,13,20H,9H2,1-4H3"
3.71,3.71,"InChI=1S/C17H20O9/c1-25-12-6-9(2-4-10(12)18)3-5-14(20)26-13-8-17(24,16(22)23)7-11(19)15(13)21/h2-6,11,13,15,18-19,21,24H,7-8H2,1H3,(H,22,23)"
3.54,3.54,"InChI=1S/C17H22O10/c1-24-9-5-8(6-10(25-2)13(9)20)3-4-12(19)27-17-16(23)15(22)14(21)11(7-18)26-17/h3-6,11,14-18,20-23H,7H2,1-2H3"
3.59,3.59,"InChI=1S/C17H23NO3/c1-18-13-7-8-14(18)10-15(9-13)21-17(20)16(11-19)12-5-3-2-4-6-12/h2-6,13-16,19H,7-11H2,1H3"
3.95,3.95,"InChI=1S/C17H23NO4/c1-18-12-5-6-13(18)10-14(9-12)22-17(19)11-4-7-15(20-2)16(8-11)21-3/h4,7-8,12-14H,5-6,9-10H2,1-3H3"
3.42,3.42,"InChI=1S/C17H24O10/c1-24-15(23)9-6-25-16(11-7(4-18)2-3-8(9)11)27-17-14(22)13(21)12(20)10(5-19)26-17/h2,6,8,10-14,16-22H,3-5H2,1H3"
3.84,3.84,"InChI=1S/C17H24O10/c1-3-8-9(4-5-18)10(15(23)24-2)7-25-16(8)27-17-14(22)13(21)12(20)11(6-19)26-17/h3,5,7-9,11-14,16-17,19-22H,1,4,6H2,2H3"
1.83,1.83,"InChI=1S/C17H28N2O11S/c1-2-5-31(29)7-10(16(26)27)19-12(21)4-3-9(15(24)25)18-8-17(28)14(23)13(22)11(20)6-30-17/h2,5,9-11,13-14,18,20,22-23,28H,3-4,6-8H2,1H3,(H,19,21)(H,24,25)(H,26,27)"
2.07,2.07,"InChI=1S/C17H30N2O10/c1-3-8(2)12(15(25)19-9(16(26)27)4-5-11(21)22)18-7-17(28)14(24)13(23)10(20)6-29-17/h8-10,12-14,18,20,23-24,28H,3-7H2,1-2H3,(H,19,25)(H,21,22)(H,26,27)"
4.89,4.89,"InChI=1S/C18H17NO2/c1-19-7-6-12-9-15-18(21-10-20-15)17-13-5-3-2-4-11(13)8-14(19)16(12)17/h2-5,9,14H,6-8,10H2,1H3"
4.3,4.3,"InChI=1S/C18H17NO4/c1-23-17-12-14(4-8-16(17)21)5-9-18(22)19-11-10-13-2-6-15(20)7-3-13/h2-12,20-21H,1H3,(H,19,22)"
9.21,9.21,"InChI=1S/C18H18O2/c1-3-5-13-7-9-17(19)15(11-13)16-12-14(6-4-2)8-10-18(16)20/h3-4,7-12,19-20H,1-2,5-6H2"
8.63,8.63,"InChI=1S/C18H18O2/c1-3-5-13-7-9-18(20)16(11-13)14-8-10-17(19)15(12-14)6-4-2/h3-4,7-12,19-20H,1-2,5-6H2"
6.18,6.18,"InChI=1S/C18H18O4/c19-15-5-1-3-12(8-15)7-14-11-22-18(21)17(14)10-13-4-2-6-16(20)9-13/h1-6,8-9,14,17,19-20H,7,10-11H2"
5.13,5.13,"InChI=1S/C18H19NO4/c1-23-17-12-14(4-8-16(17)21)5-9-18(22)19-11-10-13-2-6-15(20)7-3-13/h2-9,12,20-21H,10-11H2,1H3,(H,19,22)"
5.26,5.26,"InChI=1S/C18H22O4/c19-11-15(7-13-3-1-5-17(21)9-13)16(12-20)8-14-4-2-6-18(22)10-14/h1-6,9-10,15-16,19-22H,7-8,11-12H2"
3.45,3.45,"InChI=1S/C18H23NO5/c1-4-12-9-11(2)18(3,22)17(21)23-10-13-5-7-19-8-6-14(15(13)19)24-16(12)20/h4-5,14-15,22H,2,6-10H2,1,3H3"
3.8,3.8,"InChI=1S/C18H25NO5/c1-4-12-9-11(2)18(3,22)17(21)23-10-13-5-7-19-8-6-14(15(13)19)24-16(12)20/h4-5,11,14-15,22H,6-10H2,1-3H3"
3.23,3.23,"InChI=1S/C18H25NO6/c1-3-12-8-11(2)18(23,10-20)17(22)24-9-13-4-6-19-7-5-14(15(13)19)25-16(12)21/h3-4,11,14-15,20,23H,5-10H2,1-2H3"
9.37,9.37,"InChI=1S/C18H28O3/c1-2-3-7-11-16-15(13-14-17(16)19)10-8-5-4-6-9-12-18(20)21/h3,7,13-16H,2,4-6,8-12H2,1H3,(H,20,21)"
10.24,10.185,"InChI=1S/C18H30O3/c1-2-3-4-5-6-8-11-14-17(19)15-12-9-7-10-13-16-18(20)21/h6,8,11,14H,2-5,7,9-10,12-13,15-16H2,1H3,(H,20,21)"
5.25,5.25,"InChI=1S/C18H31NO3/c1-3-4-5-6-7-8-13-19-18(21)12-10-15-9-11-16(20)17(14-15)22-2/h9,11,14,18-21H,3-8,10,12-13H2,1-2H3"
4.58,4.58,"InChI=1S/C18H33N3O7S/c1-2-3-4-5-6-7-16(25)29-11-13(17(26)20-10-15(23)24)21-14(22)9-8-12(19)18(27)28/h12-13,16,25H,2-11,19H2,1H3,(H,20,26)(H,21,22)(H,23,24)(H,27,28)"
5.23,5.23,"InChI=1S/C19H16N2/c1-2-6-14-12-21-10-9-16-15-7-3-4-8-17(15)20-19(16)18(21)11-13(14)5-1/h3-4,7-12H,1-2,5-6H2"
7.77,7.77,"InChI=1S/C19H17N3O/c1-21-16-9-5-3-7-14(16)19(23)22-11-10-13-12-6-2-4-8-15(12)20-17(13)18(21)22/h2-9,18,20H,10-11H2,1H3"
6.34,6.34,"InChI=1S/C19H18N2O3/c22-18(11-14-12-20-16-9-5-4-8-15(14)16)21-17(19(23)24)10-13-6-2-1-3-7-13/h1-9,12,17,20H,10-11H2,(H,21,22)(H,23,24)"
4.38,4.38,"InChI=1S/C19H19NO5/c1-24-17-11-13(3-6-15(17)21)5-8-19(23)20-10-9-14-4-7-16(22)18(12-14)25-2/h3-12,21-22H,1-2H3,(H,20,23)"
3.38,3.38,"InChI=1S/C19H20N2O2/c1-2-11-9-21-7-6-19-14-4-3-5-15(23)17(14)20-18(19)13(10-22)12(11)8-16(19)21/h2-5,10,12,16,20,23H,6-9H2,1H3"
3.35,3.35,"InChI=1S/C19H21NO4/c1-20-5-4-10-7-15(22)19(24-3)18-12-9-16(23-2)14(21)8-11(12)6-13(20)17(10)18/h7-9,13,21-22H,4-6H2,1-3H3"
5.29,5.29,"InChI=1S/C19H21NO5/c1-24-17-7-4-14(11-16(17)22)9-10-20-19(23)8-5-13-3-6-15(21)18(12-13)25-2/h3-8,11-12,21-22H,9-10H2,1-2H3,(H,20,23)"
3.58,3.58,"InChI=1S/C19H22N2O/c1-2-11-9-21-17-8-14-12-5-3-4-6-16(12)20-19(14)18(21)7-13(11)15(17)10-22/h2-6,13,15,17-18,20,22H,7-10H2,1H3"
3.09,3.09,"InChI=1S/C19H22N2O/c1-2-13-12-21-10-8-14(13)11-18(21)19(22)16-7-9-20-17-6-4-3-5-15(16)17/h2-7,9,13-14,18-19,22H,1,8,10-12H2"
4.65,4.65,"InChI=1S/C19H22N2O/c1-2-19-9-5-10-20-11-8-14-13-6-3-4-7-15(13)21(16(22)12-19)17(14)18(19)20/h3-4,6-7,18H,2,5,8-12H2,1H3"
3.99,3.99,"InChI=1S/C19H22N2O3/c1-3-14-11-8-17-19(9-15(20-14)12(11)10-24-17)13-6-4-5-7-16(13)21(23-2)18(19)22/h4-7,11-12,15,17H,3,8-10H2,1-2H3"
3.03,3.03,"InChI=1S/C19H23NO4/c1-20-7-6-19-10-14(21)16(24-3)9-12(19)13(20)8-11-4-5-15(23-2)18(22)17(11)19/h4-5,9,12-13,22H,6-8,10H2,1-3H3"
3.81,3.81,"InChI=1S/C19H32O8/c1-10(26-18-17(25)16(24)15(23)14(9-21)27-18)4-5-13-11(8-20)6-12(22)7-19(13,2)3/h6,10,13-18,20-21,23-25H,4-5,7-9H2,1-3H3"
4.85,4.85,"InChI=1S/C20H14NO4/c1-21-8-15-12(4-5-16-20(15)25-10-22-16)13-3-2-11-6-17-18(24-9-23-17)7-14(11)19(13)21/h2-8H,9-10H2,1H3/q+1"
5.87,5.87,"InChI=1S/C20H15N3O6/c1-2-20(26)13-7-16-17-10(8-22(16)18(24)12(13)9-29-19(20)25)6-11-14(21-17)4-3-5-15(11)23(27)28/h3-7,26H,2,8-9H2,1H3"
5.77,5.77,"InChI=1S/C20H16N2O3/c1-2-13-14-8-17-18-12(7-11-5-3-4-6-16(11)21-18)9-22(17)19(23)15(14)10-25-20(13)24/h3-8,13H,2,9-10H2,1H3"
5.4,5.4,"InChI=1S/C20H16N2O4/c1-2-20(25)14-8-16-17-12(7-11-5-3-4-6-15(11)21-17)9-22(16)18(23)13(14)10-26-19(20)24/h3-8,25H,2,9-10H2,1H3"
3.01,3.01,"InChI=1S/C20H18O10/c21-9-4-12(23)10-6-16(30-20-18(27)17(26)14(25)7-28-20)19(29-15(10)5-9)8-1-2-11(22)13(24)3-8/h1-6,14,17-18,20,25-27H,7H2,(H3-,21,22,23,24)/p+1"
4.17,4.17,"InChI=1S/C20H18O11/c21-8-4-11(24)14-13(5-8)30-18(7-1-2-9(22)10(23)3-7)19(16(14)27)31-20-17(28)15(26)12(25)6-29-20/h1-5,12,15,17,20-26,28H,6H2"
3.9,3.9,"InChI=1S/C20H18O12/c21-7-3-8(22)13-12(4-7)31-18(6-1-9(23)14(26)10(24)2-6)19(16(13)28)32-20-17(29)15(27)11(25)5-30-20/h1-4,11,15,17,20-27,29H,5H2"
7.24,7.24,"InChI=1S/C20H18O4/c1-12(2)3-4-14-9-13(5-8-18(14)22)17-11-24-19-10-15(21)6-7-16(19)20(17)23/h3,5-11,21-22H,4H2,1-2H3"
7.57,7.57,"InChI=1S/C20H18O6/c1-10(2)3-4-13-15(22)6-5-12(19(13)24)14-9-26-17-8-11(21)7-16(23)18(17)20(14)25/h3,5-9,21-24H,4H2,1-2H3"
8.46,8.46,"InChI=1S/C20H18O6/c1-13(21)24-18-8-6-16(7-9-18)4-5-17-10-19(25-14(2)22)12-20(11-17)26-15(3)23/h4-12H,1-3H3"
4.36,4.36,"InChI=1S/C20H19NO5/c1-21-5-4-13-7-18-19(25-10-24-18)8-14(13)16(22)6-12-2-3-17-20(15(12)9-21)26-11-23-17/h2-3,7-8H,4-6,9-11H2,1H3"
4.52,4.525,"InChI=1S/C20H19NO5/c1-21-7-13-11(2-3-15-20(13)26-9-23-15)18-14(22)4-10-5-16-17(25-8-24-16)6-12(10)19(18)21/h2-3,5-6,14,18-19,22H,4,7-9H2,1H3"
7.58,7.58,"InChI=1S/C20H20O4/c1-12(2)8-9-14-15(21)10-18-19(20(14)23)16(22)11-17(24-18)13-6-4-3-5-7-13/h3-8,10,17,21,23H,9,11H2,1-2H3"
8.61,8.61,"InChI=1S/C20H20O4/c1-13(2)3-6-15-11-14(4-9-18(15)22)5-10-19(23)17-8-7-16(21)12-20(17)24/h3-5,7-12,21-22,24H,6H2,1-2H3"
8.93,8.93,"InChI=1S/C20H20O4/c1-13(2)3-9-16-19(23)12-10-17(20(16)24)18(22)11-6-14-4-7-15(21)8-5-14/h3-8,10-12,21,23-24H,9H2,1-2H3"
8.11,8.11,"InChI=1S/C20H20O5/c1-11(2)3-4-12-7-13(5-6-15(12)22)18-10-17(24)20-16(23)8-14(21)9-19(20)25-18/h3,5-9,18,21-23H,4,10H2,1-2H3"
7.51,7.51,"InChI=1S/C20H20O5/c1-11(2)3-5-14-17(22)8-7-15-19(24)16(10-25-20(14)15)13-6-4-12(21)9-18(13)23/h3-4,6-9,16,21-23H,5,10H2,1-2H3"
8.76,8.76,"InChI=1S/C20H20O5/c1-11(2)3-8-14-15(22)9-16(23)19-17(24)10-18(25-20(14)19)12-4-6-13(21)7-5-12/h3-7,9,18,21-23H,8,10H2,1-2H3"
8.35,8.35,"InChI=1S/C20H20O5/c1-11(2)4-6-14-17(23)10-19-15(20(14)24-3)9-18(25-19)13-7-5-12(21)8-16(13)22/h4-5,7-10,21-23H,6H2,1-3H3"
7.75,7.75,"InChI=1S/C20H20O6/c1-10(2)3-4-11-5-12(6-16(24)20(11)25)17-9-15(23)19-14(22)7-13(21)8-18(19)26-17/h3,5-8,17,21-22,24-25H,4,9H2,1-2H3"
7.04,7.04,"InChI=1S/C20H20O6/c1-10(2)3-5-13-16(23)8-17(24)18-19(25)14(9-26-20(13)18)12-6-4-11(21)7-15(12)22/h3-4,6-8,14,21-24H,5,9H2,1-2H3"
4.89,4.89,"InChI=1S/C20H21NO4/c1-21-5-4-11-7-17(22-2)20(23-3)19-13-9-16-15(24-10-25-16)8-12(13)6-14(21)18(11)19/h7-9,14H,4-6,10H2,1-3H3"
4.49,4.49,"InChI=1S/C20H21NO4/c1-22-17-6-5-13(10-18(17)23-2)9-16-15-12-20(25-4)19(24-3)11-14(15)7-8-21-16/h5-8,10-12H,9H2,1-4H3"
3.58,3.58,"InChI=1S/C20H22N2O/c1-3-19-11-22(2)16-9-20(19)13-6-4-5-7-15(13)21-18(20)17-8-14(19)12(16)10-23-17/h3-7,12,14,16-17H,1,8-11H2,2H3"
4.42,4.42,"InChI=1S/C20H22N2O2/c1-3-10-8-22-16-7-13(10)14-9-24-20(19(14)22)17-12-5-4-11(23-2)6-15(12)21-18(16)17/h3-6,13-14,16,19-21H,7-9H2,1-2H3"
3.21,3.21,"InChI=1S/C20H22N2O2/c1-3-19-10-22(2)16-11-9-24-15(8-13(11)19)20(17(16)19)12-6-4-5-7-14(12)21-18(20)23/h3-7,11,13,15-17H,1,8-10H2,2H3,(H,21,23)"
3.6,3.6,"InChI=1S/C20H22N2O3/c1-24-11-2-3-12-15(6-11)21-18-16-7-13-10(4-5-23)8-22(16)19-14(13)9-25-20(19)17(12)18/h2-4,6,13-14,16,19-21,23H,5,7-9H2,1H3"
5.96,5.96,"InChI=1S/C20H22O6/c1-24-18-9-12(3-5-16(18)21)7-14-11-26-20(23)15(14)8-13-4-6-17(22)19(10-13)25-2/h3-6,9-10,14-15,21-22H,7-8,11H2,1-2H3"
4.05,4.05,"InChI=1S/C20H22O8/c21-10-16-17(24)18(25)19(26)20(28-16)27-15-8-12(7-14(23)9-15)2-1-11-3-5-13(22)6-4-11/h1-9,16-26H,10H2"
3.92,3.92,"InChI=1S/C20H23NO4/c1-21-8-7-12-10-15(24-3)20(25-4)18-16(12)13(21)9-11-5-6-14(23-2)19(22)17(11)18/h5-6,10,13,22H,7-9H2,1-4H3"
3.68,3.68,"InChI=1S/C20H24N2O2/c1-3-11-9-22-18-8-15-13-5-4-12(24-2)6-17(13)21-20(15)19(22)7-14(11)16(18)10-23/h3-6,14,16,18-19,21,23H,7-10H2,1-2H3"
4.92,4.92,"InChI=1S/C20H24N2O2/c1-3-12-13-8-10-22-11-9-20(18(12)22)14-6-4-5-7-15(14)21-17(20)16(13)19(23)24-2/h4-7,12-13,18,21H,3,8-11H2,1-2H3"
3.31,3.31,"InChI=1S/C20H24N2O2/c1-3-13-12-22-9-7-14(13)10-19(22)20(23)16-6-8-21-18-5-4-15(24-2)11-17(16)18/h3-6,8,11,13-14,19-20,23H,1,7,9-10,12H2,2H3"
3.82,3.82,"InChI=1S/C20H24N2O3/c23-17-6-5-11-10-22-8-7-13-12-3-1-2-4-15(12)21-19(13)16(22)9-14(11)18(17)20(24)25/h1-4,11,14,16-18,21,23H,5-10H2,(H,24,25)"
5.36,5.36,"InChI=1S/C20H24O10/c1-6-12(23)28-11-9(21)18-8-5-7(16(2,3)4)17(18)10(22)13(24)29-15(17)30-20(18,14(25)27-8)19(6,11)26/h6-11,15,21-22,26H,5H2,1-4H3"
4.33,4.33,"InChI=1S/C20H24O11/c1-5-12(24)28-11-8(22)18-10-6(21)7(16(2,3)4)17(18)9(23)13(25)30-15(17)31-20(18,14(26)29-10)19(5,11)27/h5-11,15,21-23,27H,1-4H3"
4.13,4.13,"InChI=1S/C20H26N2O2/c1-3-10-11-8-14-17-20(12-6-4-5-7-13(12)21(17)2)9-15(16(11)18(20)23)22(14)19(10)24/h4-7,10-11,14-19,23-24H,3,8-9H2,1-2H3"
4.76,4.76,"InChI=1S/C20H26O6/c1-25-19-9-13(3-5-17(19)23)7-15(11-21)16(12-22)8-14-4-6-18(24)20(10-14)26-2/h3-6,9-10,15-16,21-24H,7-8,11-12H2,1-2H3"
3.32,3.32,"InChI=1S/C20H27NO11/c21-6-10(9-4-2-1-3-5-9)30-20-18(28)16(26)14(24)12(32-20)8-29-19-17(27)15(25)13(23)11(7-22)31-19/h1-5,10-20,22-28H,7-8H2"
3.07,3.07,"InChI=1S/C20H27NO3/c1-8-3-19-6-10-15-18(2)4-9(22)5-20(15)16(19)14(24)11(8)13(23)12(19)17(20)21(10)7-18/h9-17,22-24H,1,3-7H2,2H3"
3.16,3.16,"InChI=1S/C20H28N2O10/c23-14-9-32-20(31,17(27)16(14)26)10-21-12(6-7-15(24)25)18(28)22-13(19(29)30)8-11-4-2-1-3-5-11/h1-5,12-14,16-17,21,23,26-27,31H,6-10H2,(H,22,28)(H,24,25)(H,29,30)"
5.48,5.48,"InChI=1S/C20H32O18/c1-4(23)33-15-14(37-19-10(27)9(26)7(24)5(2-21)35-19)12(29)20(38-16(15)17(30)31)36-13-8(25)6(3-22)34-18(32)11(13)28/h5-16,18-22,24-29,32H,2-3H2,1H3,(H,30,31)"
2.4,2.4,"InChI=1S/C20H33N3O13S/c1-9(18(31)32)6-37-7-11(17(30)21-4-14(26)27)23-13(25)3-2-10(19(33)34)22-8-20(35)16(29)15(28)12(24)5-36-20/h9-12,15-16,22,24,28-29,35H,2-8H2,1H3,(H,21,30)(H,23,25)(H,26,27)(H,31,32)(H,33,34)"
2.24,2.24,"InChI=1S/C20H35N3/c1-3-9-21-18(8-1)20-13-16(12-15-6-5-10-22-19(15)20)17-7-2-4-11-23(17)14-20/h15-19,21-22H,1-14H2"
8.93,8.93,"InChI=1S/C21H14O7/c1-23-19-12-5-13-14(7-24-21(13)22)18(11(12)6-17-20(19)28-9-27-17)10-2-3-15-16(4-10)26-8-25-15/h2-6H,7-9H2,1H3"
5.3,5.3,"InChI=1S/C21H18NO4/c1-22-10-16-13(6-7-17(23-2)21(16)24-3)14-5-4-12-8-18-19(26-11-25-18)9-15(12)20(14)22/h4-10H,11H2,1-3H3/q+1"
4.38,4.38,"InChI=1S/C21H18O10/c22-7-14-16(24)17(25)18(26)21(31-14)28-9-2-4-11-13(6-9)30-20(27)15-10-3-1-8(23)5-12(10)29-19(11)15/h1-6,14,16-18,21-26H,7H2"
4.49,4.49,"InChI=1S/C21H18O11/c22-9-6-10(8-4-2-1-3-5-8)30-11-7-12(14(23)15(24)13(9)11)31-21-18(27)16(25)17(26)19(32-21)20(28)29/h1-7,16-19,21,23-27H,(H,28,29)"
4.34,4.34,"InChI=1S/C21H18O12/c22-8-3-1-7(2-4-8)17-18(13(25)12-10(24)5-9(23)6-11(12)31-17)32-21-16(28)14(26)15(27)19(33-21)20(29)30/h1-6,14-16,19,21-24,26-28H,(H,29,30)"
6.19,6.19,"InChI=1S/C21H19N3O3/c25-20(10-14-12-23-18-8-4-2-6-16(14)18)24-19(21(26)27)9-13-11-22-17-7-3-1-5-15(13)17/h1-8,11-12,19,22-23H,9-10H2,(H,24,25)(H,26,27)"
5.28,5.28,"InChI=1S/C21H20O10/c1-8-15(24)17(26)19(28)21(29-8)30-11-6-12(23)14-13(7-11)31-20(18(27)16(14)25)9-2-4-10(22)5-3-9/h2-8,15,17,19,21-24,26-28H,1H3"
3.95,3.95,"InChI=1S/C21H20O10/c22-7-14-17(26)19(28)20(29)21(31-14)16-11(25)6-13-15(18(16)27)10(24)5-12(30-13)8-1-3-9(23)4-2-8/h1-6,14,17,19-23,25-29H,7H2"
3.12,3.12,"InChI=1S/C21H20O10/c22-8-16-17(26)18(27)19(28)21(31-16)30-15-7-12-13(25)5-11(24)6-14(12)29-20(15)9-1-3-10(23)4-2-9/h1-7,16-19,21-22,26-28H,8H2,(H2-,23,24,25)/p+1"
4.16,4.18,"InChI=1S/C21H20O10/c22-8-16-18(26)19(27)20(28)21(31-16)29-11-5-12(24)17-13(25)7-14(30-15(17)6-11)9-1-3-10(23)4-2-9/h1-7,16,18-24,26-28H,8H2"
3.59,3.59,"InChI=1S/C21H20O11/c22-6-14-17(27)19(29)20(30)21(32-14)16-11(26)5-13-15(18(16)28)10(25)4-12(31-13)7-1-2-8(23)9(24)3-7/h1-5,14,17,19-24,26-30H,6H2"
4.37,4.37,"InChI=1S/C21H20O11/c22-7-13-15(26)17(28)18(29)21(31-13)32-20-16(27)14-11(25)5-10(24)6-12(14)30-19(20)8-1-3-9(23)4-2-8/h1-6,13,15,17-18,21-26,28-29H,7H2"
4.19,4.13,"InChI=1S/C21H20O11/c22-7-14-17(26)19(28)20(29)21(32-14)31-13-6-12-15(18(27)16(13)25)10(24)5-11(30-12)8-1-3-9(23)4-2-8/h1-6,14,17,19-23,25-29H,7H2"
2.91,2.91,"InChI=1S/C21H20O11/c22-7-16-17(27)18(28)19(29)21(32-16)31-15-6-10-12(25)4-9(23)5-14(10)30-20(15)8-1-2-11(24)13(26)3-8/h1-6,16-19,21-22,27-29H,7H2,(H3-,23,24,25,26)/p+1"
4.45,4.45,"InChI=1S/C21H20O11/c22-7-16-18(27)19(28)20(29)21(32-16)31-13-2-1-8(3-10(13)24)14-6-12(26)17-11(25)4-9(23)5-15(17)30-14/h1-6,16,18-25,27-29H,7H2"
4.51,4.51,"InChI=1S/C21H20O12/c22-6-13-15(26)17(28)19(30)21(33-13)32-11-2-1-7(3-9(11)24)20-18(29)16(27)14-10(25)4-8(23)5-12(14)31-20/h1-5,13,15,17,19,21-26,28-30H,6H2"
4.03,4.03,"InChI=1S/C21H20O12/c22-6-13-15(27)17(29)18(30)21(32-13)33-20-16(28)14-11(26)4-8(23)5-12(14)31-19(20)7-1-2-9(24)10(25)3-7/h1-5,13,15,17-18,21-27,29-30H,6H2"
2.61,2.61,"InChI=1S/C21H20O12/c22-6-15-17(28)18(29)19(30)21(33-15)32-14-5-9-10(24)3-8(23)4-13(9)31-20(14)7-1-11(25)16(27)12(26)2-7/h1-5,15,17-19,21-22,28-30H,6H2,(H4-,23,24,25,26,27)/p+1"
4.64,4.64,"InChI=1S/C21H20O13/c22-5-11-13(27)15(29)17(31)21(32-11)34-19-10(26)4-9(25)12-14(28)16(30)18(33-20(12)19)6-1-2-7(23)8(24)3-6/h1-4,11,13,15,17,21-27,29-31H,5H2"
3.72,3.72,"InChI=1S/C21H20O13/c22-5-11-14(26)17(29)19(31)21(34-11)33-10-4-9-12(15(27)13(10)25)16(28)18(30)20(32-9)6-1-2-7(23)8(24)3-6/h1-4,11,14,17,19,21-27,29-31H,5H2"
8.02,8.02,"InChI=1S/C21H20O5/c1-12(2)4-9-15-17(22)10-18-19(20(15)23)21(24)16(11-26-18)13-5-7-14(25-3)8-6-13/h4-8,10-11,22-23H,9H2,1-3H3"
7.01,7.01,"InChI=1S/C21H20O6/c1-11(2)4-6-14-18(24)10-19-16(20(14)26-3)9-15(21(25)27-19)13-7-5-12(22)8-17(13)23/h4-5,7-10,22-24H,6H2,1-3H3"
3.27,3.27,"InChI=1S/C21H20O9/c22-7-14-17(26)18(27)19(28)21(30-14)15-13(24)6-5-11-16(25)12(8-29-20(11)15)9-1-3-10(23)4-2-9/h1-6,8,14,17-19,21-24,26-28H,7H2"
3.65,3.65,"InChI=1S/C21H20O9/c22-8-16-18(25)19(26)20(27)21(30-16)29-12-5-6-13-15(7-12)28-9-14(17(13)24)10-1-3-11(23)4-2-10/h1-7,9,16,18-23,25-27H,8H2"
4.65,4.65,"InChI=1S/C21H21NO6/c1-22-6-5-11-7-15-16(26-9-25-15)8-13(11)19-18(22)12-3-4-14-20(27-10-24-14)17(12)21(23-2)28-19/h3-4,7-8,18-19,21H,5-6,9-10H2,1-2H3"
4.21,4.21,"InChI=1S/C21H21NO6/c1-22-7-6-11-8-15-16(27-10-26-15)9-13(11)18(22)19-12-4-5-14(24-2)20(25-3)17(12)21(23)28-19/h4-5,8-9,18-19H,6-7,10H2,1-3H3"
3.46,3.46,"InChI=1S/C21H22N2O2/c24-18-10-16-19-13-9-17-21(6-7-22(17)11-12(13)5-8-25-16)14-3-1-2-4-15(14)23(18)20(19)21/h1-5,13,16-17,19-20H,6-11H2"
4.96,4.96,"InChI=1S/C21H22NO4/c1-23-18-6-5-13-9-17-15-11-20(25-3)19(24-2)10-14(15)7-8-22(17)12-16(13)21(18)26-4/h5-6,9-12H,7-8H2,1-4H3/q+1"
3.04,3.04,"InChI=1S/C21H22O10/c22-7-14-17(27)18(28)19(29)21(31-14)16-11(25)5-10(24)15-12(26)6-13(30-20(15)16)8-1-3-9(23)4-2-8/h1-5,13-14,17-19,21-25,27-29H,6-7H2"
4.52,4.52,"InChI=1S/C21H22O10/c22-8-16-18(26)19(27)20(28)21(31-16)29-11-5-12(24)17-13(25)7-14(30-15(17)6-11)9-1-3-10(23)4-2-9/h1-6,14,16,18-24,26-28H,7-8H2"
3.47,3.47,"InChI=1S/C21H22O11/c22-7-15-16(26)18(28)19(29)21(32-15)31-13-4-2-9-11(24)6-14(30-20(9)17(13)27)8-1-3-10(23)12(25)5-8/h1-5,14-16,18-19,21-23,25-29H,6-7H2"
4.09,4.09,"InChI=1S/C21H22O11/c22-7-16-18(27)19(28)20(29)21(32-16)30-9-4-12(25)17-13(26)6-14(31-15(17)5-9)8-1-2-10(23)11(24)3-8/h1-5,14,16,18-25,27-29H,6-7H2"
4.1,4.1,"InChI=1S/C21H22O11/c22-8-15-18(28)19(29)20(30)21(32-15)31-14-6-3-10(16(26)17(14)27)11(23)4-1-9-2-5-12(24)13(25)7-9/h1-7,15,18-22,24-30H,8H2"
9.06,9.06,"InChI=1S/C21H22O5/c1-13(2)4-10-16-18(24)12-19(26-3)20(21(16)25)17(23)11-7-14-5-8-15(22)9-6-14/h4-9,11-12,22,24-25H,10H2,1-3H3"
7.49,7.49,"InChI=1S/C21H22O5/c1-13(2)4-8-16-18(23)10-6-14(21(16)26-3)5-9-17(22)15-7-11-19(24)20(25)12-15/h4-7,9-12,23-25H,8H2,1-3H3"
4.08,4.08,"InChI=1S/C21H22O9/c22-9-17-18(25)19(26)20(27)21(30-17)28-12-4-1-10(2-5-12)15-8-14(24)13-6-3-11(23)7-16(13)29-15/h1-7,15,17-23,25-27H,8-9H2"
5.04,5.04,"InChI=1S/C21H24N2O2/c1-3-14-10-13-11-21(20(24)25-2)18-16(8-9-23(12-13)19(14)21)15-6-4-5-7-17(15)22-18/h4-7,10,13,19,22H,3,8-9,11-12H2,1-2H3"
5.2,5.2,"InChI=1S/C21H24N2O2/c1-3-20-9-6-11-23-12-10-21(19(20)23)15-7-4-5-8-16(15)22-17(21)14(13-20)18(24)25-2/h4-9,19,22H,3,10-13H2,1-2H3"
4.87,4.87,"InChI=1S/C21H24N2O3/c1-12-16-10-23-8-7-14-13-5-3-4-6-18(13)22-20(14)19(23)9-15(16)17(11-26-12)21(24)25-2/h3-6,11-12,15-16,19,22H,7-10H2,1-2H3"
4.26,4.26,"InChI=1S/C21H24N2O3/c1-3-20-10-6-11-22-12-9-15-14-7-4-5-8-16(14)23(17(15)18(20)22)21(25,13-20)19(24)26-2/h4-8,10,18,25H,3,9,11-13H2,1-2H3"
4.05,4.05,"InChI=1S/C21H24N2O3/c1-4-20-11-22(2)17-12-10-26-16(9-14(12)20)21(18(17)20)13-7-5-6-8-15(13)23(25-3)19(21)24/h4-8,12,14,16-18H,1,9-11H2,2-3H3"
6.63,6.63,"InChI=1S/C21H24O6/c1-24-18-7-5-13(11-20(18)26-3)8-15-12-27-21(23)16(15)9-14-4-6-17(22)19(10-14)25-2/h4-7,10-11,15-16,22H,8-9,12H2,1-3H3"
4.24,4.24,"InChI=1S/C21H26N2O2/c1-13-19-8-5-10-23-11-9-20(18(19)23)14-6-3-4-7-16(14)22-21(13,20)15(12-19)17(24)25-2/h3-4,6-7,13,15,18,22H,5,8-12H2,1-2H3"
3.92,3.92,"InChI=1S/C21H26N2O2/c1-25-17(24)15-13-19-7-4-11-23-12-10-20(18(19)23)14-5-2-3-6-16(14)22-21(15,20)9-8-19/h2-3,5-6,15,18,22H,4,7-13H2,1H3"
4.55,4.55,"InChI=1S/C21H26N2O3/c1-12(25-2)16-13-8-10-23-11-9-21(19(16)23)14-6-4-5-7-15(14)22-18(21)17(13)20(24)26-3/h4-7,12-13,16,19,22H,8-11H2,1-3H3"
4.18,4.18,"InChI=1S/C21H26N2O3/c1-26-17(24)15-13-19-7-4-11-23(25)12-10-20(18(19)23)14-5-2-3-6-16(14)22-21(15,20)9-8-19/h2-3,5-6,15,18,22H,4,7-13H2,1H3"
4.35,4.35,"InChI=1S/C21H26N2O3/c1-26-21(25)19-15-10-17-20-14(13-4-2-3-5-16(13)22-20)8-9-23(17)11-12(15)6-7-18(19)24/h2-5,12,15,17-19,22,24H,6-11H2,1H3"
4.5,4.5,"InChI=1S/C21H26N2O3/c1-3-20-10-6-11-22-12-9-15-14-7-4-5-8-16(14)23(17(15)18(20)22)21(25,13-20)19(24)26-2/h4-5,7-8,18,25H,3,6,9-13H2,1-2H3"
4.63,4.63,"InChI=1S/C21H26N2O3/c1-4-13-11-22(2)18-10-21(19-9-14(13)15(18)12-26-19)16-7-5-6-8-17(16)23(25-3)20(21)24/h4-8,14-15,18-19H,9-12H2,1-3H3"
4.26,4.26,"InChI=1S/C21H27NO4/c1-22-9-8-15-12-20(25-4)21(26-5)13-16(15)17(22)10-14-6-7-18(23-2)19(11-14)24-3/h6-7,11-13,17H,8-10H2,1-5H3"
10.02,10.02,"InChI=1S/C21H44NO7P/c1-2-3-4-5-6-7-8-9-10-11-12-13-14-15-21(24)27-18-20(23)19-29-30(25,26)28-17-16-22/h20,23H,2-19,22H2,1H3,(H,25,26)"
8.82,8.82,"InChI=1S/C22H16O7/c1-2-24-22-19-13(21(23)29-22)7-11-4-6-15-20(28-10-26-15)18(11)17(19)12-3-5-14-16(8-12)27-9-25-14/h3-8,22H,2,9-10H2,1H3"
3.46,3.46,"InChI=1S/C22H18O11/c23-10-5-12(24)11-7-18(33-22(31)9-3-15(27)20(30)16(28)4-9)21(32-17(11)6-10)8-1-13(25)19(29)14(26)2-8/h1-6,18,21,23-30H,7H2"
5.4,5.4,"InChI=1S/C22H20N2O6/c1-3-22(29,21(27)28)16-9-18-19-14(8-13-6-4-5-7-17(13)23-19)10-24(18)20(26)15(16)11-30-12(2)25/h4-9,29H,3,10-11H2,1-2H3,(H,27,28)"
4.6,4.6,"InChI=1S/C22H20O12/c1-31-13-3-2-8(4-10(13)23)14-7-12(25)16-11(24)5-9(6-15(16)33-14)32-22-19(28)17(26)18(27)20(34-22)21(29)30/h2-7,17-20,22-24,26-28H,1H3,(H,29,30)"
5.27,5.27,"InChI=1S/C22H22NO4/c1-13-16-11-21(26-4)20(25-3)10-15(16)8-18-17-12-22(27-5)19(24-2)9-14(17)6-7-23(13)18/h6-12H,1-5H3/q+1"
5.73,5.73,"InChI=1S/C22H22O10/c1-29-11-4-2-10(3-5-11)13-9-30-15-7-12(6-14(24)17(15)18(13)25)31-22-21(28)20(27)19(26)16(8-23)32-22/h2-7,9,16,19-24,26-28H,8H2,1H3"
4.08,4.08,"InChI=1S/C22H22O10/c1-30-13-7-14-16(11(25)6-12(31-14)9-2-4-10(24)5-3-9)19(27)17(13)22-21(29)20(28)18(26)15(8-23)32-22/h2-7,15,18,20-24,26-29H,8H2,1H3"
3.19,3.155,"InChI=1S/C22H22O11/c1-30-15-4-9(2-3-12(15)25)21-16(7-11-13(26)5-10(24)6-14(11)31-21)32-22-20(29)19(28)18(27)17(8-23)33-22/h2-7,17-20,22-23,27-29H,8H2,1H3,(H2-,24,25,26)/p+1"
3.72,3.72,"InChI=1S/C22H22O11/c1-8-16(25)18(27)20(29)22(31-8)32-10-6-12(24)15-14(7-10)33-21(19(28)17(15)26)9-3-4-11(23)13(5-9)30-2/h3-8,16,18,20,22-25,27-29H,1-2H3"
3.21,3.21,"InChI=1S/C22H22O12/c1-31-14-3-8(2-12(26)17(14)27)21-15(6-10-11(25)4-9(24)5-13(10)32-21)33-22-20(30)19(29)18(28)16(7-23)34-22/h2-6,16,18-20,22-23,28-30H,7H2,1H3,(H3-,24,25,26,27)/p+1"
4.58,4.58,"InChI=1S/C22H22O13/c1-32-21-11(34-22-19(31)17(29)14(26)12(6-23)35-22)5-10-13(16(21)28)15(27)18(30)20(33-10)7-2-3-8(24)9(25)4-7/h2-5,12,14,17,19,22-26,28-31H,6H2,1H3"
6.26,6.26,"InChI=1S/C22H22O8/c1-25-16-4-10(5-17(26-2)21(16)27-3)18-11-6-14-15(30-9-29-14)7-12(11)20(23)13-8-28-22(24)19(13)18/h4-7,13,18-20,23H,8-9H2,1-3H3"
5.42,5.23,"InChI=1S/C22H22O9/c1-28-12-4-2-11(3-5-12)15-10-29-16-8-13(6-7-14(16)18(15)24)30-22-21(27)20(26)19(25)17(9-23)31-22/h2-8,10,17,19-23,25-27H,9H2,1H3"
5.15,5.15,"InChI=1S/C22H23NO6/c1-3-24-22-18-13(4-5-15-21(18)28-11-25-15)19-20(29-22)14-9-17-16(26-10-27-17)8-12(14)6-7-23(19)2/h4-5,8-9,19-20,22H,3,6-7,10-11H2,1-2H3"
5.19,5.19,"InChI=1S/C22H24NO4/c1-13-15-6-7-18(24-2)22(27-5)17(15)12-23-9-8-14-10-19(25-3)20(26-4)11-16(14)21(13)23/h6-7,10-12H,8-9H2,1-5H3/q+1"
5.68,5.68,"InChI=1S/C22H26N2O3/c1-4-14-12-24-10-9-16-15-7-5-6-8-19(15)23-21(16)20(24)11-17(14)18(13-26-2)22(25)27-3/h4-8,13-14,17,20,23H,1,9-12H2,2-3H3"
3.61,3.61,"InChI=1S/C22H26N2O5/c1-27-18(25)21(26)11-19-5-2-9-24-10-8-20(17(19)24)13-3-4-14-16(29-12-28-14)15(13)23-22(20,21)7-6-19/h3-4,17,23,26H,2,5-12H2,1H3"
2.57,2.57,"InChI=1S/C22H26N4/c1-25-13-11-22-16-8-4-5-9-17(16)23-19(25)21(22)12-14-26(2)20(22)24-18-10-6-3-7-15(18)21/h3-10,19-20,23-24H,11-14H2,1-2H3"
4.86,4.86,"InChI=1S/C22H27NO4/c1-13-15-6-7-18(24-2)22(27-5)17(15)12-23-9-8-14-10-19(25-3)20(26-4)11-16(14)21(13)23/h6-7,10-11,13,21H,8-9,12H2,1-5H3"
5.85,5.85,"InChI=1S/C22H28N2O3/c1-4-14-12-24-10-9-16-15-7-5-6-8-19(15)23-21(16)20(24)11-17(14)18(13-26-2)22(25)27-3/h5-8,13-14,17,20,23H,4,9-12H2,1-3H3"
4.61,4.61,"InChI=1S/C22H28N2O4/c1-12(25)16-8-13-10-22(21(26)28-3)19-15(6-7-24(11-13)20(16)22)17-9-14(27-2)4-5-18(17)23-19/h4-5,9,12-13,16,20,23,25H,6-8,10-11H2,1-3H3"
4.9,4.9,"InChI=1S/C22H28N2O4/c1-4-14-12-24-10-9-22(17-7-5-6-8-18(17)23-21(22)26)19(24)11-15(14)16(13-27-2)20(25)28-3/h5-8,13-15,19H,4,9-12H2,1-3H3,(H,23,26)"
4.01,4.01,"InChI=1S/C22H28N2O4/c1-4-14-9-13-11-21(20(25)28-3)18(14)24(12-13)8-7-22(26)16-10-15(27-2)5-6-17(16)23-19(21)22/h5-6,10,13-14,18,26H,4,7-9,11-12H2,1-3H3"
3.89,3.89,"InChI=1S/C22H28N2O5/c1-28-12-3-4-13-14-5-6-24-10-11-7-18(25)21(29-2)19(22(26)27)15(11)9-17(24)20(14)23-16(13)8-12/h3-4,8,11,15,17-19,21,23,25H,5-7,9-10H2,1-2H3,(H,26,27)"
3.03,3.03,"InChI=1S/C22H29NO5/c1-9-4-20-7-12-15-19(3)5-11(28-10(2)24)6-21(15)16(20)14(25)13(9)17(26)22(20,27)18(21)23(12)8-19/h11-18,25-27H,1,4-8H2,2-3H3"
3.05,3.05,"InChI=1S/C22H33NO3/c1-4-23-10-20(3)6-5-17(25)22-15(20)7-13(18(22)23)21-9-12(11(2)19(21)26)14(24)8-16(21)22/h12-19,24-26H,2,4-10H2,1,3H3"
2.89,2.89,"InChI=1S/C22H35NO4/c1-4-23-10-20(2)6-5-16(24)22-12-7-11-14(27-3)9-21(26,17(12)18(11)25)13(19(22)23)8-15(20)22/h11-19,24-26H,4-10H2,1-3H3"
4.57,4.57,"InChI=1S/C23H22O10/c1-11(24)30-10-18-20(27)21(28)22(29)23(33-18)32-14-6-7-15-17(8-14)31-9-16(19(15)26)12-2-4-13(25)5-3-12/h2-9,18,20-23,25,27-29H,10H2,1H3"
5.14,5.14,"InChI=1S/C23H22O11/c1-10(24)31-9-18-20(28)21(29)22(30)23(34-18)32-13-6-14(26)19-15(27)8-16(33-17(19)7-13)11-2-4-12(25)5-3-11/h2-8,18,20-23,25-26,28-30H,9H2,1H3"
4.54,4.54,"InChI=1S/C23H22O13/c1-32-14-3-8(4-15(33-2)17(14)26)12-7-11(25)16-10(24)5-9(6-13(16)35-12)34-23-20(29)18(27)19(28)21(36-23)22(30)31/h3-7,18-21,23-24,26-29H,1-2H3,(H,30,31)"
4.42,4.42,"InChI=1S/C23H22O13/c1-8(24)33-7-15-17(29)19(31)20(32)23(35-15)36-22-18(30)16-13(28)5-10(25)6-14(16)34-21(22)9-2-3-11(26)12(27)4-9/h2-6,15,17,19-20,23,25-29,31-32H,7H2,1H3"
5.05,5.05,"InChI=1S/C23H24O10/c1-29-12-5-3-11(4-6-12)14-10-31-15-8-17(16(30-2)7-13(15)19(14)25)32-23-22(28)21(27)20(26)18(9-24)33-23/h3-8,10,18,20-24,26-28H,9H2,1-2H3"
4.21,4.21,"InChI=1S/C23H24O11/c1-31-13-5-9(3-4-10(13)25)12-6-11(26)17-15(33-12)7-14(32-2)18(20(17)28)23-22(30)21(29)19(27)16(8-24)34-23/h3-7,16,19,21-25,27-30H,8H2,1-2H3"
3.23,3.195,"InChI=1S/C23H24O12/c1-31-14-3-9(4-15(32-2)18(14)27)22-16(7-11-12(26)5-10(25)6-13(11)33-22)34-23-21(30)20(29)19(28)17(8-24)35-23/h3-7,17,19-21,23-24,28-30H,8H2,1-2H3,(H2-,25,26,27)/p+1"
4.57,4.57,"InChI=1S/C23H24O12/c1-31-15-3-9(4-16(32-2)19(15)27)13-7-12(26)18-11(25)5-10(6-14(18)34-13)33-23-22(30)21(29)20(28)17(8-24)35-23/h3-7,17,20-25,27-30H,8H2,1-2H3"
4.36,4.36,"InChI=1S/C23H24O13/c1-32-12-3-8(4-13(33-2)16(12)27)21-22(18(29)15-10(26)5-9(25)6-11(15)34-21)36-23-20(31)19(30)17(28)14(7-24)35-23/h3-6,14,17,19-20,23-28,30-31H,7H2,1-2H3"
3.82,3.82,"InChI=1S/C23H28N2O5/c1-26-6-5-12-10-25-15-9-23-18(25)7-13(12)14(15)11-30-22(23)24-20-16(27-2)8-17(28-3)21(29-4)19(20)23/h5,8,13-15,18H,6-7,9-11H2,1-4H3"
4.48,4.48,"InChI=1S/C23H28N2O6/c1-12-14-10-25-8-7-23(18(25)9-13(14)15(11-31-12)21(26)30-4)16-5-6-17(28-2)20(29-3)19(16)24-22(23)27/h5-6,11-14,18H,7-10H2,1-4H3,(H,24,27)"
5.54,5.54,"InChI=1S/C23H30N2O4/c1-5-14-12-25-10-9-15-21-18(7-6-8-20(21)28-3)24-22(15)19(25)11-16(14)17(13-27-2)23(26)29-4/h6-8,13-14,16,19,24H,5,9-12H2,1-4H3"
4.26,4.26,"InChI=1S/C23H30N2O5/c1-5-14-12-25-10-9-23(27)20-17(7-6-8-19(20)29-3)24-21(23)18(25)11-15(14)16(13-28-2)22(26)30-4/h6-8,13-15,18,27H,5,9-12H2,1-4H3"
2.91,2.91,"InChI=1S/C23H37NO5/c1-4-24-10-21(11-28-2)6-5-17(25)23-13-7-12-15(29-3)9-22(27,18(13)19(12)26)14(20(23)24)8-16(21)23/h12-20,25-27H,4-11H2,1-3H3"
8.73,8.73,"InChI=1S/C23H42NO7P/c1-2-3-4-5-6-7-8-9-10-11-12-13-14-15-16-17-23(26)31-22(20-25)21-30-32(27,28)29-19-18-24/h6-7,9-10,12-13,22,25H,2-5,8,11,14-21,24H2,1H3,(H,27,28)"
9.24,9.24,"InChI=1S/C23H44NO7P/c1-2-3-4-5-6-7-8-9-10-11-12-13-14-15-16-17-23(26)29-20-22(25)21-31-32(27,28)30-19-18-24/h6-7,9-10,22,25H,2-5,8,11-21,24H2,1H3,(H,27,28)"
10.23,10.225000000000001,"InChI=1S/C23H46NO7P/c1-2-3-4-5-6-7-8-9-10-11-12-13-14-15-16-17-23(26)29-20-22(25)21-31-32(27,28)30-19-18-24/h9-10,22,25H,2-8,11-21,24H2,1H3,(H,27,28)"
4.1,4.1,"InChI=1S/C24H22O12/c25-12-3-1-11(2-4-12)15-9-33-16-7-13(5-6-14(16)20(15)29)35-24-23(32)22(31)21(30)17(36-24)10-34-19(28)8-18(26)27/h1-7,9,17,21-25,30-32H,8,10H2,(H,26,27)"
4.89,4.89,"InChI=1S/C24H22O13/c25-11-3-1-10(2-4-11)13-8-34-15-6-12(5-14(26)19(15)20(13)30)36-24-23(33)22(32)21(31)16(37-24)9-35-18(29)7-17(27)28/h1-6,8,16,21-26,31-33H,7,9H2,(H,27,28)"
5.16,5.16,"InChI=1S/C24H22O13/c25-11-3-1-10(2-4-11)15-7-14(27)20-13(26)5-12(6-16(20)36-15)35-24-23(33)22(32)21(31)17(37-24)9-34-19(30)8-18(28)29/h1-7,17,21-26,31-33H,8-9H2,(H,28,29)"
4.59,4.59,"InChI=1S/C24H22O14/c25-11-2-1-9(3-12(11)26)15-6-14(28)20-13(27)4-10(5-16(20)37-15)36-24-23(34)22(33)21(32)17(38-24)8-35-19(31)7-18(29)30/h1-6,17,21-27,32-34H,7-8H2,(H,29,30)"
4.22,4.22,"InChI=1S/C24H22O15/c25-9-4-12(28)17-13(5-9)37-22(8-1-2-10(26)11(27)3-8)23(19(17)33)39-24-21(35)20(34)18(32)14(38-24)7-36-16(31)6-15(29)30/h1-5,14,18,20-21,24-28,32,34-35H,6-7H2,(H,29,30)"
3.88,3.88,"InChI=1S/C24H22O16/c25-7-1-12(29)17-13(2-7)38-22(8-3-10(27)11(28)4-9(8)26)23(19(17)34)40-24-21(36)20(35)18(33)14(39-24)6-37-16(32)5-15(30)31/h1-4,14,18,20-21,24-29,33,35-36H,5-6H2,(H,30,31)"
4.88,4.88,"InChI=1S/C24H24O13/c25-11-3-1-10(2-4-11)23-16(7-13-14(27)5-12(26)6-15(13)35-23)36-24-22(33)21(32)20(31)17(37-24)9-34-19(30)8-18(28)29/h1-6,16-17,20-22,24,31-33H,7-9H2,(H3-,25,26,27,28,29)"
5.19,5.19,"InChI=1S/C24H28N2O6/c1-31-21-15-17(5-9-19(21)27)7-11-23(29)25-13-3-4-14-26-24(30)12-8-18-6-10-20(28)22(16-18)32-2/h5-12,15-16,27-28H,3-4,13-14H2,1-2H3,(H,25,29)(H,26,30)"
9.01,9.01,"InChI=1S/C24H30O3/c1-16(2)5-10-20-13-18(9-12-22(20)25)7-8-19-14-23(26)21(24(27)15-19)11-6-17(3)4/h5-6,9,12-15,25-27H,7-8,10-11H2,1-4H3"
7.84,7.84,"InChI=1S/C24H30O4/c1-15(2)5-9-19-18(11-7-17-8-12-21(25)24(28)13-17)20(10-6-16(3)4)23(27)14-22(19)26/h5-6,8,12-14,25-28H,7,9-11H2,1-4H3"
7.56,7.56,"InChI=1S/C24H32O4/c1-22-9-7-16(25)11-15(22)4-5-18-17(22)8-10-23(2)19(12-20-24(18,23)28-20)14-3-6-21(26)27-13-14/h3,6,13,15-20,25H,4-5,7-12H2,1-2H3"
7.59,7.59,"InChI=1S/C24H32O7/c1-13-9-14-10-16(26-3)20(28-5)22(30-7)18(14)19-15(12-24(13,2)25)11-17(27-4)21(29-6)23(19)31-8/h10-11,13,25H,9,12H2,1-8H3"
6.99,6.99,"InChI=1S/C24H34O4/c1-22-10-7-17(25)13-16(22)4-5-20-19(22)8-11-23(2)18(9-12-24(20,23)27)15-3-6-21(26)28-14-15/h3,6,14,16-20,25,27H,4-5,7-13H2,1-2H3"
3.35,3.35,"InChI=1S/C24H40N2/c1-16-20-8-9-22-19-7-6-17-14-18(25(3)4)10-12-23(17,2)21(19)11-13-24(20,22)15-26(16)5/h6,16,18-22H,7-15H2,1-5H3"
4.55,4.55,"InChI=1S/C24H47NO9/c1-3-4-5-6-7-8-9-10-11-12-13-18(28)20(29)17(25-16(2)27)15-33-24-23(32)22(31)21(30)19(14-26)34-24/h17-24,26,28-32H,3-15H2,1-2H3,(H,25,27)"
9.91,9.91,"InChI=1S/C24H50NO7P/c1-5-6-7-8-9-10-11-12-13-14-15-16-17-18-24(27)30-21-23(26)22-32-33(28,29)31-20-19-25(2,3)4/h23,26H,5-22H2,1-4H3"
4.96,4.96,"InChI=1S/C25H22O10/c1-33-18-6-10(2-3-15(18)28)23-14(9-26)13-4-11(5-17(30)25(13)35-23)24-22(32)21(31)20-16(29)7-12(27)8-19(20)34-24/h2-8,14,22-24,26-30,32H,9H2,1H3"
4.54,4.54,"InChI=1S/C25H22O11/c26-15-5-1-13(9-17(15)28)3-7-21(30)34-19-11-25(33)12-20(35-24(25)32)23(19)36-22(31)8-4-14-2-6-16(27)18(29)10-14/h1-10,19-20,23,26-29,33H,11-12H2"
5.43,5.43,"InChI=1S/C25H24O12/c1-33-13-4-2-12(3-5-13)16-10-34-17-8-14(6-7-15(17)21(16)29)36-25-24(32)23(31)22(30)18(37-25)11-35-20(28)9-19(26)27/h2-8,10,18,22-25,30-32H,9,11H2,1H3,(H,26,27)"
4.6,4.6,"InChI=1S/C25H24O12/c26-15-5-1-13(9-17(15)28)3-7-21(30)36-19-11-25(35,24(33)34)12-20(23(19)32)37-22(31)8-4-14-2-6-16(27)18(29)10-14/h1-10,19-20,23,26-29,32,35H,11-12H2,(H,33,34)"
6.06,6.06,"InChI=1S/C25H24O13/c1-34-12-4-2-11(3-5-12)14-9-35-16-7-13(6-15(26)20(16)21(14)30)37-25-24(33)23(32)22(31)17(38-25)10-36-19(29)8-18(27)28/h2-7,9,17,22-26,31-33H,8,10H2,1H3,(H,27,28)"
4.8,4.8,"InChI=1S/C25H24O14/c1-35-16-4-10(2-3-12(16)26)15-7-14(28)21-13(27)5-11(6-17(21)38-15)37-25-24(34)23(33)22(32)18(39-25)9-36-20(31)8-19(29)30/h2-7,18,22-27,32-34H,8-9H2,1H3,(H,29,30)"
3.89,3.89,"InChI=1S/C25H26O13/c26-9-3-1-8(2-4-9)13-5-10(27)14-19(32)15(24-21(34)17(30)11(28)6-36-24)20(33)16(23(14)38-13)25-22(35)18(31)12(29)7-37-25/h1-5,11-12,17-18,21-22,24-26,28-35H,6-7H2"
8.06,8.06,"InChI=1S/C25H26O6/c1-13(2)5-7-15-9-16(10-20(27)23(15)28)18-12-31-21-11-19(26)17(8-6-14(3)4)24(29)22(21)25(18)30/h5-6,9-12,26-29H,7-8H2,1-4H3"
10.21,10.21,"InChI=1S/C25H28O5/c1-14(2)5-7-16-13-17(8-11-20(16)26)24-23(29)22(28)19-10-12-21(27)18(25(19)30-24)9-6-15(3)4/h5-6,8,10-13,23-24,26-27,29H,7,9H2,1-4H3"
9.45,9.45,"InChI=1S/C25H28O5/c1-14(2)5-7-17-11-16(8-10-20(17)26)19-13-30-22-12-21(27)18(9-6-15(3)4)24(28)23(22)25(19)29/h5-6,8,10-12,19,26-28H,7,9,13H2,1-4H3"
9.52,9.52,"InChI=1S/C25H28O5/c1-15(2)5-7-17-11-18(9-10-21(17)26)22(27)13-24(29)20-12-19(8-6-16(3)4)23(28)14-25(20)30/h5-6,9-14,26-28,30H,7-8H2,1-4H3"
9.09,9.09,"InChI=1S/C25H28O6/c1-13(2)5-7-15-9-16(10-21(29)24(15)30)22-12-20(28)23-19(27)11-18(26)17(25(23)31-22)8-6-14(3)4/h5-6,9-11,22,26-27,29-30H,7-8,12H2,1-4H3"
3.83,3.83,"InChI=1S/C25H31N3O4/c29-22-10-4-20(5-11-22)8-14-24(31)27-18-2-1-16-26-17-3-19-28-25(32)15-9-21-6-12-23(30)13-7-21/h4-15,26,29-30H,1-3,16-19H2,(H,27,31)(H,28,32)"
3.14,3.14,"InChI=1S/C25H35N3O6/c29-20-8-4-18(16-22(20)31)6-10-24(33)27-14-2-1-12-26-13-3-15-28-25(34)11-7-19-5-9-21(30)23(32)17-19/h4-5,8-9,16-17,26,29-32H,1-3,6-7,10-15H2,(H,27,33)(H,28,34)"
3.67,3.67,"InChI=1S/C25H41NO7/c1-6-26-11-22(12-27)8-7-16(31-3)24-14-9-13-15(30-2)10-23(28,17(14)18(13)32-4)25(29,21(24)26)20(33-5)19(22)24/h13-21,27-29H,6-12H2,1-5H3"
5.46,5.46,"InChI=1S/C26H26N2O8/c1-2-11-14-9-16-19-13(12-5-3-4-6-15(12)27-19)7-8-28(16)23(32)18(14)25-34-22-21(31)20(30)17(10-29)33-26(22)36-24(11)35-25/h2-6,9,11,17,20-22,24-27,29-31H,1,7-8,10H2"
5.38,5.38,"InChI=1S/C26H26O13/c1-34-13-5-3-12(4-6-13)15-10-36-16-8-18(17(35-2)7-14(16)22(15)30)38-26-25(33)24(32)23(31)19(39-26)11-37-21(29)9-20(27)28/h3-8,10,19,23-26,31-33H,9,11H2,1-2H3,(H,27,28)"
4.91,4.91,"InChI=1S/C26H26O15/c1-36-16-3-10(4-17(37-2)22(16)32)14-7-13(28)21-12(27)5-11(6-15(21)40-14)39-26-25(35)24(34)23(33)18(41-26)9-38-20(31)8-19(29)30/h3-7,18,23-27,32-35H,8-9H2,1-2H3,(H,29,30)"
3.69,3.69,"InChI=1S/C26H28N2O10/c1-2-12-14(8-18-20-13(5-6-27-18)15-7-11(30)3-4-17(15)28-20)16(24(34)35)10-36-25(12)38-26-23(33)22(32)21(31)19(9-29)37-26/h2-7,10,12,14,19,21-23,25-26,28-33H,1,8-9H2,(H,34,35)"
5.27,5.27,"InChI=1S/C26H28N2O8/c1-2-14-15-8-18-20-13(7-12-5-3-4-6-17(12)27-20)9-28(18)24(33)16(15)11-34-25(14)36-26-23(32)22(31)21(30)19(10-29)35-26/h2-7,11,14-15,18-19,21-23,25-26,29-32H,1,8-10H2"
4.07,4.07,"InChI=1S/C26H28N2O9/c1-2-11-13-7-17-19-14(20(30)12-5-3-4-6-16(12)27-19)8-28(17)24(34)15(13)10-35-25(11)37-26-23(33)22(32)21(31)18(9-29)36-26/h2-6,10-11,13,17-18,21-23,25-26,29,31-33H,1,7-9H2,(H,27,30)"
5.07,5.07,"InChI=1S/C26H28N2O9/c1-2-11-14-9-16-19-13(12-5-3-4-6-15(12)27-19)7-8-28(16)23(33)18(14)24(34)36-25(11)37-26-22(32)21(31)20(30)17(10-29)35-26/h2-6,9,11,14,17,20-22,25-27,29-32,34H,1,7-8,10H2"
3.72,3.72,"InChI=1S/C26H28N2O9/c1-2-12-15(9-18-20-14(7-8-27-18)13-5-3-4-6-17(13)28-20)16(24(33)34)11-35-25(12)37-26-23(32)22(31)21(30)19(10-29)36-26/h2-8,11-12,15,19,21-23,25-26,28-32H,1,9-10H2,(H,33,34)"
3.55,3.55,"InChI=1S/C26H28O14/c27-6-12-17(31)21(35)23(37)25(39-12)15-19(33)14-10(30)5-11(8-1-3-9(29)4-2-8)38-24(14)16(20(15)34)26-22(36)18(32)13(7-28)40-26/h1-5,12-13,17-18,21-23,25-29,31-37H,6-7H2"
3.41,3.41,"InChI=1S/C26H28O14/c27-6-13-18(32)21(35)23(37)26(40-13)16-20(34)15(25-22(36)17(31)11(30)7-38-25)19(33)14-10(29)5-12(39-24(14)16)8-1-3-9(28)4-2-8/h1-5,11,13,17-18,21-23,25-28,30-37H,6-7H2"
4.21,4.21,"InChI=1S/C26H28O14/c27-7-16-20(33)22(35)23(36)26(39-16)40-25-19(32)13(31)8-37-24(25)18-12(30)6-15-17(21(18)34)11(29)5-14(38-15)9-1-3-10(28)4-2-9/h1-6,13,16,19-20,22-28,30-36H,7-8H2"
3.35,3.35,"InChI=1S/C26H28O15/c27-5-13-18(33)21(36)23(38)26(41-13)15-19(34)14-10(30)4-12(7-1-2-8(28)9(29)3-7)40-24(14)16(20(15)35)25-22(37)17(32)11(31)6-39-25/h1-4,11,13,17-18,21-23,25-29,31-38H,5-6H2"
3.19,3.19,"InChI=1S/C26H28O15/c27-5-13-18(33)21(36)23(38)26(41-13)16-20(35)15(25-22(37)17(32)11(31)6-39-25)19(34)14-10(30)4-12(40-24(14)16)7-1-2-8(28)9(29)3-7/h1-4,11,13,17-18,21-23,25-29,31-38H,5-6H2"
2.65,2.65,"InChI=1S/C26H28O16/c27-6-17-20(35)21(36)24(42-25-22(37)19(34)14(32)7-38-25)26(41-17)40-16-5-10-11(29)3-9(28)4-15(10)39-23(16)8-1-12(30)18(33)13(31)2-8/h1-5,14,17,19-22,24-27,32,34-37H,6-7H2,(H4-,28,29,30,31,33)/p+1"
3.7,3.7,"InChI=1S/C26H28O16/c27-9-4-12(30)16-14(5-9)40-23(8-1-2-10(28)11(29)3-8)24(19(16)34)42-26-22(37)20(35)18(33)15(41-26)7-39-25-21(36)17(32)13(31)6-38-25/h1-5,13,15,17-18,20-22,25-33,35-37H,6-7H2"
3.77,3.77,"InChI=1S/C26H30N2O10/c1-2-12-14-9-17-23(34)27-16-6-4-3-5-13(16)18(30)7-8-28(17)24(35)15(14)11-36-25(12)38-26-22(33)21(32)20(31)19(10-29)37-26/h2-6,11-12,14,17,19-22,25-26,29,31-33H,1,7-10H2,(H,27,34)"
5.56,5.56,"InChI=1S/C26H30N2O8/c1-2-12-15-9-18-20-14(13-5-3-4-6-17(13)27-20)7-8-28(18)24(33)16(15)11-34-25(12)36-26-23(32)22(31)21(30)19(10-29)35-26/h2-6,11-12,15,18-19,21-23,25-27,29-32H,1,7-10H2"
3.22,3.22,"InChI=1S/C26H30O15/c27-6-16-20(34)21(35)23(37)26(41-16)40-15-5-12(31)18(25-22(36)19(33)13(32)7-38-25)24-17(15)11(30)4-14(39-24)8-1-2-9(28)10(29)3-8/h1-3,5,13-14,16,19-23,25-29,31-37H,4,6-7H2"
9.29,9.29,"InChI=1S/C26H30O5/c1-14(2)6-8-16-10-18-19-13-30-23-12-21(28)17(9-7-15(3)4)25(29-5)24(23)26(19)31-22(18)11-20(16)27/h6-7,10-12,19,26-28H,8-9,13H2,1-5H3"
3.94,3.94,"InChI=1S/C26H32N2O9/c1-2-12-15(9-18-20-14(7-8-27-18)13-5-3-4-6-17(13)28-20)16(24(33)34)11-35-25(12)37-26-23(32)22(31)21(30)19(10-29)36-26/h2-6,11-12,15,18-19,21-23,25-32H,1,7-10H2,(H,33,34)"
7.51,7.51,"InChI=1S/C26H34O6/c1-14(27)31-22-21(15-4-7-20(29)30-13-15)25(3)11-9-18-19(26(25)23(22)32-26)6-5-16-12-17(28)8-10-24(16,18)2/h4,7,13,16-19,21-23,28H,5-6,8-12H2,1-3H3"
8.93,8.93,"InChI=1S/C26H48NO7P/c1-5-6-7-8-9-10-11-12-13-14-15-16-17-18-19-20-26(29)32-23-25(28)24-34-35(30,31)33-22-21-27(2,3)4/h6-7,9-10,12-13,25,28H,5,8,11,14-24H2,1-4H3"
8.85,8.85,"InChI=1S/C26H48NO7P/c1-5-6-7-8-9-10-11-12-13-14-15-16-17-18-19-20-26(29)32-23-25(28)24-34-35(30,31)33-22-21-27(2,3)4/h9-10,12-13,15-16,25,28H,5-8,11,14,17-24H2,1-4H3"
9.31,9.31,"InChI=1S/C26H50NO7P/c1-5-6-7-8-9-10-11-12-13-14-15-16-17-18-19-20-26(29)32-23-25(28)24-34-35(30,31)33-22-21-27(2,3)4/h9-10,12-13,25,28H,5-8,11,14-24H2,1-4H3"
10.09,10.09,"InChI=1S/C26H52NO7P/c1-5-6-7-8-9-10-11-12-13-14-15-16-17-18-19-20-26(29)32-23-25(28)24-34-35(30,31)33-22-21-27(2,3)4/h12-13,25,28H,5-11,14-24H2,1-4H3"
6.2,6.2,"InChI=1S/C27H26O11/c1-34-20-6-13(4-5-16(20)30)26(33)24(12-28)38-27-22(35-2)7-14(8-23(27)36-3)19-11-18(32)25-17(31)9-15(29)10-21(25)37-19/h4-11,24,26,28-31,33H,12H2,1-3H3"
4.05,4.05,"InChI=1S/C27H26O17/c28-9-3-1-8(2-4-9)13-7-12(30)15-11(29)5-10(6-14(15)41-13)40-27-23(19(34)18(33)22(43-27)25(38)39)44-26-20(35)16(31)17(32)21(42-26)24(36)37/h1-7,16-23,26-29,31-35H,(H,36,37)(H,38,39)"
4,4,"InChI=1S/C27H26O18/c28-9-2-1-7(3-10(9)29)13-6-12(31)15-11(30)4-8(5-14(15)42-13)41-27-23(19(35)18(34)22(44-27)25(39)40)45-26-20(36)16(32)17(33)21(43-26)24(37)38/h1-6,16-23,26-30,32-36H,(H,37,38)(H,39,40)"
4.5,4.5,"InChI=1S/C27H28O15/c1-27(38,8-17(31)32)9-18(33)39-10-16-20(34)22(36)23(37)26(41-16)42-25-21(35)19-14(30)6-13(29)7-15(19)40-24(25)11-2-4-12(28)5-3-11/h2-7,16,20,22-23,26,28-30,34,36-38H,8-10H2,1H3,(H,31,32)"
4.34,4.34,"InChI=1S/C27H30O14/c1-10-20(32)22(34)24(36)26(37-10)41-25-23(35)21(33)18(9-28)40-27(25)38-13-6-14(30)19-15(31)8-16(39-17(19)7-13)11-2-4-12(29)5-3-11/h2-8,10,18,20-30,32-36H,9H2,1H3"
5.23,5.23,"InChI=1S/C27H30O14/c1-37-25-13(7-28)15(6-12-17(25)19(31)11-5-3-2-4-10(11)18(12)30)40-27-24(36)22(34)21(33)16(41-27)9-39-26-23(35)20(32)14(29)8-38-26/h2-6,14,16,20-24,26-29,32-36H,7-9H2,1H3"
3.94,3.94,"InChI=1S/C27H30O14/c1-9-17(30)20(33)22(35)26(37-9)39-13-7-14(29)16-15(8-13)40-24(11-3-5-12(28)6-4-11)25(19(16)32)41-27-23(36)21(34)18(31)10(2)38-27/h3-10,17-18,20-23,26-31,33-36H,1-2H3"
4.61,4.61,"InChI=1S/C27H30O14/c1-9-19(33)21(35)23(37)27(38-9)41-26-22(36)20(34)16(8-28)40-25(26)18-13(31)6-12(30)17-14(32)7-15(39-24(17)18)10-2-4-11(29)5-3-10/h2-7,9,16,19-23,25-31,33-37H,8H2,1H3"
4.48,4.48,"InChI=1S/C27H30O15/c1-8-19(33)22(36)24(38)27(39-8)42-26-23(37)20(34)16(7-28)41-25(26)18-13(32)6-15-17(21(18)35)12(31)5-14(40-15)9-2-3-10(29)11(30)4-9/h2-6,8,16,19-20,22-30,32-38H,7H2,1H3"
3.7,3.7,"InChI=1S/C27H30O15/c1-9-17(31)20(34)22(36)26(38-9)39-12-6-13(30)16-14(7-12)40-24(10-2-4-11(29)5-3-10)25(19(16)33)42-27-23(37)21(35)18(32)15(8-28)41-27/h2-7,9,15,17-18,20-23,26-32,34-37H,8H2,1H3"
4,4,"InChI=1S/C27H30O15/c1-9-17(31)20(34)22(36)26(39-9)38-8-15-18(32)21(35)23(37)27(41-15)42-25-19(33)16-13(30)6-12(29)7-14(16)40-24(25)10-2-4-11(28)5-3-10/h2-7,9,15,17-18,20-23,26-32,34-37H,8H2,1H3"
4.15,4.15,"InChI=1S/C27H30O15/c1-9-17(32)20(35)21(36)26(38-9)41-24-18(33)15(8-28)40-27(22(24)37)42-25-19(34)16-13(31)6-12(30)7-14(16)39-23(25)10-2-4-11(29)5-3-10/h2-7,9,15,17-18,20-22,24,26-33,35-37H,8H2,1H3"
3.3,3.3,"InChI=1S/C27H30O15/c28-6-12-17(32)21(36)23(38)26(41-12)15-19(34)14-10(31)5-11(8-1-3-9(30)4-2-8)40-25(14)16(20(15)35)27-24(39)22(37)18(33)13(7-29)42-27/h1-5,12-13,17-18,21-24,26-30,32-39H,6-7H2"
3.52,3.52,"InChI=1S/C27H30O15/c28-7-15-19(32)22(35)24(37)26(40-15)18-14(41-27-25(38)23(36)20(33)16(8-29)42-27)6-13-17(21(18)34)11(31)5-12(39-13)9-1-3-10(30)4-2-9/h1-6,15-16,19-20,22-30,32-38H,7-8H2"
2.71,2.71,"InChI=1S/C27H30O15/c28-8-17-19(32)21(34)23(36)26(41-17)39-15-6-12(31)5-14-13(15)7-16(25(38-14)10-1-3-11(30)4-2-10)40-27-24(37)22(35)20(33)18(9-29)42-27/h1-7,17-24,26-29,32-37H,8-9H2,(H-,30,31)/p+1"
3.86,3.86,"InChI=1S/C27H30O16/c1-8-17(32)20(35)22(37)26(40-8)39-7-15-18(33)21(36)23(38)27(42-15)43-25-19(34)16-13(31)5-10(28)6-14(16)41-24(25)9-2-3-11(29)12(30)4-9/h2-6,8,15,17-18,20-23,26-33,35-38H,7H2,1H3"
4.15,4.15,"InChI=1S/C27H30O16/c1-8-17(33)21(37)25(43-26-22(38)20(36)18(34)15(7-28)41-26)27(39-8)42-24-19(35)16-13(32)5-10(29)6-14(16)40-23(24)9-2-3-11(30)12(31)4-9/h2-6,8,15,17-18,20-22,25-34,36-38H,7H2,1H3"
3.1,3.1,"InChI=1S/C27H30O16/c28-5-12-17(33)21(37)23(39)26(42-12)15-19(35)14-10(32)4-11(7-1-2-8(30)9(31)3-7)41-25(14)16(20(15)36)27-24(40)22(38)18(34)13(6-29)43-27/h1-4,12-13,17-18,21-24,26-31,33-40H,5-6H2"
3.44,3.44,"InChI=1S/C27H30O16/c28-6-15-20(35)23(38)26(43-27-24(39)22(37)19(34)16(7-29)42-27)25(41-15)18-12(33)5-14-17(21(18)36)11(32)4-13(40-14)8-1-2-9(30)10(31)3-8/h1-5,15-16,19-20,22-31,33-39H,6-7H2"
3.8,3.8,"InChI=1S/C27H30O16/c28-7-14-17(33)20(36)22(38)26(40-14)43-25-21(37)18(34)15(8-29)41-27(25)42-24-19(35)16-12(32)5-11(31)6-13(16)39-23(24)9-1-3-10(30)4-2-9/h1-6,14-15,17-18,20-22,25-34,36-38H,7-8H2"
2.5,2.5,"InChI=1S/C27H30O16/c28-7-17-19(33)21(35)23(37)26(42-17)40-15-5-10(30)4-14-11(15)6-16(25(39-14)9-1-2-12(31)13(32)3-9)41-27-24(38)22(36)20(34)18(8-29)43-27/h1-6,17-24,26-29,33-38H,7-8H2,(H2-,30,31,32)/p+1"
2.77,2.77,"InChI=1S/C27H30O16/c28-7-17-19(34)21(36)23(38)26(41-17)43-25-22(37)20(35)18(8-29)42-27(25)40-16-6-11-13(32)4-10(30)5-15(11)39-24(16)9-1-2-12(31)14(33)3-9/h1-6,17-23,25-29,34-38H,7-8H2,(H3-,30,31,32,33)/p+1"
3.54,3.54,"InChI=1S/C27H30O17/c28-6-14-17(33)20(36)22(38)26(42-14)41-12-2-1-8(3-10(12)31)24-25(19(35)16-11(32)4-9(30)5-13(16)40-24)44-27-23(39)21(37)18(34)15(7-29)43-27/h1-5,14-15,17-18,20-23,26-34,36-39H,6-7H2"
3.34,3.34,"InChI=1S/C27H30O18/c28-5-13-17(34)20(37)22(39)26(43-13)42-12-2-7(1-10(32)16(12)33)24-25(19(36)15-9(31)3-8(30)4-11(15)41-24)45-27-23(40)21(38)18(35)14(6-29)44-27/h1-4,13-14,17-18,20-23,26-35,37-40H,5-6H2"
4.28,4.28,"InChI=1S/C27H32O14/c1-10-20(31)22(33)24(35)26(38-10)37-9-18-21(32)23(34)25(36)27(41-18)39-13-6-14(29)19-15(30)8-16(40-17(19)7-13)11-2-4-12(28)5-3-11/h2-7,10,16,18,20-29,31-36H,8-9H2,1H3"
4.38,4.38,"InChI=1S/C27H32O14/c1-10-20(32)22(34)24(36)26(37-10)41-25-23(35)21(33)18(9-28)40-27(25)38-13-6-14(30)19-15(31)8-16(39-17(19)7-13)11-2-4-12(29)5-3-11/h2-7,10,16,18,20-30,32-36H,8-9H2,1H3"
3.92,3.92,"InChI=1S/C27H32O15/c1-9-20(32)22(34)24(36)26(39-9)38-8-18-21(33)23(35)25(37)27(42-18)40-11-5-14(30)19-15(31)7-16(41-17(19)6-11)10-2-3-12(28)13(29)4-10/h2-6,9,16,18,20-30,32-37H,7-8H2,1H3"
4.04,4.04,"InChI=1S/C27H32O15/c1-9-20(33)22(35)24(37)26(38-9)42-25-23(36)21(34)18(8-28)41-27(25)39-11-5-14(31)19-15(32)7-16(40-17(19)6-11)10-2-3-12(29)13(30)4-10/h2-6,9,16,18,20-31,33-37H,7-8H2,1H3"
4.36,4.36,"InChI=1S/C27H34N2O9/c1-3-13-16(10-19-21-15(8-9-28-19)14-6-4-5-7-18(14)29-21)17(25(34)35-2)12-36-26(13)38-27-24(33)23(32)22(31)20(11-30)37-27/h3-7,12-13,16,19-20,22-24,26-33H,1,8-11H2,2H3"
4.01,4.01,"InChI=1S/C27H34O15/c28-7-12-17(32)22(37)24(39)26(41-12)15-19(34)14(11(31)6-3-9-1-4-10(30)5-2-9)20(35)16(21(15)36)27-25(40)23(38)18(33)13(8-29)42-27/h1-2,4-5,12-13,17-18,22-30,32-40H,3,6-8H2"
5.99,5.99,"InChI=1S/C27H43NO/c1-16-5-8-23-17(2)25-24(28(23)15-16)14-22-20-7-6-18-13-19(29)9-11-26(18,3)21(20)10-12-27(22,25)4/h6,16-17,19-25,29H,5,7-15H2,1-4H3"
4.95,4.95,"InChI=1S/C27H43NO2/c1-16-5-8-24(28-15-16)17(2)20-6-7-21-19-14-25(30)23-13-18(29)9-11-27(23,4)22(19)10-12-26(20,21)3/h16-23,29H,5-15H2,1-4H3"
3.7,3.7,"InChI=1S/C27H43NO3/c1-15-4-7-22-16(2)25-23(28(22)13-15)11-21-19-6-5-17-10-18(30)8-9-26(17,3)20(19)12-24(31)27(21,25)14-29/h5,15-16,18-25,29-31H,4,6-14H2,1-3H3"
4.79,4.79,"InChI=1S/C27H49NO12/c1-3-4-5-6-7-8-9-10-11-12-13-19(30)21(31)18(28-16(2)29)15-39-27-24(34)23(33)22(32)20(40-27)14-17(25(35)36)26(37)38/h17-24,27,30-34H,3-15H2,1-2H3,(H,28,29)(H,35,36)(H,37,38)"
9.72,9.72,"InChI=1S/C27H54NO12P/c1-2-3-4-5-6-7-8-9-10-11-12-13-14-15-23(31)37-19-21(30)20-39-41(35,36)38-17-16-28-27-26(34)25(33)24(32)22(18-29)40-27/h21-22,24-30,32-34H,2-20H2,1H3,(H,35,36)"
5.81,5.81,"InChI=1S/C28H22O6/c29-20-7-2-16(3-8-20)1-4-18-11-24(33)15-25-26(18)27(19-12-22(31)14-23(32)13-19)28(34-25)17-5-9-21(30)10-6-17/h1-15,27-33H"
4.05,4.05,"InChI=1S/C28H28O18/c1-41-14-4-8(2-3-10(14)29)13-7-12(31)16-11(30)5-9(6-15(16)43-13)42-28-24(20(35)19(34)23(45-28)26(39)40)46-27-21(36)17(32)18(33)22(44-27)25(37)38/h2-7,17-24,27-30,32-36H,1H3,(H,37,38)(H,39,40)"
5.03,5.03,"InChI=1S/C28H31NO6/c1-29(16-18-8-6-7-9-22(18)30)21-12-10-17-14-25(33-3)27(34-4)28(35-5)26(17)19-11-13-24(32-2)23(31)15-20(19)21/h6-9,11,13-15,21,30H,10,12,16H2,1-5H3"
5.19,5.19,"InChI=1S/C28H32O14/c1-11-21(31)23(33)25(35)27(39-11)38-10-19-22(32)24(34)26(36)28(42-19)40-14-7-15(29)20-16(30)9-17(41-18(20)8-14)12-3-5-13(37-2)6-4-12/h3-9,11,19,21-29,31-36H,10H2,1-2H3"
5.26,5.26,"InChI=1S/C28H32O14/c1-11-21(32)23(34)25(36)27(38-11)42-26-24(35)22(33)19(10-29)41-28(26)39-14-7-15(30)20-16(31)9-17(40-18(20)8-14)12-3-5-13(37-2)6-4-12/h3-9,11,19,21-30,32-36H,10H2,1-2H3"
4.47,4.47,"InChI=1S/C28H32O15/c1-10-21(33)23(35)25(37)27(39-10)43-26-24(36)22(34)19(9-29)42-28(26)40-12-6-14(31)20-15(32)8-17(41-18(20)7-12)11-3-4-16(38-2)13(30)5-11/h3-8,10,19,21-31,33-37H,9H2,1-2H3"
2.79,2.79,"InChI=1S/C28H32O16/c1-39-16-4-10(2-3-13(16)32)26-17(42-28-25(38)23(36)21(34)19(9-30)44-28)7-12-14(40-26)5-11(31)6-15(12)41-27-24(37)22(35)20(33)18(8-29)43-27/h2-7,18-25,27-30,33-38H,8-9H2,1H3,(H-,31,32)/p+1"
3.87,3.87,"InChI=1S/C28H32O16/c1-40-14-4-9(2-3-10(14)31)13-5-11(32)18-15(41-13)6-12(33)19(22(18)36)26-27(24(38)21(35)16(7-29)42-26)44-28-25(39)23(37)20(34)17(8-30)43-28/h2-6,16-17,20-21,23-31,33-39H,7-8H2,1H3"
4.17,4.17,"InChI=1S/C28H32O16/c1-9-18(32)21(35)23(37)27(41-9)40-8-16-19(33)22(36)24(38)28(43-16)44-26-20(34)17-13(31)6-11(29)7-15(17)42-25(26)10-3-4-12(30)14(5-10)39-2/h3-7,9,16,18-19,21-24,27-33,35-38H,8H2,1-2H3"
3.72,3.72,"InChI=1S/C28H32O16/c1-9-18(33)21(36)23(38)27(40-9)44-26-22(37)19(34)16(8-29)42-28(26)43-25-20(35)17-13(32)6-11(30)7-15(17)41-24(25)10-3-4-12(31)14(5-10)39-2/h3-7,9,16,18-19,21-23,26-34,36-38H,8H2,1-2H3"
3.63,3.63,"InChI=1S/C28H32O18/c1-41-25-11(32)5-12-15(18(25)35)19(36)26(24(43-12)8-2-3-9(30)10(31)4-8)46-28-23(40)21(38)17(34)14(45-28)7-42-27-22(39)20(37)16(33)13(6-29)44-27/h2-5,13-14,16-17,20-23,27-35,37-40H,6-7H2,1H3"
4.13,4.13,"InChI=1S/C28H34N2O11/c1-3-12-14(8-18-21-15(9-19(29-18)25(35)36)13-6-4-5-7-17(13)30-21)16(26(37)38-2)11-39-27(12)41-28-24(34)23(33)22(32)20(10-31)40-28/h3-7,11-12,14,18-20,22-24,27-34H,1,8-10H2,2H3,(H,35,36)"
5.33,5.33,"InChI=1S/C28H34O14/c1-11-21(31)23(33)25(35)27(39-11)38-10-19-22(32)24(34)26(36)28(42-19)40-14-7-15(29)20-16(30)9-17(41-18(20)8-14)12-3-5-13(37-2)6-4-12/h3-8,11,17,19,21-29,31-36H,9-10H2,1-2H3"
5.42,5.42,"InChI=1S/C28H34O14/c1-11-21(32)23(34)25(36)27(38-11)42-26-24(35)22(33)19(10-29)41-28(26)39-14-7-15(30)20-16(31)9-17(40-18(20)8-14)12-3-5-13(37-2)6-4-12/h3-8,11,17,19,21-30,32-36H,9-10H2,1-2H3"
5.42,5.42,"InChI=1S/C28H34O14/c1-12-21(33)23(35)25(37)27(39-12)42-26-24(36)22(34)19(11-29)41-28(26)40-15-9-17(31)20(18(32)10-15)16(30)8-5-13-3-6-14(38-2)7-4-13/h3-10,12,19,21-29,31-37H,11H2,1-2H3"
4.51,4.51,"InChI=1S/C28H34O15/c1-10-21(32)23(34)25(36)27(40-10)39-9-19-22(33)24(35)26(37)28(43-19)41-12-6-14(30)20-15(31)8-17(42-18(20)7-12)11-3-4-16(38-2)13(29)5-11/h3-7,10,17,19,21-30,32-37H,8-9H2,1-2H3"
4.59,4.59,"InChI=1S/C28H34O15/c1-10-21(33)23(35)25(37)27(39-10)43-26-24(36)22(34)19(9-29)42-28(26)40-12-6-14(31)20-15(32)8-17(41-18(20)7-12)11-3-4-16(38-2)13(30)5-11/h3-7,10,17,19,21-31,33-37H,8-9H2,1-2H3"
5.07,5.07,"InChI=1S/C28H36O15/c1-11-21(34)23(36)25(38)27(40-11)43-26-24(37)22(35)19(10-29)42-28(26)41-13-8-16(32)20(17(33)9-13)14(30)5-3-12-4-6-18(39-2)15(31)7-12/h4,6-9,11,19,21-29,31-38H,3,5,10H2,1-2H3"
2.98,2.98,"InChI=1S/C28H38N2O4/c1-5-17-16-30-9-7-19-13-27(33-3)28(34-4)15-22(19)24(30)11-20(17)10-23-21-14-26(32-2)25(31)12-18(21)6-8-29-23/h12-15,17,20,23-24,29,31H,5-11,16H2,1-4H3"
6.82,6.82,"InChI=1S/C28H38O6/c1-14-13-19(33-24(30)15(14)2)16(3)27(31)12-9-17-21-18(8-11-25(17,27)4)26(5)20(29)7-6-10-28(26,32)23-22(21)34-23/h6-7,16-19,21-23,31-32H,8-13H2,1-5H3"
8.04,8.04,"InChI=1S/C28H46O15/c1-5-8-11-20(34)39-22-17(13-29)38-27(25(41-19(33)10-7-3)24(22)40-21(35)12-9-6-2)43-28(15-31)26(36)23(37-16(4)32)18(14-30)42-28/h17-18,22-27,29-31,36H,5-15H2,1-4H3"
3.96,3.96,"InChI=1S/C29H30O19/c1-42-14-3-8(4-15(43-2)17(14)32)12-7-11(31)16-10(30)5-9(6-13(16)45-12)44-29-25(21(36)20(35)24(47-29)27(40)41)48-28-22(37)18(33)19(34)23(46-28)26(38)39/h3-7,18-25,28-30,32-37H,1-2H3,(H,38,39)(H,40,41)"
5.4,5.4,"InChI=1S/C29H32O13/c1-11-36-9-20-27(40-11)24(31)25(32)29(41-20)42-26-14-7-17-16(38-10-39-17)6-13(14)21(22-15(26)8-37-28(22)33)12-4-18(34-2)23(30)19(5-12)35-3/h4-7,11,15,20-22,24-27,29-32H,8-10H2,1-3H3"
5.08,5.08,"InChI=1S/C29H32O15/c1-10-25(41-11(2)31)23(38)24(39)29(40-10)44-28-22(37)21(36)18(9-30)43-27(28)20-15(34)7-14(33)19-16(35)8-17(42-26(19)20)12-3-5-13(32)6-4-12/h3-8,10,18,21-25,27-30,32-34,36-39H,9H2,1-2H3"
4.05,4.05,"InChI=1S/C29H32O18/c1-41-15-3-9(4-16(42-2)25(15)46-29-23(37)20(34)19(33)17(8-30)45-29)13-7-12(32)18-11(31)5-10(6-14(18)44-13)43-28-24(38)21(35)22(36)26(47-28)27(39)40/h3-7,17,19-24,26,28-31,33-38H,8H2,1-2H3,(H,39,40)"
4.67,4.67,"InChI=1S/C29H33NO10/c1-36-18-4-2-17(3-5-18)21-14-37-22-13-19(6-7-20(22)25(21)32)39-29-28(35)27(34)26(33)23(40-29)15-38-24(31)12-16-8-10-30-11-9-16/h2-7,13-14,16,23,26-30,33-35H,8-12,15H2,1H3"
4.36,4.36,"InChI=1S/C29H34O16/c1-10-21(33)24(36)26(38)28(41-10)45-27-25(37)23(35)19(9-30)44-29(27)42-12-6-13(31)20-14(32)8-15(43-16(20)7-12)11-4-17(39-2)22(34)18(5-11)40-3/h4-8,10,19,21,23-31,33-38H,9H2,1-3H3"
2.81,2.81,"InChI=1S/C29H34O17/c1-40-15-3-10(4-16(41-2)20(15)33)27-17(44-29-26(39)24(37)22(35)19(9-31)46-29)7-12-13(42-27)5-11(32)6-14(12)43-28-25(38)23(36)21(34)18(8-30)45-28/h3-7,18-19,21-26,28-31,34-39H,8-9H2,1-2H3,(H-,32,33)/p+1"
3.41,3.41,"InChI=1S/C29H40N2O4/c1-6-18-17-31-10-8-20-14-27(33-3)29(35-5)16-23(20)25(31)12-21(18)11-24-22-15-28(34-4)26(32-2)13-19(22)7-9-30-24/h13-16,18,21,24-25,30H,6-12,17H2,1-5H3"
7.36,7.36,"InChI=1S/C29H45NO3/c1-17-8-13-29(30(16-17)19(3)31)18(2)26-25(33-29)15-24-22-7-6-20-14-21(32)9-11-27(20,4)23(22)10-12-28(24,26)5/h6,17-18,21-26,32H,7-16H2,1-5H3"
8.16,8.16,"InChI=1S/C29H45NO3/c1-17-8-13-29(30-16-17)18(2)26-25(33-29)15-24-22-7-6-20-14-21(32-19(3)31)9-11-27(20,4)23(22)10-12-28(24,26)5/h6,17-18,21-26,30H,7-16H2,1-5H3"
8.56,8.56,"InChI=1S/C29H48O15/c1-5-8-11-20(34)40-23-18(14-30)39-28(44-29(16-32)27(37)24(38-17(4)33)19(15-31)43-29)26(42-22(36)13-10-7-3)25(23)41-21(35)12-9-6-2/h18-19,23-28,30-32,37H,5-16H2,1-4H3"
2.85,3.045,"InChI=1S/C30H26O12/c31-13-7-20(37)24-23(8-13)41-29(12-2-4-16(33)19(36)6-12)27(40)26(24)25-21(38)10-17(34)14-9-22(39)28(42-30(14)25)11-1-3-15(32)18(35)5-11/h1-8,10,22,26-29,31-40H,9H2"
2.35,2.35,"InChI=1S/C30H26O13/c31-13-21-24(36)26(38)27(39)30(42-21)43-29-25(37)23-19(34)11-18(40-22(35)10-3-14-1-6-16(32)7-2-14)12-20(23)41-28(29)15-4-8-17(33)9-5-15/h1-12,21,24,26-27,30-34,36,38-39H,13H2"
5.21,5.21,"InChI=1S/C30H26O13/c31-16-6-1-14(2-7-16)3-10-22(35)40-13-21-24(36)26(38)27(39)30(42-21)43-29-25(37)23-19(34)11-18(33)12-20(23)41-28(29)15-4-8-17(32)9-5-15/h1-12,21,24,26-27,30-34,36,38-39H,13H2"
3.36,3.36,"InChI=1S/C30H32O19/c31-8-15-20(37)23(40)25(42)29(47-15)45-12-5-13(33)19-14(6-12)46-27(10-1-3-11(32)4-2-10)28(22(19)39)49-30-26(43)24(41)21(38)16(48-30)9-44-18(36)7-17(34)35/h1-6,15-16,20-21,23-26,29-33,37-38,40-43H,7-9H2,(H,34,35)"
3.11,3.11,"InChI=1S/C30H32O20/c31-7-15-20(38)23(41)25(43)29(48-15)46-10-4-13(34)19-14(5-10)47-27(9-1-2-11(32)12(33)3-9)28(22(19)40)50-30-26(44)24(42)21(39)16(49-30)8-45-18(37)6-17(35)36/h1-5,15-16,20-21,23-26,29-34,38-39,41-44H,6-8H2,(H,35,36)"
4.67,4.67,"InChI=1S/C30H35NO11/c1-37-18-5-3-17(4-6-18)20-14-39-21-13-23(22(38-2)12-19(21)26(20)33)41-30-29(36)28(35)27(34)24(42-30)15-40-25(32)11-16-7-9-31-10-8-16/h3-6,12-14,16,24,27-31,34-36H,7-11,15H2,1-2H3"
4.95,4.95,"InChI=1S/C30H42N2O7/c1-5-32-15-27(39-26(33)16-8-6-7-9-19(16)31)11-10-23(37-3)29-21(27)13-18(24(29)32)28(34)14-20(36-2)17-12-22(29)30(28,35)25(17)38-4/h6-9,17-18,20-25,34-35H,5,10-15,31H2,1-4H3"
10.4,10.4,"InChI=1S/C30H48O2/c1-25(2)14-15-26(3)16-17-29(6)20(21(26)18-25)8-9-23-27(4)12-11-24(32)28(5,19-31)22(27)10-13-30(23,29)7/h8,14-15,21-24,31-32H,9-13,16-19H2,1-7H3"
9.89,9.89,"InChI=1S/C30H48O4/c1-17-10-13-30(25(33)34)15-14-28(6)19(23(30)18(17)2)8-9-22-27(5)16-20(31)24(32)26(3,4)21(27)11-12-29(22,28)7/h8,17-18,20-24,31-32H,9-16H2,1-7H3,(H,33,34)"
9.77,9.77,"InChI=1S/C30H48O4/c1-25(2)12-14-30(24(33)34)15-13-28(6)18(19(30)16-25)8-9-22-27(5)17-20(31)23(32)26(3,4)21(27)10-11-29(22,28)7/h8,19-23,31-32H,9-17H2,1-7H3,(H,33,34)"
9.02,9.02,"InChI=1S/C30H50O15/c1-5-8-11-14-23(37)43-27-26(42-22(36)13-10-7-3)24(41-21(35)12-9-6-2)19(15-31)40-29(27)45-30(17-33)28(38)25(39-18(4)34)20(16-32)44-30/h19-20,24-29,31-33,38H,5-17H2,1-4H3"
8.94,8.94,"InChI=1S/C30H50O4/c1-25(2)16-19-18-8-9-21-27(4)12-11-22(32)28(5,17-31)20(27)10-13-30(21,7)29(18,6)15-14-26(19,3)24(34)23(25)33/h8,19-24,31-34H,9-17H2,1-7H3"
6.07,6.07,"InChI=1S/C31H20O10/c1-39-24-7-4-15(26-12-22(37)29-19(34)9-17(33)10-27(29)40-26)8-18(24)28-20(35)11-21(36)30-23(38)13-25(41-31(28)30)14-2-5-16(32)6-3-14/h2-13,32-36H,1H3"
5.58,5.58,"InChI=1S/C31H22O10/c1-39-17-9-20(34)29-23(37)12-26(40-27(29)10-17)15-4-7-19(33)18(8-15)28-21(35)11-22(36)30-24(38)13-25(41-31(28)30)14-2-5-16(32)6-3-14/h2-11,13,26,32-36H,12H2,1H3"
9.49,9.49,"InChI=1S/C31H52O15/c1-5-8-11-14-23(37)43-27-25(42-22(36)13-10-7-3)20(16-32)41-30(28(27)44-24(38)15-12-9-6-2)46-31(18-34)29(39)26(40-19(4)35)21(17-33)45-31/h20-21,25-30,32-34,39H,5-18H2,1-4H3"
3.65,3.65,"InChI=1S/C32H38O20/c1-9-19(38)23(42)26(45)30(48-9)47-8-17-21(40)24(43)29(52-31-25(44)20(39)15(37)7-46-31)32(50-17)51-28-22(41)18-14(36)5-11(33)6-16(18)49-27(28)10-2-3-12(34)13(35)4-10/h2-6,9,15,17,19-21,23-26,29-40,42-45H,7-8H2,1H3"
2.49,2.49,"InChI=1S/C32H38O20/c33-7-19-22(40)24(42)27(45)31(50-19)48-17-5-11(35)4-16-12(17)6-18(28(47-16)10-1-2-13(36)14(37)3-10)49-32-29(25(43)23(41)20(8-34)51-32)52-30-26(44)21(39)15(38)9-46-30/h1-6,15,19-27,29-34,38-45H,7-9H2,(H2-,35,36,37)/p+1"
5.5,5.5,"InChI=1S/C32H46N2O8/c1-6-34-15-29(16-42-27(35)17-9-7-8-10-20(17)33)12-11-22(39-3)31-19-13-18-21(38-2)14-30(36,23(19)24(18)40-4)32(37,28(31)34)26(41-5)25(29)31/h7-10,18-19,21-26,28,36-37H,6,11-16,33H2,1-5H3"
3.67,3.67,"InChI=1S/C32H46O16/c1-43-21-9-15(3-5-19(21)35)7-17(13-45-31-29(41)27(39)25(37)23(11-33)47-31)18(8-16-4-6-20(36)22(10-16)44-2)14-46-32-30(42)28(40)26(38)24(12-34)48-32/h3-6,9-10,17-18,23-42H,7-8,11-14H2,1-2H3"
9.97,9.97,"InChI=1S/C32H54O15/c1-5-8-11-14-23(37)43-26-21(17-33)42-31(47-32(19-35)30(40)27(41-20(4)36)22(18-34)46-32)29(45-25(39)16-13-10-7-3)28(26)44-24(38)15-12-9-6-2/h21-22,26-31,33-35,40H,5-19H2,1-4H3"
4.57,4.57,"InChI=1S/C33H36O16/c1-43-21-6-14(4-5-17(21)36)28(39)26(13-46-33-31(42)30(41)29(40)25(12-34)49-33)48-32-23(44-2)7-15(8-24(32)45-3)20-11-19(38)27-18(37)9-16(35)10-22(27)47-20/h4-11,25-26,28-31,33-37,39-42H,12-13H2,1-3H3"
3.34,3.34,"InChI=1S/C33H38O20/c1-33(47,8-19(37)38)9-20(39)48-11-18-23(41)26(44)28(46)32(52-18)53-30-24(42)21-15(36)6-14(49-31-27(45)25(43)22(40)17(10-34)51-31)7-16(21)50-29(30)12-2-4-13(35)5-3-12/h2-7,17-18,22-23,25-28,31-32,34-36,40-41,43-47H,8-11H2,1H3,(H,37,38)"
4.68,4.68,"InChI=1S/C33H38O21/c34-6-12-17(37)21(41)24(44)29(52-12)14-10(36)5-11-15(19(14)39)20(40)16(30-25(45)22(42)18(38)13(7-35)53-30)28(51-11)8-1-3-9(4-2-8)50-33-27(47)23(43)26(46)31(54-33)32(48)49/h1-5,12-13,17-18,21-27,29-31,33-39,41-47H,6-7H2,(H,48,49)"
6.12,6.12,"InChI=1S/C33H40N2O9/c1-38-19-7-8-20-21-9-10-35-16-18-13-27(44-32(36)17-11-25(39-2)30(41-4)26(12-17)40-3)31(42-5)28(33(37)43-6)22(18)15-24(35)29(21)34-23(20)14-19/h7-8,11-12,14,18,22,24,27-28,31,34H,9-10,13,15-16H2,1-6H3"
5.43,5.43,"InChI=1S/C33H40O15/c1-13(2)5-10-17-19(45-33-28(42)26(40)23(37)20(12-34)46-33)11-18(35)21-24(38)31(48-32-27(41)25(39)22(36)14(3)44-32)29(47-30(17)21)15-6-8-16(43-4)9-7-15/h5-9,11,14,20,22-23,25-28,32-37,39-42H,10,12H2,1-4H3"
3.25,3.4,"InChI=1S/C33H40O19/c1-10-19(36)23(40)26(43)31(47-10)46-9-17-21(38)25(42)28(45)33(51-17)52-30-22(39)18-15(35)7-14(49-32-27(44)24(41)20(37)11(2)48-32)8-16(18)50-29(30)12-3-5-13(34)6-4-12/h3-8,10-11,17,19-21,23-28,31-38,40-45H,9H2,1-2H3"
3.98,3.98,"InChI=1S/C33H40O19/c1-10-19(37)23(41)25(43)32(48-10)51-29-20(38)11(2)47-31(27(29)45)46-9-17-21(39)24(42)26(44)33(50-17)52-30-22(40)18-15(36)7-14(35)8-16(18)49-28(30)12-3-5-13(34)6-4-12/h3-8,10-11,17,19-21,23-27,29,31-39,41-45H,9H2,1-2H3"
3.62,3.62,"InChI=1S/C33H40O20/c1-10-19(37)23(41)27(45)32(48-10)49-13-6-14(36)18-15(7-13)50-29(11-2-4-12(35)5-3-11)30(22(18)40)53-33-28(46)25(43)21(39)17(52-33)9-47-31-26(44)24(42)20(38)16(8-34)51-31/h2-7,10,16-17,19-21,23-28,31-39,41-46H,8-9H2,1H3"
2.75,2.75,"InChI=1S/C33H40O20/c1-10-21(39)24(42)27(45)31(48-10)47-9-20-23(41)26(44)30(53-32-28(46)25(43)22(40)19(8-34)51-32)33(52-20)50-18-7-13-15(37)5-12(35)6-17(13)49-29(18)11-2-3-14(36)16(38)4-11/h2-7,10,19-28,30-34,39-46H,8-9H2,1H3,(H3-,35,36,37,38)/p+1"
3.09,3.09,"InChI=1S/C33H40O20/c1-9-19(38)23(42)26(45)31(47-9)49-12-6-15(37)18-16(7-12)50-28(11-3-4-13(35)14(36)5-11)29(22(18)41)52-33-30(25(44)21(40)17(8-34)51-33)53-32-27(46)24(43)20(39)10(2)48-32/h3-7,9-10,17,19-21,23-27,30-40,42-46H,8H2,1-2H3"
3.39,3.39,"InChI=1S/C33H40O21/c1-9-19(38)23(42)26(45)31(49-9)48-8-17-21(40)25(44)28(47)33(53-17)54-30-22(41)18-14(37)5-11(50-32-27(46)24(43)20(39)16(7-34)52-32)6-15(18)51-29(30)10-2-3-12(35)13(36)4-10/h2-6,9,16-17,19-21,23-28,31-40,42-47H,7-8H2,1H3"
2.95,2.95,"InChI=1S/C33H40O21/c1-9-19(39)23(43)26(46)31(48-9)49-11-5-14(38)18-15(6-11)50-28(10-2-3-12(36)13(37)4-10)29(22(18)42)53-33-30(25(45)21(41)17(8-35)52-33)54-32-27(47)24(44)20(40)16(7-34)51-32/h2-6,9,16-17,19-21,23-27,30-41,43-47H,7-8H2,1H3"
5.97,5.97,"InChI=1S/C33H45NO10/c1-17(35)44-33-21-19(14-31(38,28(42-6)26(33)36)27(21)43-29(37)18-10-8-7-9-11-18)32-20(40-4)12-13-30(16-39-3)15-34(2)25(32)22(33)23(41-5)24(30)32/h7-11,19-28,36,38H,12-16H2,1-6H3"
5.61,5.61,"InChI=1S/C33H45NO11/c1-16(35)45-33-21-18(13-31(39,28(43-6)26(33)37)27(21)44-29(38)17-10-8-7-9-11-17)32-20(41-4)12-19(36)30(15-40-3)14-34(2)25(32)22(33)23(42-5)24(30)32/h7-11,18-28,36-37,39H,12-15H2,1-6H3"
4.01,4.01,"InChI=1S/C33H49NO8/c1-15-11-22-26(34-13-15)17(3)33(42-22)10-8-20-21-6-5-18-12-19(40-31-30(39)29(38)27(36)23(14-35)41-31)7-9-32(18,4)25(21)28(37)24(20)16(33)2/h5,15,17,19-23,25-27,29-31,34-36,38-39H,6-14H2,1-4H3"
6.58,6.58,"InChI=1S/C33H54O9/c1-17(16-40-30-29(38)28(37)27(36)25(15-34)41-30)7-12-33(39)18(2)26-24(42-33)14-23-21-6-5-19-13-20(35)8-10-31(19,3)22(21)9-11-32(23,26)4/h5,17-18,20-30,34-39H,6-16H2,1-4H3"
5.62,5.62,"InChI=1S/C34H37N3O6/c38-29-13-4-26(5-14-29)10-19-32(41)35-22-1-2-24-37(34(43)21-12-28-8-17-31(40)18-9-28)25-3-23-36-33(42)20-11-27-6-15-30(39)16-7-27/h4-21,38-40H,1-3,22-25H2,(H,35,41)(H,36,42)"
5,5,"InChI=1S/C34H37N3O8/c38-27-11-4-24(5-12-27)8-15-32(43)36-19-3-21-37(34(45)17-10-26-7-14-29(40)31(42)23-26)20-2-1-18-35-33(44)16-9-25-6-13-28(39)30(41)22-25/h4-17,22-23,38-42H,1-3,18-21H2,(H,35,44)(H,36,43)"
4.79,4.79,"InChI=1S/C34H42O20/c1-10-20(38)24(42)26(44)33(50-10)53-30-21(39)11(2)49-32(28(30)46)48-9-18-22(40)25(43)27(45)34(52-18)54-31-23(41)19-16(37)7-13(47-3)8-17(19)51-29(31)12-4-5-14(35)15(36)6-12/h4-8,10-11,18,20-22,24-28,30,32-40,42-46H,9H2,1-3H3"
2.8,2.8,"InChI=1S/C34H42O23/c1-50-13-2-9(3-14(19(13)39)53-33-28(48)25(45)21(41)16(7-36)55-33)30-31(57-34-29(49)26(46)22(42)17(8-37)56-34)23(43)18-11(38)4-10(5-12(18)52-30)51-32-27(47)24(44)20(40)15(6-35)54-32/h2-5,15-17,20-22,24-29,32-42,44-49H,6-8H2,1H3"
5.97,5.97,"InChI=1S/C34H47NO11/c1-7-35-15-31(16-41-3)20(37)13-21(42-4)33-19-14-32(40)28(45-30(39)18-11-9-8-10-12-18)22(19)34(46-17(2)36,27(38)29(32)44-6)23(26(33)35)24(43-5)25(31)33/h8-12,19-29,37-38,40H,7,13-16H2,1-6H3"
7.57,7.57,"InChI=1S/C35H26O10/c1-16(2)3-9-21-33(42)30(35-32(34(21)43)26(41)15-27(45-35)17-4-7-19(36)8-5-17)22-11-18(6-10-23(22)38)28-14-25(40)31-24(39)12-20(37)13-29(31)44-28/h3-8,10-15,36-39,42-43H,9H2,1-2H3"
6.72,6.72,"InChI=1S/C35H42N2O11/c1-7-46-35(40)48-31-26(42-3)12-18(13-27(31)43-4)33(38)47-28-14-19-17-37-11-10-22-21-9-8-20(41-2)15-24(21)36-30(22)25(37)16-23(19)29(32(28)44-5)34(39)45-6/h8-9,12-13,15,19,23,25,28-29,32,36H,7,10-11,14,16-17H2,1-6H3"
7.39,7.39,"InChI=1S/C36H30O10/c1-39-21-10-7-19(8-11-21)27-17-25(38)35-31(44-6)18-30(43-5)33(36(35)46-27)23-13-20(9-12-26(23)41-3)28-16-24(37)34-29(42-4)14-22(40-2)15-32(34)45-28/h7-18H,1-6H3"
4.77,4.77,"InChI=1S/C36H32O19/c37-16-6-1-14(2-7-16)3-10-23(41)52-31-27(44)25(42)30(34(48)49)54-36(31)55-32-28(45)26(43)29(33(46)47)53-35(32)50-18-8-4-15(5-9-18)21-13-20(40)24-19(39)11-17(38)12-22(24)51-21/h1-13,25-32,35-39,42-45H,(H,46,47)(H,48,49)"
4.71,4.71,"InChI=1S/C36H36O17/c1-48-22-10-15(2-8-18(22)39)3-9-26(42)53-35-33(47)29(43)24(13-37)51-36(35)52-25-14-49-34(32(46)30(25)44)28-20(41)12-23-27(31(28)45)19(40)11-21(50-23)16-4-6-17(38)7-5-16/h2-12,24-25,29-30,32-39,41,43-47H,13-14H2,1H3"
4.21,4.21,"InChI=1S/C36H36O17/c37-13-23-28(43)32(47)35(53-36-33(48)31(46)29(44)24(52-36)14-49-25(42)10-3-15-1-6-17(38)7-2-15)34(51-23)27-20(41)12-22-26(30(27)45)19(40)11-21(50-22)16-4-8-18(39)9-5-16/h1-12,23-24,28-29,31-39,41,43-48H,13-14H2"
4.67,4.67,"InChI=1S/C36H36O18/c1-14-26(43)30(47)34(54-35-31(48)29(46)27(44)23(52-35)13-49-24(42)9-4-15-2-6-17(37)7-3-15)36(50-14)53-33-28(45)25-21(41)11-18(38)12-22(25)51-32(33)16-5-8-19(39)20(40)10-16/h2-12,14,23,26-27,29-31,34-41,43-44,46-48H,13H2,1H3"
3.81,3.81,"InChI=1S/C36H36O18/c37-12-23-28(44)32(48)35(54-36-33(49)31(47)29(45)24(53-36)13-50-25(43)8-3-14-1-5-16(38)6-2-14)34(52-23)27-20(42)11-22-26(30(27)46)19(41)10-21(51-22)15-4-7-17(39)18(40)9-15/h1-11,23-24,28-29,31-40,42,44-49H,12-13H2"
5.17,5.17,"InChI=1S/C36H38O19/c1-48-22-6-15(4-5-18(22)38)31(44)26(13-37)54-35-24(49-2)7-16(8-25(35)50-3)21-11-20(40)30-19(39)9-17(10-23(30)53-21)52-36-34(47)33(46)32(45)27(55-36)14-51-29(43)12-28(41)42/h4-11,26-27,31-34,36-39,44-47H,12-14H2,1-3H3,(H,41,42)"
6.17,6.17,"InChI=1S/C36H49NO12/c1-8-37-16-33(17-43-4)22(47-18(2)38)14-23(44-5)35-21-15-34(42)30(48-32(41)20-12-10-9-11-13-20)24(21)36(49-19(3)39,29(40)31(34)46-7)25(28(35)37)26(45-6)27(33)35/h9-13,21-31,40,42H,8,14-17H2,1-7H3"
7.63,7.63,"InChI=1S/C36H60O7/c1-20(2)10-9-11-21(3)22-12-16-36(8)28(22)23(38)18-26-34(6)15-14-27(33(4,5)25(34)13-17-35(26,36)7)43-32-31(41)30(40)29(39)24(19-37)42-32/h10-11,22-32,37-41H,9,12-19H2,1-8H3"
9.51,9.51,"InChI=1S/C36H62O8/c1-20(2)10-9-14-36(8,44-31-30(42)29(41)28(40)23(19-37)43-31)21-11-16-35(7)27(21)22(38)18-25-33(5)15-13-26(39)32(3,4)24(33)12-17-34(25,35)6/h10,21-31,37-42H,9,11-19H2,1-8H3"
6.59,6.59,"InChI=1S/C36H62O9/c1-19(2)10-9-13-36(8,45-31-29(43)28(42)27(41)23(18-37)44-31)20-11-15-34(6)26(20)21(38)16-24-33(5)14-12-25(40)32(3,4)30(33)22(39)17-35(24,34)7/h10,20-31,37-43H,9,11-18H2,1-8H3"
4.76,4.76,"InChI=1S/C37H34O20/c1-51-22-10-14(2-8-18(22)39)3-9-24(42)54-32-28(45)26(43)31(35(49)50)56-37(32)57-33-29(46)27(44)30(34(47)48)55-36(33)52-17-6-4-15(5-7-17)21-13-20(41)25-19(40)11-16(38)12-23(25)53-21/h2-13,26-33,36-40,43-46H,1H3,(H,47,48)(H,49,50)"
3.96,3.96,"InChI=1S/C37H38N2O7/c1-39-15-13-25-33-28(39)17-22-8-11-29(41-2)31(18-22)45-24-9-6-21(7-10-24)16-27-26-20-32(30(42-3)19-23(26)12-14-38-27)46-35(33)37(44-5)36(43-4)34(25)40/h6-11,18-20,28,40H,12-17H2,1-5H3"
4.21,4.21,"InChI=1S/C37H38O18/c1-50-22-10-15(2-8-18(22)40)3-9-26(43)51-14-25-30(45)32(47)34(49)37(54-25)55-36-33(48)29(44)24(13-38)53-35(36)28-20(42)12-23-27(31(28)46)19(41)11-21(52-23)16-4-6-17(39)7-5-16/h2-12,24-25,29-30,32-40,42,44-49H,13-14H2,1H3"
3.87,3.87,"InChI=1S/C37H38O19/c1-51-22-8-14(2-5-17(22)40)3-7-26(44)52-13-25-30(46)32(48)34(50)37(55-25)56-36-33(49)29(45)24(12-38)54-35(36)28-20(43)11-23-27(31(28)47)19(42)10-21(53-23)15-4-6-16(39)18(41)9-15/h2-11,24-25,29-30,32-41,43,45-50H,12-13H2,1H3"
3.76,3.76,"InChI=1S/C37H40N2O6/c1-38-14-12-24-19-32(41-3)33-21-27(24)28(38)17-23-8-11-30(40)31(18-23)44-26-9-6-22(7-10-26)16-29-35-25(13-15-39(29)2)20-34(42-4)36(43-5)37(35)45-33/h6-11,18-21,28-29,40H,12-17H2,1-5H3"
3.41,3.41,"InChI=1S/C37H40N2O6/c1-38-14-12-24-19-32(42-4)33-21-27(24)28(38)16-22-6-9-26(10-7-22)44-37-35-25(20-34(43-5)36(37)41)13-15-39(2,3)29(35)17-23-8-11-30(40)31(18-23)45-33/h6-11,18-21,28-29H,12-17H2,1-5H3,(H-,40,41)/p+1"
4.65,4.65,"InChI=1S/C37H59NO12/c1-8-18(3)30(42)49-29-27(41)26-20(16-38-15-17(2)9-10-24(38)34(26,7)45)21-14-35-28(36(21,29)46)22(40)13-23-32(35,5)12-11-25(37(23,47)50-35)48-31(43)33(6,44)19(4)39/h17-29,39-41,44-47H,8-16H2,1-7H3"
4.68,4.68,"InChI=1S/C38H36O21/c1-52-22-9-14(3-6-17(22)39)4-8-25(43)56-33-29(46)27(44)32(36(50)51)58-38(33)59-34-30(47)28(45)31(35(48)49)57-37(34)54-16-11-19(41)26-20(42)13-21(55-24(26)12-16)15-5-7-18(40)23(10-15)53-2/h3-13,27-34,37-41,44-47H,1-2H3,(H,48,49)(H,50,51)"
4.9,4.9,"InChI=1S/C38H38O20/c1-51-23-9-16(10-24(52-2)28(23)43)21-13-20(41)27-19(40)11-18(12-22(27)55-21)54-38-35(32(47)31(46)34(57-38)36(49)50)58-37-33(48)30(45)29(44)25(56-37)14-53-26(42)8-5-15-3-6-17(39)7-4-15/h3-13,25,29-35,37-40,43-48H,14H2,1-2H3,(H,49,50)"
4.25,4.25,"InChI=1S/C38H40N2O7/c1-40-16-14-26-34-29(40)18-23-9-12-30(41-2)32(19-23)46-25-10-7-22(8-11-25)17-28-27-21-33(31(42-3)20-24(27)13-15-39-28)47-36(34)38(45-6)37(44-5)35(26)43-4/h7-12,19-21,29H,13-18H2,1-6H3"
4.19,4.19,"InChI=1S/C38H40O19/c1-51-22-9-15(3-6-17(22)40)4-8-27(44)53-14-26-31(46)33(48)35(50)38(56-26)57-37-34(49)30(45)25(13-39)55-36(37)29-20(43)12-24-28(32(29)47)19(42)11-21(54-24)16-5-7-18(41)23(10-16)52-2/h3-12,25-26,30-31,33-41,43,45-50H,13-14H2,1-2H3"
4.19,4.19,"InChI=1S/C38H42N2O6/c1-39-15-13-25-20-32(42-4)34-22-28(25)29(39)17-23-7-10-27(11-8-23)45-33-19-24(9-12-31(33)41-3)18-30-36-26(14-16-40(30)2)21-35(43-5)37(44-6)38(36)46-34/h7-12,19-22,29-30H,13-18H2,1-6H3"
8.57,8.57,"InChI=1S/C38H60O12/c1-17-8-11-38(46-15-17)18(2)28-26(50-38)14-24-22-7-6-20-12-21(39)13-27(37(20,5)23(22)9-10-36(24,28)4)48-35-33(30(42)25(40)16-45-35)49-34-32(44)31(43)29(41)19(3)47-34/h6,17-19,21-35,39-44H,7-16H2,1-5H3"
4.41,4.41,"InChI=1S/C39H44N2O7/c1-40-16-14-25-21-32(43-4)34-22-28(25)29(40)18-23-8-11-26(12-9-23)47-33-20-24(10-13-31(33)42-3)19-30-35-27(15-17-41(30)2)36(44-5)38(45-6)39(46-7)37(35)48-34/h8-13,20-22,29-30H,14-19H2,1-7H3"
7.45,7.45,"InChI=1S/C39H58O14/c1-34(2)11-13-39(32(48)49)14-12-36(4)19(20(39)16-34)7-8-23-35(3)17-21(40)30(47)38(6,24(35)9-10-37(23,36)5)33(50)53-31-29(46)28(45)27(44)22(52-31)18-51-26(43)15-25(41)42/h7,20-24,27-31,40,44-47H,8-18H2,1-6H3,(H,41,42)(H,48,49)"
5.04,5.04,"InChI=1S/C39H61NO13/c1-9-19(3)32(44)52-31-29(43)28-22(17-40-16-18(2)10-11-26(40)36(28,8)47)23-15-37-30(38(23,31)48)24(42)14-25-34(37,6)13-12-27(39(25,49)53-37)51-33(45)35(7,46)20(4)50-21(5)41/h18-20,22-31,42-43,46-49H,9-17H2,1-8H3"
4.94,4.94,"InChI=1S/C39H63NO10/c1-18-6-9-26-19(2)29-27(40(26)16-18)15-25-23-8-7-21-14-22(10-12-38(21,4)24(23)11-13-39(25,29)5)48-37-35(33(45)31(43)28(17-41)49-37)50-36-34(46)32(44)30(42)20(3)47-36/h7,18-20,22-37,41-46H,6,8-17H2,1-5H3"
4.65,4.65,"InChI=1S/C39H63NO11/c1-18-5-8-25-19(2)29-26(40(25)15-18)14-24-22-7-6-20-13-21(9-11-38(20,3)23(22)10-12-39(24,29)4)48-37-34(47)35(31(44)28(17-42)50-37)51-36-33(46)32(45)30(43)27(16-41)49-36/h6,18-19,21-37,41-47H,5,7-17H2,1-4H3"
4.69,4.69,"InChI=1S/C39H66O16/c1-17(16-51-34-32(47)30(45)28(43)25(14-40)53-34)5-10-39(50)18(2)27-23(55-39)11-21-19-6-9-38(49)13-24(52-35-33(48)31(46)29(44)26(15-41)54-35)22(42)12-37(38,4)20(19)7-8-36(21,27)3/h17-35,40-50H,5-16H2,1-4H3"
8.22,8.22,"InChI=1S/C40H34O10/c1-19(2)5-6-23-12-21(7-9-29(23)42)28-18-50-40-35(32(45)16-33(46)37(40)39(28)48)26(11-20(3)4)25-13-22(8-10-30(25)43)27-17-49-34-15-24(41)14-31(44)36(34)38(27)47/h5,7-18,26,41-46H,6H2,1-4H3"
7.96,7.96,"InChI=1S/C41H66O12/c1-21-28(44)30(46)31(47)33(51-21)53-32-29(45)24(43)19-50-34(32)52-27-11-12-37(4)25(38(27,5)20-42)10-13-40(7)26(37)9-8-22-23-18-36(2,3)14-16-41(23,35(48)49)17-15-39(22,40)6/h8,21,23-34,42-47H,9-20H2,1-7H3,(H,48,49)"
7.44,7.44,"InChI=1S/C41H66O13/c1-36(2)16-21-20-8-9-24-38(4)12-11-26(39(5,19-42)23(38)10-13-41(24,7)40(20,6)15-14-37(21,3)25(44)17-36)52-35-32(29(47)28(46)31(53-35)33(49)50)54-34-30(48)27(45)22(43)18-51-34/h8,21-32,34-35,42-48H,9-19H2,1-7H3,(H,49,50)"
6.11,6.11,"InChI=1S/C41H70O13/c1-20(2)10-9-13-41(8,54-36-33(50)31(48)30(47)25(53-36)19-52-35-32(49)29(46)24(44)18-51-35)21-11-15-39(6)28(21)22(42)16-26-38(5)14-12-27(45)37(3,4)34(38)23(43)17-40(26,39)7/h10,21-36,42-50H,9,11-19H2,1-8H3"
4.48,4.48,"InChI=1S/C42H46O23/c1-15-28(49)34(55)39(65-41-36(57)33(54)30(51)25(63-41)14-58-26(48)9-4-16-2-6-18(44)7-3-16)42(59-15)64-38-31(52)27-22(47)11-19(60-40-35(56)32(53)29(50)24(13-43)62-40)12-23(27)61-37(38)17-5-8-20(45)21(46)10-17/h2-12,15,24-25,28-30,32-36,39-47,49-51,53-57H,13-14H2,1H3"
6.65,6.84,"InChI=1S/C42H62O16/c1-37(2)21-8-11-42(7)31(20(43)16-18-19-17-39(4,36(53)54)13-12-38(19,3)14-15-41(18,42)6)40(21,5)10-9-22(37)55-35-30(26(47)25(46)29(57-35)33(51)52)58-34-27(48)23(44)24(45)28(56-34)32(49)50/h16,19,21-31,34-35,44-48H,8-15,17H2,1-7H3,(H,49,50)(H,51,52)(H,53,54)"
6.36,6.36,"InChI=1S/C42H62O17/c1-37-11-12-38(2,36(54)55)16-19(37)18-15-20(44)31-39(3)9-8-22(40(4,17-43)21(39)7-10-42(31,6)41(18,5)14-13-37)56-35-30(26(48)25(47)29(58-35)33(52)53)59-34-27(49)23(45)24(46)28(57-34)32(50)51/h15,19,21-31,34-35,43,45-49H,7-14,16-17H2,1-6H3,(H,50,51)(H,52,53)(H,54,55)"
6.45,6.45,"InChI=1S/C42H64O15/c1-37(2)21-10-13-42(7)22(9-8-19-20-18-39(4,36(52)53)15-14-38(20,3)16-17-41(19,42)6)40(21,5)12-11-23(37)54-35-31(27(46)26(45)30(56-35)33(50)51)57-34-28(47)24(43)25(44)29(55-34)32(48)49/h8,20-31,34-35,43-47H,9-18H2,1-7H3,(H,48,49)(H,50,51)(H,52,53)"
6.15,6.15,"InChI=1S/C42H64O16/c1-37-13-14-38(2,36(53)54)17-20(37)19-7-8-22-39(3)11-10-23(40(4,18-43)21(39)9-12-42(22,6)41(19,5)16-15-37)55-35-31(27(47)26(46)30(57-35)33(51)52)58-34-28(48)24(44)25(45)29(56-34)32(49)50/h7,20-31,34-35,43-48H,8-18H2,1-6H3,(H,49,50)(H,51,52)(H,53,54)"
7.84,7.84,"InChI=1S/C42H66O14/c1-37(2)16-21-20-8-9-24-39(4)12-11-26(40(5,19-44)23(39)10-13-42(24,7)41(20,6)15-14-38(21,3)25(45)17-37)54-36-33(30(49)29(48)32(55-36)34(51)52)56-35-31(50)28(47)27(46)22(18-43)53-35/h8,21-24,26-33,35-36,43-44,46-50H,9-19H2,1-7H3,(H,51,52)"
7.55,7.55,"InChI=1S/C42H66O15/c1-37(2)13-15-42(36(52)53)16-14-40(5)20(21(42)17-37)7-8-24-38(3)11-10-25(39(4,19-44)23(38)9-12-41(24,40)6)55-35-30(49)31(29(48)32(57-35)33(50)51)56-34-28(47)27(46)26(45)22(18-43)54-34/h7,21-32,34-35,43-49H,8-19H2,1-6H3,(H,50,51)(H,52,53)"
8.25,8.25,"InChI=1S/C42H68O13/c1-21-28(46)33(55-34-31(49)30(48)29(47)22(18-43)53-34)32(50)35(52-21)54-27-10-11-37(4)23(38(27,5)19-44)8-12-39(6)24(37)9-13-42-25-16-36(2,3)14-15-41(25,20-51-42)26(45)17-40(39,42)7/h9,13,21-35,43-50H,8,10-12,14-20H2,1-7H3"
7.01,7.01,"InChI=1S/C42H68O15/c1-37(2)11-13-42(36(52)53)14-12-40(5)20(21(42)15-37)7-8-26-38(3)16-22(46)33(39(4,19-45)25(38)9-10-41(26,40)6)57-35-31(51)29(49)32(24(18-44)55-35)56-34-30(50)28(48)27(47)23(17-43)54-34/h7,21-35,43-51H,8-19H2,1-6H3,(H,52,53)"
9.63,9.63,"InChI=1S/C42H70O12/c1-21(2)10-9-11-22(3)23-12-16-42(8)30(23)24(45)18-28-40(6)15-14-29(39(4,5)27(40)13-17-41(28,42)7)53-38-36(34(49)32(47)26(20-44)52-38)54-37-35(50)33(48)31(46)25(19-43)51-37/h10-11,23-38,43-50H,9,12-20H2,1-8H3"
5.79,5.79,"InChI=1S/C43H48N4O6/c1-49-29-9-5-7-27-31(29)47-23-40-21-24-20-38-13-18-51-30(38)10-15-45-16-12-42(27,35(38)45)43(24,47)53-37(40)46-17-11-41-26-6-3-4-8-28(26)44-32(41)25(33(48)50-2)22-39(34(41)46)14-19-52-36(39)40/h3-9,24,30,34-37,44H,10-23H2,1-2H3"
3.76,3.76,"InChI=1S/C43H48O23/c1-16-39(66-29(48)8-5-17-3-6-19(45)7-4-17)35(54)38(57)41(60-16)59-15-28-32(51)34(53)37(56)43(65-28)63-26-13-21-23(61-40(26)18-9-22(47)30(49)25(10-18)58-2)11-20(46)12-24(21)62-42-36(55)33(52)31(50)27(14-44)64-42/h3-13,16,27-28,31-39,41-44,50-57H,14-15H2,1-2H3,(H3-,45,46,47,48,49)/p+1"
5.59,5.59,"InChI=1S/C44H70O17/c1-18(16-55-40-37(53)36(52)34(50)29(15-45)59-40)6-9-27-19(2)31-28(58-27)14-25-23-8-7-21-12-22(46)13-30(44(21,5)24(23)10-11-43(25,31)4)60-42-39(33(49)26(47)17-56-42)61-41-38(54)35(51)32(48)20(3)57-41/h7,18,20,22-26,28-42,45-54H,6,8-17H2,1-5H3"
4.48,4.48,"InChI=1S/C44H72O18/c1-18(16-56-39-36(53)35(52)33(50)28(15-45)59-39)8-11-44(55)19(2)30-27(62-44)14-25-23-7-6-21-12-22(46)13-29(43(21,5)24(23)9-10-42(25,30)4)60-41-38(32(49)26(47)17-57-41)61-40-37(54)34(51)31(48)20(3)58-40/h6,18-20,22-41,45-55H,7-17H2,1-5H3"
7.38,7.38,"InChI=1S/C45H70O17/c1-21-33-29(62-45(21)13-8-23(20-57-45)19-56-32(49)17-42(3,55)16-31(47)48)15-28-26-7-6-24-14-25(9-11-43(24,4)27(26)10-12-44(28,33)5)59-41-39(37(53)35(51)30(18-46)60-41)61-40-38(54)36(52)34(50)22(2)58-40/h6,21-23,25-30,33-41,46,50-55H,7-20H2,1-5H3,(H,47,48)"
4.52,4.52,"InChI=1S/C45H71NO15/c1-18-7-8-26-19(2)31-27(46(26)16-18)15-25-30-24(10-12-45(25,31)6)44(5)11-9-23(13-22(44)14-28(30)48)58-43-40(61-42-37(54)35(52)33(50)21(4)57-42)38(55)39(29(17-47)59-43)60-41-36(53)34(51)32(49)20(3)56-41/h14,18-21,23-27,29-43,47,49-55H,7-13,15-17H2,1-6H3"
5.71,5.71,"InChI=1S/C45H72O17/c1-18-9-14-45(62-39(18)54)19(2)29-27(61-45)16-26-24-8-7-22-15-23(10-12-43(22,5)25(24)11-13-44(26,29)6)57-42-38(60-41-35(52)33(50)31(48)21(4)56-41)36(53)37(28(17-46)58-42)59-40-34(51)32(49)30(47)20(3)55-40/h7,18-21,23-42,46-54H,8-17H2,1-6H3"
5.61,5.61,"InChI=1S/C45H72O18/c1-17-9-12-45(63-39(17)55)18(2)29-26(62-45)14-25-23-8-7-21-13-22(10-11-43(21,5)24(23)15-28(47)44(25,29)6)58-42-38(61-41-35(53)33(51)31(49)20(4)57-41)36(54)37(27(16-46)59-42)60-40-34(52)32(50)30(48)19(3)56-40/h7,17-20,22-42,46-55H,8-16H2,1-6H3"
5.2,5.2,"InChI=1S/C45H72O18/c1-18(17-57-43-40(37(54)34(51)29(16-47)61-43)63-41-38(55)35(52)32(49)20(3)58-41)6-9-26-19(2)31-27(59-26)14-25-23-8-7-21-12-22(48)13-30(45(21,5)24(23)10-11-44(25,31)4)62-42-39(56)36(53)33(50)28(15-46)60-42/h7,18,20,22-25,27-43,46-56H,6,8-17H2,1-5H3"
5.01,5.01,"InChI=1S/C45H73NO14/c1-19-7-10-28-20(2)31-29(46(28)17-19)16-27-25-9-8-23-15-24(11-13-44(23,5)26(25)12-14-45(27,31)6)57-43-40(60-42-37(53)35(51)33(49)22(4)56-42)38(54)39(30(18-47)58-43)59-41-36(52)34(50)32(48)21(3)55-41/h8,19-22,24-43,47-54H,7,9-18H2,1-6H3"
4.95,4.95,"InChI=1S/C45H73NO15/c1-19-6-9-27-20(2)31-28(46(27)16-19)15-26-24-8-7-22-14-23(10-12-44(22,4)25(24)11-13-45(26,31)5)57-43-40(61-41-37(54)35(52)32(49)21(3)56-41)39(34(51)30(18-48)59-43)60-42-38(55)36(53)33(50)29(17-47)58-42/h7,19-21,23-43,47-55H,6,8-18H2,1-5H3"
4.62,4.62,"InChI=1S/C45H73NO16/c1-19-8-13-45(46-16-19)20(2)30-27(62-45)15-26-24-7-6-22-14-23(9-11-43(22,4)25(24)10-12-44(26,30)5)57-42-39(61-40-36(54)34(52)31(49)21(3)56-40)38(33(51)29(18-48)59-42)60-41-37(55)35(53)32(50)28(17-47)58-41/h6,19-21,23-42,46-55H,7-18H2,1-5H3"
4.34,4.34,"InChI=1S/C45H74O19/c1-18(17-58-42-39(36(54)33(51)28(16-47)61-42)63-40-37(55)34(52)31(49)20(3)59-40)8-11-45(57)19(2)30-26(64-45)14-25-23-7-6-21-12-22(48)13-29(44(21,5)24(23)9-10-43(25,30)4)62-41-38(56)35(53)32(50)27(15-46)60-41/h6,18-20,22-42,46-57H,7-17H2,1-5H3"
4.24,4.24,"InChI=1S/C45H75NO18/c1-18-11-29(50)45(46-14-18)19(2)30-25(64-45)13-24-22-6-5-20-12-21(7-9-43(20,3)23(22)8-10-44(24,30)4)58-40-37(57)35(55)38(28(17-49)61-40)62-42-39(34(54)32(52)27(16-48)60-42)63-41-36(56)33(53)31(51)26(15-47)59-41/h18-42,46-57H,5-17H2,1-4H3"
4.64,4.64,"InChI=1S/C45H76O20/c1-18(17-59-40-37(56)34(53)31(50)27(14-46)61-40)7-10-45(58)19(2)30-26(65-45)12-23-21-6-5-20-11-25(24(49)13-44(20,4)22(21)8-9-43(23,30)3)60-42-39(36(55)33(52)29(16-48)63-42)64-41-38(57)35(54)32(51)28(15-47)62-41/h18-42,46-58H,5-17H2,1-4H3"
7.85,7.85,"InChI=1S/C47H74O17/c1-21-29(51)31(53)34(56)39(60-21)63-36-30(52)24(49)19-59-40(36)64-37-33(55)32(54)35(38(57)58)62-41(37)61-28-12-13-44(5)25(45(28,6)20-48)11-14-47(8)26(44)10-9-22-23-17-42(2,3)18-27(50)43(23,4)15-16-46(22,47)7/h9,21,23-26,28-37,39-41,48-49,51-56H,10-20H2,1-8H3,(H,57,58)"
7.28,7.28,"InChI=1S/C47H76O17/c1-21-29(51)31(53)34(56)39(60-21)63-36-30(52)24(49)19-59-40(36)64-37-33(55)32(54)35(38(57)58)62-41(37)61-28-12-13-44(5)25(45(28,6)20-48)11-14-47(8)26(44)10-9-22-23-17-42(2,3)18-27(50)43(23,4)15-16-46(22,47)7/h9,21,23-37,39-41,48-56H,10-20H2,1-8H3,(H,57,58)"
6.06,6.06,"InChI=1S/C47H76O18/c1-42(2)14-15-47(41(59)65-40-35(57)33(55)31(53)25(19-49)62-40)22(16-42)21-8-9-27-44(5)12-11-29(43(3,4)26(44)10-13-45(27,6)46(21,7)17-28(47)51)63-38-36(58)37(23(50)20-60-38)64-39-34(56)32(54)30(52)24(18-48)61-39/h8,22-40,48-58H,9-20H2,1-7H3"
5.73,5.73,"InChI=1S/C47H76O18/c1-42(2)16-22-21-8-9-26-44(4)12-11-28(45(5,20-49)25(44)10-13-47(26,7)46(21,6)15-14-43(22,3)27(51)17-42)62-41-37(33(56)32(55)35(63-41)38(58)59)65-40-36(31(54)30(53)24(18-48)61-40)64-39-34(57)29(52)23(50)19-60-39/h8,22-37,39-41,48-57H,9-20H2,1-7H3,(H,58,59)"
7.96,7.96,"InChI=1S/C48H72O18/c1-21-30(51)24(50)17-29(61-21)62-28-19-43(2,3)18-23-22-9-10-26-45(5)13-12-27(46(6,20-49)25(45)11-14-48(26,8)47(22,7)16-15-44(23,28)4)63-42-38(34(55)33(54)37(65-42)40(59)60)66-41-35(56)31(52)32(53)36(64-41)39(57)58/h9,23,25-29,31-38,41-42,49,51-56H,10-20H2,1-8H3,(H,57,58)(H,59,60)"
7.57,7.57,"InChI=1S/C48H74O19/c1-20-27(51)28(52)33(57)40(62-20)66-37-32(56)30(54)35(39(60)61)65-42(37)67-36-31(55)29(53)34(38(58)59)64-41(36)63-26-12-13-45(5)23(46(26,6)19-49)11-14-48(8)24(45)10-9-21-22-17-43(2,3)18-25(50)44(22,4)15-16-47(21,48)7/h9-10,20,23-37,40-42,49-57H,11-19H2,1-8H3,(H,58,59)(H,60,61)"
7.62,7.62,"InChI=1S/C48H76O18/c1-21-29(52)31(54)35(58)40(61-21)65-37-32(55)30(53)24(19-49)62-41(37)66-38-34(57)33(56)36(39(59)60)64-42(38)63-28-12-13-45(5)25(46(28,6)20-50)11-14-48(8)26(45)10-9-22-23-17-43(2,3)18-27(51)44(23,4)15-16-47(22,48)7/h9,21,23-26,28-38,40-42,49-50,52-58H,10-20H2,1-8H3,(H,59,60)"
7.06,7.06,"InChI=1S/C48H76O19/c1-20-27(51)28(52)33(57)40(62-20)66-37-32(56)30(54)35(39(60)61)65-42(37)67-36-31(55)29(53)34(38(58)59)64-41(36)63-26-12-13-45(5)23(46(26,6)19-49)11-14-48(8)24(45)10-9-21-22-17-43(2,3)18-25(50)44(22,4)15-16-47(21,48)7/h9,20,22-37,40-42,49-57H,10-19H2,1-8H3,(H,58,59)(H,60,61)"
6.18,6.18,"InChI=1S/C48H76O19/c1-43(2)14-16-48(42(61)67-40-35(58)31(54)29(52)24(20-50)63-40)17-15-46(6)21(22(48)18-43)8-9-26-45(5)12-11-27(44(3,4)25(45)10-13-47(26,46)7)64-41-37(33(56)32(55)36(65-41)38(59)60)66-39-34(57)30(53)28(51)23(19-49)62-39/h8,22-37,39-41,49-58H,9-20H2,1-7H3,(H,59,60)"
7.49,7.49,"InChI=1S/C48H76O19/c1-43(2)16-22-21-8-9-26-45(4)12-11-28(46(5,20-51)25(45)10-13-48(26,7)47(21,6)15-14-44(22,3)27(52)17-43)64-42-38(34(58)33(57)36(65-42)39(60)61)67-41-37(32(56)30(54)24(19-50)63-41)66-40-35(59)31(55)29(53)23(18-49)62-40/h8,22-26,28-38,40-42,49-51,53-59H,9-20H2,1-7H3,(H,60,61)"
6.29,6.29,"InChI=1S/C48H78O17/c1-22-31(52)33(54)37(58)41(61-22)65-39-26(20-60-40-36(57)34(55)32(53)25(19-49)62-40)63-42(38(59)35(39)56)64-30-12-13-45(6)27(44(30,4)5)11-14-46(7)28(45)10-9-23-24-17-43(2,3)15-16-48(24,21-50)29(51)18-47(23,46)8/h9-10,22,25-42,49-59H,11-21H2,1-8H3"
7.09,7.09,"InChI=1S/C48H78O18/c1-21-29(52)31(54)35(58)40(61-21)65-37-32(55)30(53)24(19-49)62-41(37)66-38-34(57)33(56)36(39(59)60)64-42(38)63-28-12-13-45(5)25(46(28,6)20-50)11-14-48(8)26(45)10-9-22-23-17-43(2,3)18-27(51)44(23,4)15-16-47(22,48)7/h9,21,23-38,40-42,49-58H,10-20H2,1-8H3,(H,59,60)"
6.92,6.92,"InChI=1S/C48H78O18/c1-22-30(52)38(66-40-35(57)33(55)37(26(20-50)63-40)65-39-34(56)32(54)31(53)25(19-49)62-39)36(58)41(61-22)64-29-11-12-44(4)27(45(29,5)21-51)10-13-47(7)28(44)9-8-23-24-18-43(2,3)14-16-48(24,42(59)60)17-15-46(23,47)6/h8,22,24-41,49-58H,9-21H2,1-7H3,(H,59,60)"
5.21,5.21,"InChI=1S/C48H78O19/c1-20-10-13-48(15-14-46(6)23(29(48)21(20)2)8-9-28-44(4)16-24(51)39(60)45(5,19-50)27(44)11-12-47(28,46)7)43(61)67-42-36(58)33(55)31(53)26(65-42)18-62-40-37(59)34(56)38(25(17-49)64-40)66-41-35(57)32(54)30(52)22(3)63-41/h8,20-22,24-42,49-60H,9-19H2,1-7H3"
6.97,6.97,"InChI=1S/C48H78O19/c1-43(2)16-22-21-8-9-26-45(4)12-11-28(46(5,20-51)25(45)10-13-48(26,7)47(21,6)15-14-44(22,3)27(52)17-43)64-42-38(34(58)33(57)36(65-42)39(60)61)67-41-37(32(56)30(54)24(19-50)63-41)66-40-35(59)31(55)29(53)23(18-49)62-40/h8,22-38,40-42,49-59H,9-20H2,1-7H3,(H,60,61)"
4.88,4.88,"InChI=1S/C48H78O20/c1-19-10-11-48(13-12-46(6)22(28(48)20(19)2)8-9-27-44(4)14-24(52)39(61)45(5,18-50)38(44)23(51)15-47(27,46)7)43(62)68-42-35(59)32(56)30(54)26(66-42)17-63-40-36(60)33(57)37(25(16-49)65-40)67-41-34(58)31(55)29(53)21(3)64-41/h8,19-21,23-42,49-61H,9-18H2,1-7H3"
5.81,5.81,"InChI=1S/C48H78O20/c1-43(2)16-21-20-8-9-25-45(4)12-11-26(46(5,19-51)24(45)10-13-48(25,7)47(20,6)15-14-44(21,3)38(60)37(43)59)65-42-36(32(57)31(56)34(66-42)39(61)62)68-41-35(30(55)28(53)23(18-50)64-41)67-40-33(58)29(54)27(52)22(17-49)63-40/h8,21-38,40-42,49-60H,9-19H2,1-7H3,(H,61,62)"
4.01,4.01,"InChI=1S/C49H58O29/c1-68-23-10-17(2-8-21(23)55)3-9-29(57)75-44-36(63)32(59)26(14-51)72-48(44)78-45-37(64)33(60)27(15-52)73-49(45)77-43-34(61)30-22(56)11-20(12-24(30)70-41(43)18-4-6-19(54)7-5-18)69-46-40(67)38(65)42(28(16-53)74-46)76-47-39(66)35(62)31(58)25(13-50)71-47/h2-12,25-28,31-33,35-40,42,44-56,58-60,62-67H,13-16H2,1H3"
4.15,4.15,"InChI=1S/C49H80O22/c1-19(16-63-43-39(60)37(58)35(56)30(15-50)67-43)8-11-49(62)20(2)32-29(71-49)14-26-24-7-6-22-12-23(51)13-31(48(22,5)25(24)9-10-47(26,32)4)68-46-42(70-45-40(61)36(57)33(54)21(3)66-45)41(28(53)18-65-46)69-44-38(59)34(55)27(52)17-64-44/h6,19-21,23-46,50-62H,7-18H2,1-5H3"
4.72,4.72,"InChI=1S/C50H81NO21/c1-20-7-12-50(51-15-20)21(2)32-28(72-50)14-26-24-6-5-22-13-23(8-10-48(22,3)25(24)9-11-49(26,32)4)65-45-40(63)37(60)41(31(18-54)68-45)69-47-43(71-46-39(62)36(59)34(57)29(16-52)66-46)42(35(58)30(17-53)67-47)70-44-38(61)33(56)27(55)19-64-44/h5,20-21,23-47,51-63H,6-19H2,1-4H3"
4.81,4.81,"InChI=1S/C50H83NO21/c1-20-7-12-50(51-15-20)21(2)32-28(72-50)14-26-24-6-5-22-13-23(8-10-48(22,3)25(24)9-11-49(26,32)4)65-45-40(63)37(60)41(31(18-54)68-45)69-47-43(71-46-39(62)36(59)34(57)29(16-52)66-46)42(35(58)30(17-53)67-47)70-44-38(61)33(56)27(55)19-64-44/h20-47,51-63H,5-19H2,1-4H3"
4.02,4.02,"InChI=1S/C50H83NO22/c1-19-13-50(64)43(51-14-19)20(2)31-27(73-50)12-25-23-6-5-21-11-22(7-9-48(21,3)24(23)8-10-49(25,31)4)66-45-39(63)36(60)40(30(17-54)69-45)70-47-42(72-46-38(62)35(59)33(57)28(15-52)67-46)41(34(58)29(16-53)68-47)71-44-37(61)32(56)26(55)18-65-44/h19-47,51-64H,5-18H2,1-4H3"
4.31,4.31,"InChI=1S/C50H85NO22/c1-20(15-51)7-12-50(64)21(2)32-28(73-50)14-26-24-6-5-22-13-23(8-10-48(22,3)25(24)9-11-49(26,32)4)66-45-40(63)37(60)41(31(18-54)69-45)70-47-43(72-46-39(62)36(59)34(57)29(16-52)67-46)42(35(58)30(17-53)68-47)71-44-38(61)33(56)27(55)19-65-44/h20-47,52-64H,5-19,51H2,1-4H3"
4.32,4.32,"InChI=1S/C50H85NO22/c1-20-7-12-50(51-15-20)21(2)32-29(73-50)14-26-24-6-5-22-13-23(8-10-48(22,3)25(24)9-11-49(26,32)4)67-45-40(64)37(61)41(31(18-54)69-45)70-47-43(66-19-28(56)34(58)33(57)27(55)16-52)42(35(59)30(17-53)68-47)71-46-39(63)36(60)38(62)44(65)72-46/h20-47,51-65H,5-19H2,1-4H3"
7.33,7.33,"InChI=1S/C51H80O21/c1-22(54)66-35-25(20-52)67-43(34(60)36(35)65-9)71-40-33(59)31(57)38(42(63)64)70-45(40)72-39-32(58)30(56)37(41(61)62)69-44(39)68-29-13-14-48(5)26(49(29,6)21-53)12-15-51(8)27(48)11-10-23-24-18-46(2,3)19-28(55)47(24,4)16-17-50(23,51)7/h10,24-40,43-45,52-53,55-60H,11-21H2,1-9H3,(H,61,62)(H,63,64)"
6.73,6.73,"InChI=1S/C51H80O21/c1-22-32(57)34(59)38(63)43(66-22)71-40-35(60)33(58)25(20-52)67-44(40)72-41-37(62)36(61)39(42(64)65)70-45(41)69-28-12-13-48(5)26(49(28,6)21-53)11-14-51(8)27(48)10-9-23-24-18-46(2,3)19-29(68-31(56)17-30(54)55)47(24,4)15-16-50(23,51)7/h9,22,24-29,32-41,43-45,52-53,57-63H,10-21H2,1-8H3,(H,54,55)(H,64,65)"
4.5,4.5,"InChI=1S/C51H82O23/c1-19-31-27(73-51(19)12-11-48(4,74-51)18-65-44-38(61)37(60)34(57)28(16-52)69-44)15-25-30-24(8-10-50(25,31)6)49(5)9-7-23(13-22(49)14-26(30)54)68-47-43(72-46-40(63)36(59)33(56)21(3)67-46)41(64)42(29(17-53)70-47)71-45-39(62)35(58)32(55)20(2)66-45/h14,19-21,23-47,52-64H,7-13,15-18H2,1-6H3"
5.05,5.05,"InChI=1S/C51H84O22/c1-20(19-65-45-39(60)38(59)35(56)30(17-52)69-45)9-14-51(64)21(2)32-29(73-51)16-28-26-8-7-24-15-25(10-12-49(24,5)27(26)11-13-50(28,32)6)68-48-44(72-47-41(62)37(58)34(55)23(4)67-47)42(63)43(31(18-53)70-48)71-46-40(61)36(57)33(54)22(3)66-46/h7,20-23,25-48,52-64H,8-19H2,1-6H3"
4.99,4.99,"InChI=1S/C51H84O23/c1-20(19-66-45-40(62)38(60)34(56)29(16-52)69-45)8-13-51(65)21(2)32-28(74-51)15-27-25-7-6-23-14-24(9-11-49(23,4)26(25)10-12-50(27,32)5)68-48-44(73-46-41(63)37(59)33(55)22(3)67-46)43(36(58)31(18-54)71-48)72-47-42(64)39(61)35(57)30(17-53)70-47/h6,20-22,24-48,52-65H,7-19H2,1-5H3"
4.91,4.91,"InChI=1S/C51H86O24/c1-20(19-67-45-40(63)36(59)33(56)28(15-52)69-45)7-12-51(66)21(2)32-27(75-51)14-26-24-6-5-22-13-23(8-10-49(22,3)25(24)9-11-50(26,32)4)68-46-42(65)39(62)43(31(18-55)72-46)73-48-44(38(61)35(58)30(17-54)71-48)74-47-41(64)37(60)34(57)29(16-53)70-47/h20-48,52-66H,5-19H2,1-4H3"
4.78,4.78,"InChI=1S/C52H85NO23/c1-20-12-33(68-22(3)57)52(53-15-20)21(2)34-29(76-52)14-27-25-7-6-23-13-24(8-10-50(23,4)26(25)9-11-51(27,34)5)69-47-42(66)39(63)43(32(18-56)72-47)73-49-45(75-48-41(65)38(62)36(60)30(16-54)70-48)44(37(61)31(17-55)71-49)74-46-40(64)35(59)28(58)19-67-46/h20-21,23-49,53-56,58-66H,6-19H2,1-5H3"
4.29,4.29,"InChI=1S/C52H85NO24/c1-19-14-53-44-20(2)32-28(77-52(44,67)45(19)69-21(3)57)13-26-24-7-6-22-12-23(8-10-50(22,4)25(24)9-11-51(26,32)5)70-47-40(66)37(63)41(31(17-56)73-47)74-49-43(76-48-39(65)36(62)34(60)29(15-54)71-48)42(35(61)30(16-55)72-49)75-46-38(64)33(59)27(58)18-68-46/h19-20,22-49,53-56,58-67H,6-18H2,1-5H3"
7.79,7.79,"InChI=1S/C53H82O20/c1-23-34(57)27(55)18-33(67-23)69-32-20-48(3,4)19-26-25-10-11-30-50(6)14-13-31(51(7,22-54)29(50)12-15-53(30,9)52(25,8)17-16-49(26,32)5)70-47-43(39(62)38(61)41(71-47)44(64)65)73-46-42(36(59)28(56)21-66-46)72-45-40(63)37(60)35(58)24(2)68-45/h10,24,26,28-33,35-43,45-47,54,56-63H,11-22H2,1-9H3,(H,64,65)"
5.86,5.86,"InChI=1S/C53H86O21/c1-22-31(56)34(59)38(63)44(68-22)71-30-19-48(3,4)18-25-24-10-11-28-50(6)14-13-29(51(7,21-54)27(50)12-15-53(28,9)52(24,8)17-16-49(25,30)5)70-47-42(37(62)36(61)40(72-47)43(65)66)74-46-41(33(58)26(55)20-67-46)73-45-39(64)35(60)32(57)23(2)69-45/h10,22-23,25-42,44-47,54-64H,11-21H2,1-9H3,(H,65,66)"
5.56,5.56,"InChI=1S/C53H86O22/c1-22-31(57)34(60)39(65)45(69-22)72-30-18-48(2,3)17-24-23-9-10-28-50(5)13-12-29(51(6,21-55)27(50)11-14-53(28,8)52(23,7)16-15-49(24,30)4)71-47-42(37(63)36(62)40(73-47)43(66)67)75-46-41(35(61)33(59)26(19-54)70-46)74-44-38(64)32(58)25(56)20-68-44/h9,22,24-42,44-47,54-65H,10-21H2,1-8H3,(H,66,67)"
5.5,5.5,"InChI=1S/C53H86O23/c1-48(2)16-23-22-8-9-28-50(4)12-11-29(51(5,21-56)27(50)10-13-53(28,7)52(22,6)15-14-49(23,3)17-30(48)73-44-38(65)31(58)24(57)20-69-44)72-47-42(37(64)36(63)40(74-47)43(67)68)76-46-41(35(62)33(60)26(19-55)71-46)75-45-39(66)34(61)32(59)25(18-54)70-45/h8,23-42,44-47,54-66H,9-21H2,1-7H3,(H,67,68)"
6.14,6.14,"InChI=1S/C53H90O22/c1-23(2)10-9-14-53(8,75-47-43(67)39(63)37(61)29(72-47)22-69-45-41(65)34(58)26(57)21-68-45)24-11-16-52(7)33(24)25(56)18-31-50(5)15-13-32(49(3,4)30(50)12-17-51(31,52)6)73-48-44(40(64)36(60)28(20-55)71-48)74-46-42(66)38(62)35(59)27(19-54)70-46/h10,24-48,54-67H,9,11-22H2,1-8H3"
7.66,7.66,"InChI=1S/C54H82O22/c1-22-32(57)26(56)18-31(69-22)71-30-20-49(3,4)19-25-24-10-11-28-51(6)14-13-29(52(7,21-55)27(51)12-15-54(28,9)53(24,8)17-16-50(25,30)5)72-47-42(37(62)35(60)40(73-47)44(65)66)76-48-43(38(63)36(61)41(74-48)45(67)68)75-46-39(64)34(59)33(58)23(2)70-46/h10,23,25,27-31,33-43,46-48,55,57-64H,11-21H2,1-9H3,(H,65,66)(H,67,68)"
7.68,7.68,"InChI=1S/C54H84O21/c1-23-34(58)27(57)18-33(68-23)71-32-20-49(3,4)19-26-25-10-11-30-51(6)14-13-31(52(7,22-56)29(51)12-15-54(30,9)53(25,8)17-16-50(26,32)5)72-48-44(40(64)39(63)42(73-48)45(66)67)75-47-43(38(62)36(60)28(21-55)70-47)74-46-41(65)37(61)35(59)24(2)69-46/h10,24,26,28-33,35-44,46-48,55-56,58-65H,11-22H2,1-9H3,(H,66,67)"
5.68,5.68,"InChI=1S/C54H86O23/c1-21-29(56)31(58)37(64)45(70-21)73-28-19-50(5)16-17-53(8)23(24(50)18-49(28,3)4)10-11-26-51(6)14-13-27(52(7,20-55)25(51)12-15-54(26,53)9)72-47-41(35(62)33(60)39(74-47)43(66)67)77-48-42(36(63)34(61)40(75-48)44(68)69)76-46-38(65)32(59)30(57)22(2)71-46/h10,21-22,24-42,45-48,55-65H,11-20H2,1-9H3,(H,66,67)(H,68,69)"
5.88,5.88,"InChI=1S/C54H92O23/c1-23(2)10-9-14-54(8,77-48-44(69)40(65)37(62)29(74-48)22-70-46-42(67)38(63)34(59)26(19-55)71-46)24-11-16-53(7)33(24)25(58)18-31-51(5)15-13-32(50(3,4)30(51)12-17-52(31,53)6)75-49-45(41(66)36(61)28(21-57)73-49)76-47-43(68)39(64)35(60)27(20-56)72-47/h10,24-49,55-69H,9,11-22H2,1-8H3"
6.99,6.99,"InChI=1S/C56H92O29/c1-19-7-10-56(75-17-19)20(2)31-45(85-56)37(67)32-22-6-5-21-11-26(24(61)12-55(21,4)23(22)8-9-54(31,32)3)76-50-42(72)39(69)44(30(16-60)80-50)81-53-48(47(36(66)29(15-59)79-53)83-49-40(70)33(63)25(62)18-74-49)84-52-43(73)46(35(65)28(14-58)78-52)82-51-41(71)38(68)34(64)27(13-57)77-51/h19-53,57-73H,5-18H2,1-4H3"
5.1,5.1,"InChI=1S/C57H94O26/c1-21(19-73-50-45(69)41(65)38(62)32(18-58)79-50)10-15-57(72)22(2)34-31(83-57)17-30-28-9-8-26-16-27(11-13-55(26,6)29(28)12-14-56(30,34)7)78-52-47(71)42(66)39(63)33(80-52)20-74-53-48(43(67)36(60)24(4)76-53)82-54-49(44(68)37(61)25(5)77-54)81-51-46(70)40(64)35(59)23(3)75-51/h8,21-25,27-54,58-72H,9-20H2,1-7H3"
3.88,3.88,"InChI=1S/C58H93NO29/c1-21-36-30(88-58(21)35(79-22(2)64)11-23(14-59-58)19-77-51-44(73)40(69)38(67)31(15-60)81-51)13-28-26-6-5-24-12-25(7-9-56(24,3)27(26)8-10-57(28,36)4)80-53-46(75)42(71)48(33(17-62)83-53)86-55-50(87-54-45(74)41(70)39(68)32(16-61)82-54)47(76)49(34(18-63)84-55)85-52-43(72)37(66)29(65)20-78-52/h20-21,23-28,30-55,59-63,65-76H,5-19H2,1-4H3"
5.79,5.79,"InChI=1S/C58H94O26/c1-23-34(64)37(67)40(70)48(77-23)82-45-28(62)21-75-47(43(45)73)81-44-24(2)78-49(42(72)39(44)69)83-46-35(65)27(61)20-76-51(46)84-52(74)58-16-15-53(3,4)17-26(58)25-9-10-31-54(5)13-12-33(80-50-41(71)38(68)36(66)29(19-59)79-50)55(6,22-60)30(54)11-14-56(31,7)57(25,8)18-32(58)63/h9,23-24,26-51,59-73H,10-22H2,1-8H3"
3.59,3.59,"InChI=1S/C58H95NO29/c1-21-36-30(88-58(21)35(79-22(2)64)11-23(14-59-58)19-77-51-44(73)40(69)38(67)31(15-60)81-51)13-28-26-6-5-24-12-25(7-9-56(24,3)27(26)8-10-57(28,36)4)80-53-46(75)42(71)48(33(17-62)83-53)86-55-50(87-54-45(74)41(70)39(68)32(16-61)82-54)47(76)49(34(18-63)84-55)85-52-43(72)37(66)29(65)20-78-52/h21,23-55,59-63,65-76H,5-20H2,1-4H3"
5.38,5.38,"InChI=1S/C59H96O26/c1-24-34(63)38(67)42(71)49(78-24)83-46-29(20-60)80-48(45(74)41(46)70)77-22-30-37(66)40(69)44(73)51(81-30)85-53(75)59-17-15-54(3,4)19-27(59)26-9-10-32-55(5)13-12-33(56(6,23-61)31(55)11-14-58(32,8)57(26,7)16-18-59)82-52-47(36(65)28(62)21-76-52)84-50-43(72)39(68)35(64)25(2)79-50/h9,24-25,27-52,60-74H,10-23H2,1-8H3"
3.84,3.84,"InChI=1S/C64H105NO34/c1-22-38-31(99-64(22)37(88-23(2)71)11-24(14-65-64)20-86-60-54(45(79)42(76)34(17-68)92-60)97-58-48(82)43(77)40(74)32(15-66)90-58)13-29-27-6-5-25-12-26(7-9-62(25,3)28(27)8-10-63(29,38)4)89-57-50(84)46(80)52(35(18-69)93-57)96-61-55(98-59-49(83)44(78)41(75)33(16-67)91-59)51(85)53(36(19-70)94-61)95-56-47(81)39(73)30(72)21-87-56/h22,24-61,65-70,72-85H,5-21H2,1-4H3"
6.26,6.26,"InChI=1S/C67H104O33/c1-26(71)87-24-35-48(89-27(2)72)52(90-28(3)73)53(91-29(4)74)61(94-35)96-47-32(75)23-88-57(46(47)83)100-55-54(84)62(5,6)20-31-30-12-13-37-64(8)16-15-38(65(9,25-70)36(64)14-17-67(37,11)66(30,10)19-18-63(31,55)7)95-60-51(44(81)43(80)49(97-60)56(85)86)99-59-50(42(79)40(77)34(22-69)93-59)98-58-45(82)41(78)39(76)33(21-68)92-58/h12,31-55,57-61,68-70,75-84H,13-25H2,1-11H3,(H,85,86)"
2.06,2.06,"InChI=1S/C6H10O4S/c7-5(8)1-3-11-4-2-6(9)10/h1-4H2,(H,7,8)(H,9,10)"
6.41,6.41,"InChI=1S/C6H10S2/c1-3-5-7-8-6-4-2/h3-6H,1-2H3"
2.21,2.21,"InChI=1S/C6H11NOS/c1-9(8)6-4-2-3-5-7/h2-4,6H2,1H3"
3.69,3.69,"InChI=1S/C6H11NOS2/c1-10(8)5-3-2-4-7-6-9/h2-5H2,1H3"
1.94,1.94,"InChI=1S/C6H13NO2/c1-3-4(2)5(7)6(8)9/h4-5H,3,7H2,1-2H3,(H,8,9)"
1.87,1.87,"InChI=1S/C6H13NO2/c1-4(2)3-5(7)6(8)9/h4-5H,3,7H2,1-2H3,(H,8,9)"
3.77,3.77,"InChI=1S/C6H9NOS2/c1-10(8)5-3-2-4-7-6-9/h3,5H,2,4H2,1H3"
2.06,2.06,"InChI=1S/C7H10N2O2/c10-6-4-8-7(11)5-2-1-3-9(5)6/h5H,1-4H2,(H,8,11)"
2.46,2.46,"InChI=1S/C7H11NO3/c1-5(9)8-4-2-3-6(8)7(10)11/h6H,2-4H2,1H3,(H,10,11)"
1.67,1.67,"InChI=1S/C7H12N2O5/c8-4(7(13)14)1-2-5(10)9-3-6(11)12/h4H,1-3,8H2,(H,9,10)(H,11,12)(H,13,14)"
2.04,2.04,"InChI=1S/C7H6O5/c8-4-1-3(7(11)12)2-5(9)6(4)10/h1-2,8-10H,(H,11,12)"
2.34,2.34,"InChI=1S/C7H8N2O2/c1-5-2-3-6(9(10)11)4-7(5)8/h2-4H,8H2,1H3"
1.83,1.83,"InChI=1S/C8H11NO/c9-6-5-7-1-3-8(10)4-2-7/h1-4,10H,5-6,9H2"
3.43,3.43,"InChI=1S/C8H15NOS/c1-11(10)8-6-4-2-3-5-7-9/h2-6,8H2,1H3"
2.5,2.5,"InChI=1S/C8H16N2O3/c1-5(2)3-6(8(12)13)10-7(11)4-9/h5-6H,3-4,9H2,1-2H3,(H,10,11)(H,12,13)"
2.08,2.08,"InChI=1S/C8H16N2O3/c1-5(2)3-6(9)8(13)10-4-7(11)12/h5-6H,3-4,9H2,1-2H3,(H,10,13)(H,11,12)"
2.78,2.78,"InChI=1S/C8H17N/c1-2-5-8-6-3-4-7-9-8/h8-9H,2-7H2,1H3"
2.08,2.08,"InChI=1S/C8H19NOS/c1-11(10)8-6-4-2-3-5-7-9/h2-9H2,1H3"
1.83,1.83,"InChI=1S/C8H7NO4/c10-7-8(11)13-6-4-2-1-3-5(6)9(7)12/h1-4,8,11-12H"
2,2,"InChI=1S/C8H9NO2/c9-7(8(10)11)6-4-2-1-3-5-6/h1-5,7H,9H2,(H,10,11)"
6.57,6.57,"InChI=1S/C9H10O3/c1-6(10)8-4-3-7(12-2)5-9(8)11/h3-5,11H,1-2H3"
2.3,2.3,"InChI=1S/C9H11NO2/c10-8(9(11)12)6-7-4-2-1-3-5-7/h1-5,8H,6,10H2,(H,11,12)"
1.79,1.79,"InChI=1S/C9H11NO3/c10-8(9(12)13)5-6-1-3-7(11)4-2-6/h1-4,8,11H,5,10H2,(H,12,13)"
2.06,2.06,"InChI=1S/C9H13NO2/c1-12-9-6-7(4-5-10)2-3-8(9)11/h2-3,6,11H,4-5,10H2,1H3"
4.05,4.05,"InChI=1S/C9H15NO3S/c1-6(5-14)8(11)10-4-2-3-7(10)9(12)13/h6-7,14H,2-5H2,1H3,(H,12,13)"
2.02,2.02,"InChI=1S/C9H16N2O5S/c1-17-4-6(9(15)16)11-7(12)3-2-5(10)8(13)14/h5-6H,2-4,10H2,1H3,(H,11,12)(H,13,14)(H,15,16)"
4.78,4.78,"InChI=1S/C9H16O4/c10-8(11)6-4-2-1-3-5-7-9(12)13/h1-7H2,(H,10,11)(H,12,13)"
4.16,4.16,"InChI=1S/C9H17NOS/c1-12(11)9-7-5-3-2-4-6-8-10/h2-7,9H2,1H3"
9.19,9.19,"InChI=1S/C9H17NS2/c1-12-8-6-4-2-3-5-7-10-9-11/h2-8H2,1H3"
2.02,2.02,"InChI=1S/C9H18N2O3/c1-5(2)4-7(10)8(12)11-6(3)9(13)14/h5-7H,4,10H2,1-3H3,(H,11,12)(H,13,14)"
2.36,2.36,"InChI=1S/C9H18N2O3/c1-5(2)4-7(9(13)14)11-8(12)6(3)10/h5-7H,4,10H2,1-3H3,(H,11,12)(H,13,14)"
1.8,1.8,"InChI=1S/C9H18N2O4/c1-3-5(2)7(10)8(13)11-6(4-12)9(14)15/h5-7,12H,3-4,10H2,1-2H3,(H,11,13)(H,14,15)"
2.38,2.38,"InChI=1S/C9H18N2O4/c1-5(2)3-7(9(14)15)11-8(13)6(10)4-12/h5-7,12H,3-4,10H2,1-2H3,(H,11,13)(H,14,15)"
2.49,2.49,"InChI=1S/C9H21NOS/c1-12(11)9-7-5-3-2-4-6-8-10/h2-10H2,1H3"
3.65,3.65,"InChI=1S/C9H6O4/c10-6-3-1-5-2-4-7(11)13-9(5)8(6)12/h1-4,10,12H"
2.93,2.93,"InChI=1S/C9H7NO/c11-9-5-6-10-8-4-2-1-3-7(8)9/h1-6H,(H,10,11)"
3.93,3.93,"InChI=1S/C9H7NO3/c1-5(11)6-3-2-4-7-8(6)10-9(12)13-7/h2-4H,1H3,(H,10,12)"
4.53,4.53,"InChI=1S/C9H8O2/c10-7-1-2-8-3-5-9(11)6-4-8/h1-7,11H"
5.42,5.42,"InChI=1S/C9H8O2/c10-9(11)7-6-8-4-2-1-3-5-8/h1-7H,(H,10,11)"
3.14,3.7800000000000002,"InChI=1S/C9H8O3/c10-8-3-1-2-7(6-8)4-5-9(11)12/h1-6,10H,(H,11,12)"
2.71,2.71,"InChI=1S/C9H8O3/c10-8-4-1-7(2-5-8)3-6-9(11)12/h1-6,10H,(H,11,12)"
3.62,3.5300000000000002,"InChI=1S/C9H8O4/c10-7-3-1-6(5-8(7)11)2-4-9(12)13/h1-5,10-11H,(H,12,13)"
2.59,2.59,"InChI=1S/C9H9NO5/c1-14-5-2-3-6-7(4-5)15-9(12)8(11)10(6)13/h2-4,9,12-13H,1H3"
