rt_source,rt_target,compound_id
2.6953472,6.9164921,"InChI=1S/C10H10N2/c11-9-5-1-3-7-8(9)4-2-6-10(7)12/h1-6H,11-12H2"
8.935947125,8.9982068,"InChI=1S/C10H10N4O/c1-7-12-13-9(10(15)14(7)11)8-5-3-2-4-6-8/h2-6H,11H2,1H3"
5.9962418,2.6067555,"InChI=1S/C10H10N4O2S/c11-8-2-4-9(5-3-8)17(15,16)14-10-12-6-1-7-13-10/h1-7H,11H2,(H,12,13,14)"
11.134741,20.738921,"InChI=1S/C10H10O4/c1-13-9(11)7-3-5-8(6-4-7)10(12)14-2/h3-6H,1-2H3"
9.33371025,9.41016025,"InChI=1S/C10H11ClN4/c1-8(14-7-12)15(2)6-9-3-4-10(11)13-5-9/h3-5H,6H2,1-2H3"
8.8235794,9.0379413,"InChI=1S/C10H11ClN4OS/c11-8-2-1-7(5-13-8)6-15-3-4-17-10(15)14-9(12)16/h1-2,5H,3-4,6H2,(H2,12,16)"
12.442,12.6695435,"InChI=1S/C10H11F3N2O/c1-15(2)9(16)14-8-5-3-4-7(6-8)10(11,12)13/h3-6H,1-2H3,(H,14,16)"
8.412846575,5.22020515,"InChI=1S/C10H11N3O3S/c1-7-6-10(12-16-7)13-17(14,15)9-4-2-8(11)3-5-9/h2-6H,11H2,1H3,(H,12,13)"
12.720096,12.986427,"InChI=1S/C10H11N3OS/c1-11-9(14)13(2)10-12-7-5-3-4-6-8(7)15-10/h3-6H,1-2H3,(H,11,14)"
5.7554096,7.75144725,"InChI=1S/C10H11N5O/c1-8-7-15(10(16)14-13-8)12-6-9-3-2-4-11-5-9/h2-6H,7H2,1H3,(H,14,16)"
3.44469065,7.7224763,"InChI=1S/C10H12N2O/c1-12-9(4-5-10(12)13)8-3-2-6-11-7-8/h2-3,6-7,9H,4-5H2,1H3"
11.530678,7.6623157,"InChI=1S/C10H12N2O3S/c1-7(2)12-10(13)8-5-3-4-6-9(8)11-16(12,14)15/h3-7,11H,1-2H3"
15.698491,12.590691,"InChI=1S/C10H12N2O5/c1-10(2,3)7-4-6(11(14)15)5-8(9(7)13)12(16)17/h4-5,13H,1-3H3"
15.542561,12.41778,"InChI=1S/C10H12N2O5/c1-3-6(2)8-4-7(11(14)15)5-9(10(8)13)12(16)17/h4-6,13H,3H2,1-2H3"
13.406117,13.649919,"InChI=1S/C10H12N3O3PS2/c1-15-17(18,16-2)19-7-13-10(14)8-5-3-4-6-9(8)11-12-13/h3-6H,7H2,1-2H3"
12.922732,12.6987845,"InChI=1S/C10H12O3/c1-2-7-13-10(12)8-3-5-9(11)6-4-8/h3-6,11H,2,7H2,1H3"
12.5327745,12.757088,"InChI=1S/C10H13ClN2O/c1-7-4-5-8(6-9(7)11)12-10(14)13(2)3/h4-6H,1-3H3,(H,12,14)"
10.0269445,10.132523,"InChI=1S/C10H13ClN2O/c1-7-5-4-6-8(11)9(7)12-10(14)13(2)3/h4-6H,1-3H3,(H,12,14)"
10.5657405,10.66781,"InChI=1S/C10H13ClN2O2/c1-13(2)10(14)12-7-4-5-9(15-3)8(11)6-7/h4-6H,1-3H3,(H,12,14)"
8.0447863,6.8260193000000005,"InChI=1S/C10H13N5O4/c1-5-3-15(10(18)12-9(5)17)8-2-6(13-14-11)7(4-16)19-8/h3,6-8,16H,2,4H2,1H3,(H,12,17,18)"
5.9223931499999996,6.8260193000000005,"InChI=1S/C10H13N5O4/c11-8-5-9(13-2-12-8)15(3-14-5)10-7(18)6(17)4(1-16)19-10/h2-4,6-7,10,16-18H,1H2,(H2,11,12,13)"
10.687037,10.8667125,"InChI=1S/C10H13NO/c1-3-11-10(12)9-6-4-5-8(2)7-9/h4-7H,3H2,1-2H3,(H,11,12)"
2.25498575,10.815152,"InChI=1S/C10H14N2/c1-12-7-3-5-10(12)9-4-2-6-11-8-9/h2,4,6,8,10H,3,5,7H2,1H3"
7.8266281,12.053674000000001,"InChI=1S/C10H14N2/c1-8-4-5-10(9(2)6-8)12-7-11-3/h4-7H,1-3H3,(H,11,12)"
10.840022,14.405701,"InChI=1S/C10H14O/c1-10(2,3)8-4-6-9(11)7-5-8/h4-7,11H,1-3H3"
3.5845427,4.71401865,"InChI=1S/C10H15N5O3/c11-10-13-8-7(9(18)14-10)12-5-15(8)2-1-6(3-16)4-17/h5-6,16-17H,1-4H2,(H3,11,13,14,18)"
3.0408967,8.98684645,"InChI=1S/C10H15NO/c1-11(2)8-7-9-3-5-10(12)6-4-9/h3-6,12H,7-8H2,1-2H3"
7.4,13.052678,"InChI=1S/C10H15NO/c1-8(11-2)10(12)9-6-4-3-5-7-9/h3-8,10-12H,1-2H3"
12.584787250000002,12.815150500000001,"InChI=1S/C10H15NO2S/c1-2-3-9-11-14(12,13)10-7-5-4-6-8-10/h4-8,11H,2-3,9H2,1H3"
12.065891,12.283278,"InChI=1S/C10H15O4PS2/c1-8-7-9(5-6-10(8)17(4)11)14-15(16,12-2)13-3/h5-7H,1-4H3"
17.301274,17.653159,"InChI=1S/C10H16Cl3NOS/c1-6(2)14(7(3)4)10(15)16-5-8(11)9(12)13/h6-7H,5H2,1-4H3"
11.3885106,8.6395336,"InChI=1S/C10H16N2O4/c1-5(13)9(11,6(2)14)10(12,7(3)15)8(4)16/h11-12H2,1-4H3"
5.887309699999999,8.44616905,"InChI=1S/C10H16N6S/c1-8-9(16-7-15-8)5-17-4-3-13-10(12-2)14-6-11/h7H,3-5H2,1-2H3,(H,15,16)(H2,12,13,14)"
9.024673475,10.519958,"InChI=1S/C10H17N/c11-10-4-7-1-8(5-10)3-9(2-7)6-10/h7-9H,1-6,11H2"
12.186535,14.090433,"InChI=1S/C10H19N5O/c1-6(2)11-8-13-9(12-7(3)4)15-10(14-8)16-5/h6-7H,1-5H3,(H2,11,12,13,14,15)"
12.25374275,14.343584,"InChI=1S/C10H19N5O/c1-6-11-7-12-8(15-10(2,3)4)14-9(13-7)16-5/h6H2,1-5H3,(H2,11,12,13,14,15)"
14.178275,14.779446,"InChI=1S/C10H19N5S/c1-6(2)11-8-13-9(12-7(3)4)15-10(14-8)16-5/h6-7H,1-5H3,(H2,11,12,13,14,15)"
14.118593749999999,15.295533,"InChI=1S/C10H19N5S/c1-6-11-7-12-8(15-10(2,3)4)14-9(13-7)16-5/h6H2,1-5H3,(H2,11,12,13,14,15)"
15.06876,14.70762,"InChI=1S/C10H22O3S/c1-2-3-4-5-6-7-8-9-10-14(11,12)13/h2-10H2,1H3,(H,11,12,13)"
14.833565,15.0505765,"InChI=1S/C10H22O4S/c1-2-3-4-5-6-7-8-9-10-14-15(11,12)13/h2-10H2,1H3,(H,11,12,13)"
9.00515205,9.0846709,"InChI=1S/C10H22O5/c1-11-3-5-13-7-9-15-10-8-14-6-4-12-2/h3-10H2,1-2H3"
8.15344095,10.7002505,"InChI=1S/C10H7N3S/c1-2-4-8-7(3-1)12-10(13-8)9-5-14-6-11-9/h1-6H,(H,12,13)"
11.408773,11.565635,"InChI=1S/C10H8ClN3O/c11-8-6-13-14(10(15)9(8)12)7-4-2-1-3-5-7/h1-6H,12H2"
9.220888500000001,9.2921821,"InChI=1S/C10H8ClN3O/c11-9-8(12)6-13-14(10(9)15)7-4-2-1-3-5-7/h1-6H,12H2"
9.21608,9.3227887,"InChI=1S/C10H8F2N4O/c11-7-2-1-3-8(12)6(7)4-16-5-9(10(13)17)14-15-16/h1-3,5H,4H2,(H2,13,17)"
12.525003,12.672846,"InChI=1S/C10H8O/c11-10-7-3-5-8-4-1-2-6-9(8)10/h1-7,11H"
8.6601044,8.6047624,"InChI=1S/C10H8O3S/c11-14(12,13)10-6-5-8-3-1-2-4-9(8)7-10/h1-7H,(H,11,12,13)"
8.88896625,7.1357225500000006,"InChI=1S/C10H8O4/c1-13-9-4-6-2-3-10(12)14-8(6)5-7(9)11/h2-5,11H,1H3"
9.9324693,10.051798,"InChI=1S/C10H9ClN4S/c11-9-2-1-8(5-13-9)6-15-3-4-16-10(15)14-7-12/h1-2,5H,3-4,6H2"
10.467183,7.82659585,"InChI=1S/C10H9FO3/c11-8-3-1-7(2-4-8)9(12)5-6-10(13)14/h1-4H,5-6H2,(H,13,14)"
8.84188625,6.5688139,"InChI=1S/C10H9N3O/c1-7-11-10(14)9(13-12-7)8-5-3-2-4-6-8/h2-6H,1H3,(H,11,12,14)"
9.2904793,9.4045835,"InChI=1S/C10H9NO2/c1-6-4-10(12)13-9-5-7(11)2-3-8(6)9/h2-5H,11H2,1H3"
15.948938,16.135688,"InChI=1S/C10HF19O2/c11-2(12,1(30)31)3(13,14)4(15,16)5(17,18)6(19,20)7(21,22)8(23,24)9(25,26)10(27,28)29/h(H,30,31)"
12.102596,11.3458365,"InChI=1S/C11H10Cl2F2N4O3S/c1-5-16-19(11(20)18(5)10(14)15)9-4-8(17-23(2,21)22)6(12)3-7(9)13/h3-4,10,17H,1-2H3"
9.589345,8.2223691,"InChI=1S/C11H10O5/c1-14-7-5-6-3-4-8(12)16-10(6)9(13)11(7)15-2/h3-5,13H,1-2H3"
14.081337,14.345903,"InChI=1S/C11H11F3N2O3/c1-6(2)10(17)15-7-3-4-9(16(18)19)8(5-7)11(12,13)14/h3-6H,1-2H3,(H,15,17)"
7.36661215,13.571232,"InChI=1S/C11H11N/c1-8-7-9(2)12-11-6-4-3-5-10(8)11/h3-7H,1-2H3"
13.035369575,6.6377655,"InChI=1S/C11H11N3O2S/c12-9-4-6-10(7-5-9)17(15,16)14-11-3-1-2-8-13-11/h1-8H,12H2,(H,13,14)"
7.78007485,7.41102515,"InChI=1S/C11H11N3O3S2/c1-8(15)13-9-2-4-10(5-3-9)19(16,17)14-11-12-6-7-18-11/h2-7H,1H3,(H,12,14)(H,13,15)"
8.89707365,8.9636216,"InChI=1S/C11H12N2O/c1-9-8-11(14)13(12(9)2)10-6-4-3-5-7-10/h3-8H,1-2H3"
12.6582125,13.183018,"InChI=1S/C11H12N2OS/c1-2-4-10-9(3-1)12-11(15-10)13-5-7-14-8-6-13/h1-4H,5-8H2"
12.117817,10.044411,"InChI=1S/C11H12N2OS2/c1-2-4-10-9(3-1)12-11(15-10)16-13-5-7-14-8-6-13/h1-4H,5-8H2"
6.7039099,11.764626,"InChI=1S/C11H12N2S/c1-2-4-9(5-3-1)10-8-13-6-7-14-11(13)12-10/h1-5,10H,6-8H2"
7.14200985,5.6080572,"InChI=1S/C11H12N4O2S/c1-8-6-7-13-11(14-8)15-18(16,17)10-4-2-9(12)3-5-10/h2-7H,12H2,1H3,(H,13,14,15)"
7.28021605,11.34218115,"InChI=1S/C11H13N3O/c1-8-10(12)11(15)14(13(8)2)9-6-4-3-5-7-9/h3-7H,12H2,1-2H3"
13.391966499999999,11.920657,"InChI=1S/C11H13NO4/c1-11(2)15-8-6-4-5-7(9(8)16-11)14-10(13)12-3/h4-6H,1-3H3,(H,12,13)"
13.101309749999999,13.347298,"InChI=1S/C11H14ClNO/c1-9(2)13(11(14)8-12)10-6-4-3-5-7-10/h3-7,9H,8H2,1-2H3"
2.3071753,7.5317426,"InChI=1S/C11H14N2O/c14-11-3-1-2-10-9-4-8(5-12-6-9)7-13(10)11/h1-3,8-9,12H,4-7H2"
8.3826189,6.5772409,"InChI=1S/C11H14N4O4/c1-13-6-12-9-8(13)10(18)15(11(19)14(9)2)5-3-4-7(16)17/h6H,3-5H2,1-2H3,(H,16,17)"
5.7072091,9.83301735,"InChI=1S/C11H15N3O2/c1-12-11(15)16-10-6-4-5-9(7-10)13-8-14(2)3/h4-8H,1-3H3,(H,12,15)"
14.270747,14.575074,"InChI=1S/C11H15NO2/c1-4-14-11(13)9-5-7-10(8-6-9)12(2)3/h5-8H,4H2,1-3H3"
12.875716,13.143073,"InChI=1S/C11H15NO2/c1-8(2)9-6-4-5-7-10(9)14-11(13)12-3/h4-8H,1-3H3,(H,12,13)"
14.026463750000001,14.281099,"InChI=1S/C11H15NO2S/c1-7-5-9(14-11(13)12-3)6-8(2)10(7)15-4/h5-6H,1-4H3,(H,12,13)"
13.506374000000001,11.893285,"InChI=1S/C11H15NO3/c1-8(2)14-9-6-4-5-7-10(9)15-11(13)12-3/h4-8H,1-3H3,(H,12,13)"
9.5782973,9.7539103,"InChI=1S/C11H15NO4S/c1-7-5-9(16-11(13)12-3)6-8(2)10(7)17(4,14)15/h5-6H,1-4H3,(H,12,13)"
9.5226767,9.709448,"InChI=1S/C11H15NO5/c1-15-9-4-2-3-5-10(9)16-6-8(13)7-17-11(12)14/h2-5,8,13H,6-7H2,1H3,(H2,12,14)"
12.77541,13.055284,"InChI=1S/C11H16N2O/c1-8(2)9-4-6-10(7-5-9)13-11(14)12-3/h4-8H,1-3H3,(H2,12,13,14)"
4.9191266,8.7651361,"InChI=1S/C11H16N2O2/c1-3-10-8(6-15-11(10)14)4-9-5-12-7-13(9)2/h5,7-8,10H,3-4,6H2,1-2H3"
6.125481375,12.093367,"InChI=1S/C11H16N2O2/c1-8-7-9(15-11(14)12-2)5-6-10(8)13(3)4/h5-7H,1-4H3,(H,12,14)"
12.279954,5.6070968,"InChI=1S/C11H16N2O3/c12-6-9(14)7-16-10-3-1-8(2-4-10)5-11(13)15/h1-4,9,14H,5-7,12H2,(H2,13,15)"
11.632655,13.693925,"InChI=1S/C11H18N2O2S/c1-4-6-7(3)11(5-2)8(14)12-10(16)13-9(11)15/h7H,4-6H2,1-3H3,(H2,12,13,14,15,16)"
10.5704105,13.027901499999999,InChI=1S/C11H18N4O2/c1-7-8(2)12-10(14(3)4)13-9(7)17-11(16)15(5)6/h1-6H3
10.32419,13.468273,"InChI=1S/C11H19N3O/c1-4-6-7-9-8(3)13-11(12-5-2)14-10(9)15/h4-7H2,1-3H3,(H2,12,13,14,15)"
14.41131775,15.431058,"InChI=1S/C11H19N5S/c1-11(2,3)16-9-13-8(12-7-5-6-7)14-10(15-9)17-4/h7H,5-6H2,1-4H3,(H2,12,13,14,15,16)"
14.997036,15.292717,"InChI=1S/C11H19NOS/c1-2-3-4-5-6-7-9-12-11(13)8-10-14-12/h8,10H,2-7,9H2,1H3"
15.805464,16.312979,"InChI=1S/C11H20N3O3PS/c1-6-14(7-2)11-12-9(3)8-10(13-11)17-18(19,15-4)16-5/h8H,6-7H2,1-5H3"
13.142489,14.172609,"InChI=1S/C11H21N5OS/c1-8(2)13-10-14-9(12-6-5-7-17-3)15-11(16-10)18-4/h8H,5-7H2,1-4H3,(H2,12,13,14,15,16)"
13.2398615,13.515876500000001,"InChI=1S/C11H22N2O/c1-13(2)11(14)12-10-8-6-4-3-5-7-9-10/h10H,3-9H2,1-2H3,(H,12,14)"
9.31028955,7.6411700499999995,"InChI=1S/C11H8ClNO2/c1-6-4-7-2-3-8(12)9(11(14)15)10(7)13-5-6/h2-5H,1H3,(H,14,15)"
8.324059250000001,11.0836475,"InChI=1S/C11H8N2O/c1-2-4-10-9(3-1)12-11(13-10)8-5-6-14-7-8/h1-7,11H"
12.708553,9.92019205,"InChI=1S/C11H8O3/c12-10-6-8-4-2-1-3-7(8)5-9(10)11(13)14/h1-6,12H,(H,13,14)"
4.46584565,3.9919967,"InChI=1S/C11H9I3N2O4/c1-3(17)15-9-6(12)5(11(19)20)7(13)10(8(9)14)16-4(2)18/h1-2H3,(H,15,17)(H,16,18)(H,19,20)"
10.9549375,6.27734125,"InChI=1S/C11H9NO2/c1-7(11(13)14)9-6-12-10-5-3-2-4-8(9)10/h2-6,12H,1H2,(H,13,14)"
14.562337,14.8665485,"InChI=1S/C12H10Cl2F3NO/c13-5-7-6-18(11(19)10(7)14)9-3-1-2-8(4-9)12(15,16)17/h1-4,7,10H,5-6H2"
12.943393499999999,13.2334215,"InChI=1S/C12H10ClN3O/c13-11-8-10(6-7-14-11)16-12(17)15-9-4-2-1-3-5-9/h1-8H,(H2,14,15,16,17)"
9.009475,13.399177,"InChI=1S/C12H10N2/c1-8-12-10(6-7-13-8)9-4-2-3-5-11(9)14-12/h2-7,14H,1H3"
9.405445924999999,5.943881525,"InChI=1S/C12H10O4S/c13-9-1-5-11(6-2-9)17(15,16)12-7-3-10(14)4-8-12/h1-8,13-14H"
14.309621499999999,14.601013,"InChI=1S/C12H11Cl2NO/c1-4-12(2,3)15-11(16)8-5-9(13)7-10(14)6-8/h1,5-7H,2-3H3,(H,15,16)"
11.104443,9.5083195,"InChI=1S/C12H11ClN2O5S/c13-9-5-10(15-6-7-2-1-3-20-7)8(12(16)17)4-11(9)21(14,18)19/h1-5,15H,6H2,(H,16,17)(H2,14,18,19)"
12.0823945,12.3049745,"InChI=1S/C12H11NO2/c1-13-12(14)15-11-8-4-6-9-5-2-3-7-10(9)11/h2-8H,1H3,(H,13,14)"
10.9635375,10.874455,"InChI=1S/C12H11O4P/c13-17(14,15-11-7-3-1-4-8-11)16-12-9-5-2-6-10-12/h1-10H,(H,13,14)"
12.25178,9.1125716,"InChI=1S/C12H12ClN5O4S/c1-7-14-10(17-12(15-7)22-2)16-11(19)18-23(20,21)9-6-4-3-5-8(9)13/h3-6H,1-2H3,(H2,14,15,16,17,18,19)"
8.713977,11.509945,"InChI=1S/C12H12N2/c13-10-6-8-12(9-7-10)14-11-4-2-1-3-5-11/h1-9,14H,13H2"
7.75143875,7.7444939,"InChI=1S/C12H12N2O2/c1-9-11(8-15)12(16)14(13(9)2)10-6-4-3-5-7-10/h3-8H,1-2H3"
7.324313999999999,5.8200629,"InChI=1S/C12H12N4O3S/c1-9(17)15-10-3-5-11(6-4-10)20(18,19)16-12-13-7-2-8-14-12/h2-8H,1H3,(H,15,17)(H,13,14,16)"
13.137571,14.183723,"InChI=1S/C12H13N3/c1-9-8-10(2)14-12(13-9)15-11-6-4-3-5-7-11/h3-8H,1-2H3,(H,13,14,15)"
7.796444375,7.8136643,"InChI=1S/C12H13N3O2/c1-9-11(13-8-16)12(17)15(14(9)2)10-6-4-3-5-7-10/h3-8H,1-2H3,(H,13,16)"
9.55209795,6.98754235,"InChI=1S/C12H13N3O4S/c1-8-7-12(14-19-8)15-20(17,18)11-5-3-10(4-6-11)13-9(2)16/h3-7H,1-2H3,(H,13,16)(H,14,15)"
11.169179,11.364397,"InChI=1S/C12H13NO2/c1-12(9-6-4-3-5-7-9)8-10(14)13(2)11(12)15/h3-7H,8H2,1-2H3"
12.2302205,12.465375,"InChI=1S/C12H13NO2/c1-3-13-9-4-5-10-8(2)6-12(14)15-11(10)7-9/h4-7,13H,3H2,1-2H3"
11.94199,12.207308,"InChI=1S/C12H13NO2S/c1-9-11(16-8-7-15-9)12(14)13-10-5-3-2-4-6-10/h2-6H,7-8H2,1H3,(H,13,14)"
15.792495,16.122762,"InChI=1S/C12H14Cl3O4P/c1-3-17-20(16,18-4-2)19-12(8-13)10-6-5-9(14)7-11(10)15/h5-8H,3-4H2,1-2H3"
13.63737725,13.900661,"InChI=1S/C12H14ClNO2/c1-12(2)8-16-14(11(12)15)7-9-5-3-4-6-10(9)13/h3-6H,7-8H2,1-2H3"
7.99353895,7.3986419,"InChI=1S/C12H14N4O2S/c1-8-7-9(2)15-12(14-8)16-19(17,18)11-5-3-10(13)4-6-11/h3-7H,13H2,1-2H3,(H,14,15,16)"
8.85816695,6.1949725,"InChI=1S/C12H14N4O4S/c1-19-10-11(14-7-15-12(10)20-2)16-21(17,18)9-5-3-8(13)4-6-9/h3-7H,13H2,1-2H3,(H,14,15,16)"
9.995220374999999,6.767060450000001,"InChI=1S/C12H14N4O4S/c1-19-11-7-10(14-12(15-11)20-2)16-21(17,18)9-5-3-8(13)4-6-9/h3-7H,13H2,1-2H3,(H,14,15,16)"
11.519196749999999,11.642652,"InChI=1S/C12H14N4O4S2/c1-19-11(17)15-9(21)13-7-5-3-4-6-8(7)14-10(22)16-12(18)20-2/h3-6H,1-2H3,(H2,13,15,17,21)(H2,14,16,18,22)"
13.21353775,10.418612,"InChI=1S/C12H14O4/c1-3-15-11(13)9-7-5-6-8-10(9)12(14)16-4-2/h5-8H,3-4H2,1-2H3"
15.857352,16.225178,"InChI=1S/C12H15Cl3N2O2/c1-2-3-17(12(16)18)4-5-19-11-9(14)6-8(13)7-10(11)15/h6-7H,2-5H2,1H3,(H2,16,18)"
15.8745795,14.430047,"InChI=1S/C12H15N2O3PS/c1-3-15-18(19,16-4-2)17-14-12(10-13)11-8-6-5-7-9-11/h5-9H,3-4H2,1-2H3"
13.125112,14.177343,"InChI=1S/C12H15N3O2S/c1-3-6-18-8-4-5-9-10(7-8)14-11(13-9)15-12(16)17-2/h4-5,7H,3,6H2,1-2H3,(H2,13,14,15,16)"
11.753025,11.993326,"InChI=1S/C12H15NO3/c1-12(2)7-8-5-4-6-9(10(8)16-12)15-11(14)13-3/h4-6H,7H2,1-3H3,(H,13,14)"
10.814567,8.3401228,"InChI=1S/C12H15NO3/c1-3-13(4-2)11(14)9-6-5-7-10(8-9)12(15)16/h5-8H,3-4H2,1-2H3,(H,15,16)"
9.3531395,9.4674857,"InChI=1S/C12H15NO4/c1-12(2)10(14)7-5-4-6-8(9(7)17-12)16-11(15)13-3/h4-6,10,14H,1-3H3,(H,13,15)"
15.2831695,15.616504500000001,"InChI=1S/C12H16Cl2N2O/c1-3-4-7-16(2)12(17)15-9-5-6-10(13)11(14)8-9/h5-6,8H,3-4,7H2,1-2H3,(H,15,17)"
16.029803,16.408895,"InChI=1S/C12H16ClNOS/c1-3-14(4-2)12(15)16-9-10-5-7-11(13)8-6-10/h5-8H,3-4,9H2,1-2H3"
15.901816,16.269667,"InChI=1S/C12H16ClNOS/c1-3-14(4-2)12(15)16-9-10-7-5-6-8-11(10)13/h5-8H,3-4,9H2,1-2H3"
11.032362,11.2170345,"InChI=1S/C12H16N2O3/c1-3-13-11(15)9(2)17-12(16)14-10-7-5-4-6-8-10/h4-9H,3H2,1-2H3,(H,13,15)(H,14,16)"
8.3826189,6.5772409,"InChI=1S/C12H16N2O5/c1-7-9(13(15)16)6-8(12(2,3)4)11(19-5)10(7)14(17)18/h6H,1-5H3"
14.614950499999999,14.928594,"InChI=1S/C12H16N3O3PS/c1-3-16-19(20,17-4-2)18-12-13-10-15(14-12)11-8-6-5-7-9-11/h5-10H,3-4H2,1-2H3"
14.7505825,15.033327,"InChI=1S/C12H16N3O3PS2/c1-3-17-19(20,18-4-2)21-9-15-12(16)10-7-5-6-8-11(10)13-14-15/h5-8H,3-4,9H2,1-2H3"
13.146795749999999,13.399177,"InChI=1S/C12H17NO/c1-4-13(5-2)12(14)11-8-6-7-10(3)9-11/h6-9H,4-5H2,1-3H3"
12.603372,12.8645235,"InChI=1S/C12H17NO3/c1-2-3-8-16-11-6-4-10(5-7-11)9-12(14)13-15/h4-7,15H,2-3,8-9H2,1H3,(H,13,14)"
14.1496705,14.410794,"InChI=1S/C12H18ClNO2S/c1-8-7-17-10(3)12(8)14(11(15)5-13)9(2)6-16-4/h7,9H,5-6H2,1-4H3"
13.03375625,13.283167,"InChI=1S/C12H18N2O/c1-9(2)10-5-7-11(8-6-10)13-12(15)14(3)4/h5-9H,1-4H3,(H,13,15)"
8.6170648,14.795164,"InChI=1S/C12H18N2O2/c1-8-6-10(16-12(15)13-3)7-9(2)11(8)14(4)5/h6-7H,1-5H3,(H,13,15)"
14.982309,15.23433275,"InChI=1S/C12H18N4O6S/c1-3-5-14(6-4-2)12-10(15(17)18)7-9(23(13,21)22)8-11(12)16(19)20/h7-8H,3-6H2,1-2H3,(H2,13,21,22)"
5.883804,7.7358461,"InChI=1S/C12H20N2O3S/c1-9(2)13-8-12(15)10-4-6-11(7-5-10)14-18(3,16)17/h4-7,9,12-15H,8H2,1-3H3"
11.7330585,11.937951,"InChI=1S/C12H20N4O2/c1-14(2)10-13-11(17)16(12(18)15(10)3)9-7-5-4-6-8-9/h9H,4-8H2,1-3H3"
11.9016615,12.110877,"InChI=1S/C12H20O7/c1-4-17-9(13)7-12(16,11(15)19-6-3)8-10(14)18-5-2/h16H,4-8H2,1-3H3"
11.893015,13.69315,"InChI=1S/C12H21N/c1-10-3-9-4-11(2,6-10)8-12(13,5-9)7-10/h9H,3-8,13H2,1-2H3"
15.710355,16.044946,"InChI=1S/C12H21N2O3PS/c1-6-15-18(19,16-7-2)17-11-8-10(5)13-12(14-11)9(3)4/h8-9H,6-7H2,1-5H3"
16.101946,16.495815,InChI=1S/C12H22O/c13-12-10-8-6-4-2-1-3-5-7-9-11-12/h1-11H2
9.771257675,12.343331,"InChI=1S/C12H23N/c1-3-7-11(8-4-1)13-12-9-5-2-6-10-12/h11-13H,1-10H2"
13.986284,14.2967795,"InChI=1S/C12H23NO/c14-12-10-8-6-4-2-1-3-5-7-9-11-13-12/h1-11H2,(H,13,14)"
13.7087375,13.969832,"InChI=1S/C12H23NO3/c1-3-10(2)16-12(15)13-8-5-4-6-11(13)7-9-14/h10-11,14H,3-9H2,1-2H3"
13.565070500000001,13.343372,"InChI=1S/C12H24N2O4/c1-5-6-12(4,7-17-10(13)15)8-18-11(16)14-9(2)3/h9H,5-8H2,1-4H3,(H2,13,15)(H,14,16)"
16.129663999999998,16.517057,"InChI=1S/C12H25NO/c1-4-5-6-7-8-9-10-11-12(14)13(2)3/h4-11H2,1-3H3"
16.530066,16.907005,"InChI=1S/C12H26O2S/c1-2-3-4-5-6-7-11-15-12-10-14-9-8-13/h13H,2-12H2,1H3"
15.153870999999999,15.153459999999999,"InChI=1S/C12H26O3S/c1-2-3-4-5-6-7-8-9-10-11-12-16(13,14)15/h2-12H2,1H3,(H,13,14,15)"
16.182388,16.4296615,"InChI=1S/C12H26O4S/c1-2-3-4-5-6-7-8-9-10-11-12-16-17(13,14)15/h2-12H2,1H3,(H,13,14,15)"
11.701638,11.959099,"InChI=1S/C12H26O5/c1-2-3-5-14-7-9-16-11-12-17-10-8-15-6-4-13/h13H,2-12H2,1H3"
13.772896,15.246521,"InChI=1S/C12H27NO/c1-4-5-6-7-8-9-10-11-12-13(2,3)14/h4-12H2,1-3H3"
16.381328,16.128814,"InChI=1S/C12H27O4P/c1-10(2)7-14-17(13,15-8-11(3)4)16-9-12(5)6/h10-12H,7-9H2,1-6H3"
16.404075499999998,16.1803725,"InChI=1S/C12H27O4P/c1-4-7-10-14-17(13,15-11-8-5-2)16-12-9-6-3/h4-12H2,1-3H3"
15.101599,15.3834595,"InChI=1S/C12H4Cl2F6N4/c13-5-1-4(11(15,16)17)2-6(14)9(5)24-10(22)8(12(18,19)20)7(3-21)23-24/h1-2H,22H2"
15.66361,16.005993,"InChI=1S/C12H4Cl2F6N4O2S/c13-5-1-4(11(15,16)17)2-6(14)8(5)24-10(22)9(7(3-21)23-24)27(25,26)12(18,19)20/h1-2H,22H2"
15.29298,15.624726,"InChI=1S/C12H4Cl2F6N4OS/c13-5-1-4(11(15,16)17)2-6(14)8(5)24-10(22)9(7(3-21)23-24)26(25)12(18,19)20/h1-2H,22H2"
15.447451,15.7638965,"InChI=1S/C12H4Cl2F6N4S/c13-5-1-4(11(15,16)17)2-6(14)8(5)24-10(22)9(7(3-21)23-24)25-12(18,19)20/h1-2H,22H2"
14.140891,14.424215,"InChI=1S/C12H6F2N2O2/c13-12(14)17-10-3-1-2-8(11(10)18-12)9-6-16-5-7(9)4-15/h1-3,5-6,16H"
16.864231,15.17269,"InChI=1S/C12H7Cl3O/c13-9-3-1-7(2-4-9)8-5-10(14)12(16)11(15)6-8/h1-6,16H"
16.528388,16.69120475,"InChI=1S/C12H7Cl3O2/c13-7-1-3-11(9(15)5-7)17-12-4-2-8(14)6-10(12)16/h1-6,16H"
15.874914,15.973014,"InChI=1S/C12H8Cl2O/c13-10-4-1-8(2-5-10)9-3-6-11(14)12(15)7-9/h1-7,15H"
14.863018,12.015767,"InChI=1S/C12H8Cl2O2S/c13-9-1-5-11(6-2-9)17(15,16)12-7-3-10(14)4-8-12/h1-8H"
10.501097,8.9974088,"InChI=1S/C12H8F3N5O3S/c1-23-12-16-5-8(15)10-17-11(18-20(10)12)24(21,22)19-9-6(13)3-2-4-7(9)14/h2-5,19H,1H3"
8.11043785,6.127306,InChI=1S/C12H8O2P/c13-15-12-8-4-2-6-10(12)9-5-1-3-7-11(9)14-15/h1-8H/q+1
13.252014,13.478644,"InChI=1S/C12H9ClF3N3O/c1-17-9-6-18-19(11(20)10(9)13)8-4-2-3-7(5-8)12(14,15)16/h2-6,17H,1H3"
12.205464,12.41196,"InChI=1S/C12H9NO/c14-8-5-6-10-9-3-1-2-4-11(9)13-12(10)7-8/h1-7,13-14H"
14.928858,15.243764500000001,"InChI=1S/C12H9NS/c1-3-7-11-9(5-1)13-10-6-2-4-8-12(10)14-11/h1-8,13H"
15.188063,15.1024545,"InChI=1S/C13H10Cl2O2/c14-10-1-3-12(16)8(6-10)5-9-7-11(15)2-4-13(9)17/h1-4,6-7,16-17H,5H2"
15.710355,16.036298,"InChI=1S/C13H10ClNO/c14-11-6-2-4-8-13(11)15-12-7-3-1-5-10(12)9-16/h1-9,15H"
12.715516,12.94519,"InChI=1S/C13H10INO/c14-12-9-5-4-8-11(12)13(16)15-10-6-2-1-3-7-10/h1-9H,(H,15,16)"
7.1876693,8.282706725,"InChI=1S/C13H10N2O3S/c16-19(17,18)10-6-7-11-12(8-10)15-13(14-11)9-4-2-1-3-5-9/h1-8H,(H,14,15)(H,16,17,18)"
14.0893105,14.375408,InChI=1S/C13H10O/c14-13(11-7-3-1-4-8-11)12-9-5-2-6-10-12/h1-10H
14.994586250000001,15.295533,"InChI=1S/C13H11Cl2F4N3O/c14-9-1-2-10(11(15)3-9)8(4-22-7-20-6-21-22)5-23-13(18,19)12(16)17/h1-3,6-8,12H,4-5H2"
13.9091325,14.161702,"InChI=1S/C13H11ClN2O/c14-11-8-4-5-9-12(11)16-13(17)15-10-6-2-1-3-7-10/h1-9H,(H2,15,16,17)"
13.934664,14.322407,"InChI=1S/C13H12Cl2N2/c14-10-6-8(1-3-12(10)16)5-9-2-4-13(17)11(15)7-9/h1-4,6-7H,5,16-17H2"
9.4677291,9.5775094,"InChI=1S/C13H12F2N6O/c14-10-1-2-11(12(15)3-10)13(22,4-20-8-16-6-18-20)5-21-9-17-7-19-21/h1-3,6-9,22H,4-5H2"
9.87842755,13.494285,"InChI=1S/C13H12N2O/c1-8-13-11(5-6-14-8)10-4-3-9(16-2)7-12(10)15-13/h3-7,15H,1-2H3"
12.457369,12.7094635,"InChI=1S/C13H12N2O/c16-13(14-11-7-3-1-4-8-11)15-12-9-5-2-6-10-12/h1-10H,(H2,14,15,16)"
14.984303,15.295533,"InChI=1S/C13H13ClN4O2S/c1-9-4-6-10(7-5-9)12-13(14)16-11(8-15)18(12)21(19,20)17(2)3/h4-7H,1-3H3"
8.758733,10.035763,"InChI=1S/C13H13N3/c14-13(15-11-7-3-1-4-8-11)16-12-9-5-2-6-10-12/h1-10H,(H3,14,15,16)"
5.4433656,10.731777,"InChI=1S/C13H14N2/c14-12-5-1-10(2-6-12)9-11-3-7-13(15)8-4-11/h1-8H,9,14-15H2"
15.56600375,15.884447999999999,"InChI=1S/C13H15Cl2N3/c1-2-3-10(7-18-9-16-8-17-18)12-5-4-11(14)6-13(12)15/h4-6,8-10H,2-3,7H2,1H3"
7.907072775,7.9433573,"InChI=1S/C13H15N3O2/c1-9-12(14-10(2)17)13(18)16(15(9)3)11-7-5-4-6-8-11/h4-8H,1-3H3,(H,14,17)"
8.8883586,5.2379294,"InChI=1S/C13H15N3O3/c1-7(2)13(3)12(19)15-10(16-13)9-8(11(17)18)5-4-6-14-9/h4-7H,1-3H3,(H,17,18)(H,15,16,19)"
11.708563,11.9507145,"InChI=1S/C13H15NO2/c1-10-12(8-5-9-16-10)13(15)14-11-6-3-2-4-7-11/h2-4,6-7H,5,8-9H2,1H3,(H,14,15)"
8.96192015,13.451054,"InChI=1S/C13H16ClNO/c1-15-13(9-5-4-8-12(13)16)10-6-2-3-7-11(10)14/h2-3,6-7,15H,4-5,8-9H2,1H3"
9.4278871,9.6141494,"InChI=1S/C13H16FN3O6/c1-5-9(22-6(2)18)10(23-7(3)19)12(21-5)17-4-8(14)11(15)16-13(17)20/h4-5,9-10,12H,1-3H3,(H2,15,16,20)"
9.7145626,9.8265454,"InChI=1S/C13H16N2O2/c1-9(16)14-6-5-10-8-15-13-4-3-11(17-2)7-12(10)13/h3-4,7-8,15H,5-6H2,1-2H3,(H,14,16)"
14.0891745,15.84608,"InChI=1S/C13H16N2S/c1-2-6-10(7-3-1)14-13-15-11-8-4-5-9-12(11)16-13/h4-5,8-10H,1-3,6-7H2,(H,14,15)"
15.534872,15.884254,"InChI=1S/C13H16O/c14-13(11-7-3-1-4-8-11)12-9-5-2-6-10-12/h1,3-4,7-8,12H,2,5-6,9-10H2"
8.182328,11.830640500000001,"InChI=1S/C13H17ClN2O2/c14-12-3-1-11(2-4-12)13(17)15-5-6-16-7-9-18-10-8-16/h1-4H,5-10H2,(H,15,17)"
7.01393625,11.224287,"InChI=1S/C13H17N3O/c1-10-12(14(2)3)13(17)16(15(10)4)11-8-6-5-7-9-11/h5-9H,1-4H3"
9.4167725,9.524102,"InChI=1S/C13H17N3O3/c1-10(17)15(4)16(11-8-6-5-7-9-11)13(19)12(18)14(2)3/h5-9H,1-4H3"
14.07627325,14.17262,"InChI=1S/C13H17NO/c1-4-8-13(15)14(5-2)12-10-7-6-9-11(12)3/h4,6-10H,5H2,1-3H3"
14.770488,9.735285300000001,"InChI=1S/C13H17NO4/c1-9-5-4-6-10(2)11(9)14(7-8-18-3)12(15)13(16)17/h4-6H,7-8H2,1-3H3,(H,16,17)"
10.565808,15.370533,"InChI=1S/C13H18Br2N2O/c14-9-5-8(13(16)12(15)6-9)7-17-10-1-3-11(18)4-2-10/h5-6,10-11,17-18H,1-4,7,16H2"
10.535547,15.61263,"InChI=1S/C13H18ClNO/c1-9(15-13(2,3)4)12(16)10-6-5-7-11(14)8-10/h5-9,15H,1-4H3"
13.447159,13.720068999999999,"InChI=1S/C13H18ClNO2/c1-10-5-4-6-11(2)13(10)15(7-8-17-3)12(16)9-14/h4-6H,7-9H2,1-3H3"
13.2568335,13.529295999999999,"InChI=1S/C13H18N2O/c16-13(14-11-7-3-1-4-8-11)15-12-9-5-2-6-10-12/h1,3-4,7-8,12H,2,5-6,9-10H2,(H2,14,15,16)"
12.87434425,13.087908,"InChI=1S/C13H18N2O2/c16-12-10-7-4-8-11(10)14-13(17)15(12)9-5-2-1-3-6-9/h9H,1-8H2,(H,14,17)"
9.8697805,9.983886,"InChI=1S/C13H18N4O3/c1-9(18)6-4-5-7-17-12(19)10-11(14-8-15(10)2)16(3)13(17)20/h8H,4-7H2,1-3H3"
14.124493,13.461977749999999,"InChI=1S/C13H18O2/c1-9(2)8-11-4-6-12(7-5-11)10(3)13(14)15/h4-7,9-10H,8H2,1-3H3,(H,14,15)"
13.9234215,14.2058605,"InChI=1S/C13H18O5S/c1-5-16-12-13(2,3)10-8-9(18-19(4,14)15)6-7-11(10)17-12/h6-8,12H,5H2,1-4H3"
17.19749075,17.540755,"InChI=1S/C13H19N3O4/c1-5-10(6-2)14-12-11(15(17)18)7-8(3)9(4)13(12)16(19)20/h7,10,14H,5-6H2,1-4H3"
6.96460395,10.370651,"InChI=1S/C13H19NO4/c1-9(2)14-7-11(15)8-18-12-5-3-10(4-6-12)13(16)17/h3-6,9,11,14-15H,7-8H2,1-2H3,(H,16,17)"
9.99339395,10.031421250000001,"InChI=1S/C13H19NO5S/c1-10-5-4-6-11(2)13(10)14(7-8-19-3)12(15)9-20(16,17)18/h4-6H,7-9H2,1-3H3,(H,16,17,18)"
8.84517365,13.789107,"InChI=1S/C13H20N2O/c1-4-9-14-11(3)13(16)15-12-8-6-5-7-10(12)2/h5-8,11,14H,4,9H2,1-3H3,(H,15,16)"
6.4362011,10.703622,"InChI=1S/C13H20N2O2/c16-11-13(17)10-14-6-8-15(9-7-14)12-4-2-1-3-5-12/h1-5,13,16-17H,6-11H2"
6.279474575,10.225982,"InChI=1S/C13H22N4O3S/c1-14-13(9-17(18)19)15-6-7-21-10-12-5-4-11(20-12)8-16(2)3/h4-5,9,14-15H,6-8,10H2,1-3H3"
12.197166,12.406503,"InChI=1S/C13H22NO5PS/c1-6-18-20(15,14-10(2)3)19-12-7-8-13(11(4)9-12)21(5,16)17/h7-10H,6H2,1-5H3,(H,14,15)"
13.975167,14.280107000000001,"InChI=1S/C13H24N2O/c16-13(14-11-7-3-1-4-8-11)15-12-9-5-2-6-10-12/h11-12H,1-10H2,(H2,14,15,16)"
9.0826912,13.176611,"InChI=1S/C13H24N4O3S/c1-13(2,3)14-8-10(18)9-20-12-11(15-21-16-12)17-4-6-19-7-5-17/h10,14,18H,4-9H2,1-3H3"
14.7332675,15.5962535,"InChI=1S/C13H24N4O3S/c1-6-8-9-11-10(3)15-13(14-7-2)16-12(11)20-21(18,19)17(4)5/h6-9H2,1-5H3,(H,14,15,16)"
9.2164193,13.129536,"InChI=1S/C13H25N/c1-14(12-8-4-2-5-9-12)13-10-6-3-7-11-13/h12-13H,2-11H2,1H3"
15.755514,14.64531,"InChI=1S/C13H28O4S/c1-2-3-4-12-18-13-11-17-10-9-16-8-7-15-6-5-14/h14H,2-13H2,1H3"
15.224282,17.710816,"InChI=1S/C13H29N/c1-3-4-5-6-7-8-9-10-11-12-13-14-2/h14H,3-13H2,1-2H3"
17.023334499999997,15.598436750000001,"InChI=1S/C13H4Cl2F6N4O4/c14-6-1-4(12(16,17)18)3-22-11(6)23-9-7(24(26)27)2-5(13(19,20)21)8(15)10(9)25(28)29/h1-3H,(H,22,23)"
14.349373,13.170008,"InChI=1S/C13H7Cl2NO5/c14-7-1-4-12(10(15)5-7)21-8-2-3-11(16(19)20)9(6-8)13(17)18/h1-6H,(H,17,18)"
17.712783,14.90359,"InChI=1S/C13H7Cl4NO2/c14-6-3-8(12(19)11(17)4-6)13(20)18-7-1-2-9(15)10(16)5-7/h1-5,19H,(H,18,20)"
17.280467,16.377784,"InChI=1S/C13H8Br2Cl2O2/c14-10-4-8(16)2-6(12(10)18)1-7-3-9(17)5-11(15)13(7)19/h2-5,18-19H,1H2"
16.66131,13.56401,"InChI=1S/C13H8Cl2N2O4/c14-7-1-4-12(18)9(5-7)13(19)16-11-3-2-8(17(20)21)6-10(11)15/h1-6,18H,(H,16,19)"
14.152014000000001,14.431812,"InChI=1S/C13H9Cl2F3N4OS/c1-2-24(23)11-9(5-19)21-22(12(11)20)10-7(14)3-6(4-8(10)15)13(16,17)18/h3-4H,2,20H2,1H3"
15.466201,13.3817025,"InChI=1S/C13H9Cl2NO3/c14-7-1-4-12(10(15)5-7)19-8-2-3-11(16)9(6-8)13(17)18/h1-6H,16H2,(H,17,18)"
16.2252145,16.55505475,"InChI=1S/C13H9Cl3N2O/c14-8-1-3-9(4-2-8)17-13(19)18-10-5-6-11(15)12(16)7-10/h1-7H,(H2,17,18,19)"
13.83062,11.8865945,"InChI=1S/C13H9F6N5O4S/c1-28-11-21-8(13(17,18)19)20-9(23-11)22-10(25)24-29(26,27)7-5-3-2-4-6(7)12(14,15)16/h2-5H,1H3,(H2,20,21,22,23,24,25)"
8.83652685,14.60186,InChI=1S/C13H9N/c1-3-7-12-10(5-1)9-11-6-2-4-8-13(11)14-12/h1-9H
16.227676,14.0651555,"InChI=1S/C14H10F3NO2/c15-14(16,17)9-4-3-5-10(8-9)18-12-7-2-1-6-11(12)13(19)20/h1-8,18H,(H,19,20)"
15.360989,13.340614,"InChI=1S/C14H11Cl2NO2/c15-10-5-3-6-11(16)14(10)17-12-7-2-1-4-9(12)8-13(18)19/h1-7,17H,8H2,(H,18,19)"
13.656157,10.65766,"InChI=1S/C14H11Cl2NO3/c15-10-6-9(18)7-11(16)14(10)17-12-4-2-1-3-8(12)5-13(19)20/h1-4,6-7,17-18H,5H2,(H,19,20)"
12.556173699999999,9.6683362,"InChI=1S/C14H11ClN2O4S/c15-11-6-5-8(7-12(11)22(16,20)21)14(19)10-4-2-1-3-9(10)13(18)17-14/h1-7,19H,(H,17,18)(H2,16,20,21)"
16.709768,14.446052,"InChI=1S/C14H12ClNO2/c1-9-11(15)6-4-8-12(9)16-13-7-3-2-5-10(13)14(17)18/h2-8,16H,1H3,(H,17,18)"
11.8151975,8.9117449,"InChI=1S/C14H12FNO3/c1-7-2-3-8-4-9(15)5-10-12(8)16(7)6-11(13(10)17)14(18)19/h4-7H,2-3H2,1H3,(H,18,19)"
15.0445895,15.327302,"InChI=1S/C14H12O3/c1-17-11-7-8-12(13(15)9-11)14(16)10-5-3-2-4-6-10/h2-9,15H,1H3"
12.52173735,15.357691,"InChI=1S/C14H12O3/c15-12-5-3-10(4-6-12)1-2-11-7-13(16)9-14(17)8-11/h1-9,15-17H"
10.105795749999999,9.659630475,"InChI=1S/C14H12O6S/c1-20-12-8-11(15)10(7-13(12)21(17,18)19)14(16)9-5-3-2-4-6-9/h2-8,15H,1H3,(H,17,18,19)"
11.9750985,10.867771,"InChI=1S/C14H13Cl2N5O4S/c1-7-4-5-8(15)12(11(7)16)20-26(22,23)14-18-13-17-9(24-2)6-10(25-3)21(13)19-14/h4-6,20H,1-3H3"
11.1973915,6.9317408,"InChI=1S/C14H13ClO5S/c1-21(19,20)8-5-6-9(10(15)7-8)14(18)13-11(16)3-2-4-12(13)17/h5-7,13H,2-4H2,1H3"
14.949481,15.258132,"InChI=1S/C14H13F4N3O2S/c1-8(2)21(10-5-3-9(15)4-6-10)11(22)7-23-13-20-19-12(24-13)14(16,17)18/h3-6,8H,7H2,1-2H3"
14.644237,14.973039,"InChI=1S/C14H13N3/c1-3-7-13-10-11(2)15-14(17-13)16-12-8-5-4-6-9-12/h4-6,8-10H,1-2H3,(H,15,16,17)"
7.9175957,7.9302976,"InChI=1S/C14H13NO7/c16-6-1-5-4-2-7-13(22-3-21-7)11(18)8(4)14(20)15-9(5)12(19)10(6)17/h1-2,6,9-10,12,16-19H,3H2,(H,15,20)"
10.2669845,6.1946797,"InChI=1S/C14H13NO7S/c1-23(21,22)8-5-6-9(10(7-8)15(19)20)14(18)13-11(16)3-2-4-12(13)17/h5-7,13H,2-4H2,1H3"
12.8735575,15.966838,"InChI=1S/C14H14Cl2N2O/c1-2-7-19-14(9-18-6-5-17-10-18)12-4-3-11(15)8-13(12)16/h2-6,8,10,14H,1,7,9H2"
9.75960015,17.237382,"InChI=1S/C14H14ClNS/c15-13-4-2-1-3-11(13)9-16-7-5-14-12(10-16)6-8-17-14/h1-4,6,8H,5,7,9-10H2"
11.473725,12.181139,"InChI=1S/C14H14O2/c1-10(11-2-6-13(15)7-3-11)12-4-8-14(16)9-5-12/h2-10,15-16H,1H3"
13.821139,11.00415,"InChI=1S/C14H14O3/c1-9(14(15)16)10-3-4-12-8-13(17-2)6-5-11(12)7-10/h3-9H,1-2H3,(H,15,16)"
14.156043,14.461641,"InChI=1S/C14H14O4/c1-3-9-17-13(15)11-7-5-6-8-12(11)14(16)18-10-4-2/h3-8H,1-2,9-10H2"
15.0143275,15.327302,"InChI=1S/C14H15Cl2N3O/c15-12-4-2-1-3-11(12)7-14(20,13(16)5-6-13)8-19-10-17-9-18-19/h1-4,9-10,20H,5-8H2"
15.02878,15.363002,"InChI=1S/C14H15Cl2N3O2/c1-2-11-6-20-14(21-11,7-19-9-17-8-18-19)12-4-3-10(15)5-13(12)16/h3-5,8-9,11H,2,6-7H2,1H3"
15.72817,14.064393500000001,"InChI=1S/C14H15Cl2N3OS/c15-11-4-2-1-3-10(11)7-14(20,13(16)5-6-13)8-19-12(21)17-9-18-19/h1-4,9,20H,5-8H2,(H,17,18,21)"
14.7765545,15.849501,"InChI=1S/C14H15N3/c1-10-9-13(11-7-8-11)17-14(15-10)16-12-5-3-2-4-6-12/h2-6,9,11H,7-8H2,1H3,(H,15,16,17)"
15.650223,16.008541,"InChI=1S/C14H16Cl3NO2/c1-4-14(3,12(19)7-15)18-13(20)9-5-10(16)8(2)11(17)6-9/h5-6H,4,7H2,1-3H3,(H,18,20)"
13.0256465,13.269482,"InChI=1S/C14H16ClN3O/c1-11-5-3-6-12(2)14(11)18(13(19)9-15)10-17-8-4-7-16-17/h3-8H,9-10H2,1-2H3"
14.491402,14.804218,"InChI=1S/C14H16ClN3O2/c1-14(2,3)12(19)13(18-9-16-8-17-18)20-11-6-4-10(15)5-7-11/h4-9,13H,1-3H3"
11.512523,9.6659327,"InChI=1S/C14H16ClN5O5S/c1-9-16-12(19-14(17-9)24-2)18-13(21)20-26(22,23)11-6-4-3-5-10(11)25-8-7-15/h3-6H,7-8H2,1-2H3,(H2,16,17,18,19,20,21)"
8.597098899999999,8.55042855,"InChI=1S/C14H16N4O3S/c1-9-8-10(2)16-14(15-9)18-22(20,21)13-6-4-12(5-7-13)17-11(3)19/h4-8H,1-3H3,(H,17,19)(H,15,16,18)"
10.706816,7.90011805,"InChI=1S/C14H16N4O5S/c1-9(19)15-10-4-6-11(7-5-10)24(20,21)18-14-16-12(22-2)8-13(17-14)23-3/h4-8H,1-3H3,(H,15,19)(H,16,17,18)"
15.87406,16.239186500000002,"InChI=1S/C14H17Cl2N3O/c1-2-3-6-14(20,8-19-10-17-9-18-19)12-5-4-11(15)7-13(12)16/h4-5,7,9-10,20H,2-3,6,8H2,1H3"
14.859426,14.1705825,"InChI=1S/C14H17Cl2NO2/c1-14(7-3-2-4-8-14)13(19)17-9-5-6-10(18)12(16)11(9)15/h5-6,18H,2-4,7-8H2,1H3,(H,17,19)"
14.5862865,14.842585,"InChI=1S/C14H17N2O4PS/c1-3-18-21(22,19-4-2)20-13-10-11-14(17)16(15-13)12-8-6-5-7-9-12/h5-11H,3-4H2,1-2H3"
9.409769274999999,9.417533599999999,"InChI=1S/C14H17N3O4S/c1-11-5-3-6-12(2)14(11)17(10-16-8-4-7-15-16)13(18)9-22(19,20)21/h3-8H,9-10H2,1-2H3,(H,19,20,21)"
14.378826,14.713415,"InChI=1S/C14H17NO2/c1-4-15(5-2)11-6-7-12-10(3)8-14(16)17-13(12)9-11/h6-9H,4-5H2,1-3H3"
14.727055,15.03976,"InChI=1S/C14H18ClN3O2/c1-14(2,3)12(19)13(18-9-16-8-17-18)20-11-6-4-10(15)5-7-11/h4-9,12-13,19H,1-3H3"
12.342623,12.577778,"InChI=1S/C14H18N2O/c1-10(2)13-11(3)15(4)16(14(13)17)12-8-6-5-7-9-12/h5-10H,1-4H3"
11.037571,11.215133,"InChI=1S/C14H18N2O4/c1-10-5-4-6-11(2)13(10)16(12(17)9-19-3)15-7-8-20-14(15)18/h4-6H,7-9H2,1-3H3"
7.917947675000001,9.92728525,"InChI=1S/C14H18N4O3/c1-19-10-5-8(6-11(20-2)12(10)21-3)4-9-7-17-14(16)18-13(9)15/h5-7H,4H2,1-3H3,(H4,15,16,17,18)"
15.23932175,15.543005,"InChI=1S/C14H18O4/c1-3-9-17-13(15)11-7-5-6-8-12(11)14(16)18-10-4-2/h5-8H,3-4,9-10H2,1-2H3"
15.062127,15.396362,"InChI=1S/C14H18O4/c1-9(2)17-13(15)11-7-5-6-8-12(11)14(16)18-10(3)4/h5-10H,1-4H3"
12.647861,12.932039,"InChI=1S/C14H19NO2/c1-4-12-7-5-6-10(2)14(12)15-11(3)8-17-9-13(15)16/h5-7,11H,4,8-9H2,1-3H3"
15.514934,15.890091,"InChI=1S/C14H19NO4/c1-4-10-7-6-8-11(5-2)12(10)15(9-19-3)13(16)14(17)18/h6-8H,4-5,9H2,1-3H3,(H,17,18)"
11.046485,8.6177321,"InChI=1S/C14H19NO6S/c1-4-11-7-5-6-9(2)13(11)15(10(3)14(17)18)12(16)8-22(19,20)21/h5-7,10H,4,8H2,1-3H3,(H,17,18)(H,19,20,21)"
15.0272975,15.310009,"InChI=1S/C14H20ClNO2/c1-4-12-8-6-7-11(3)14(12)16(10-18-5-2)13(17)9-15/h6-8H,4-5,9-10H2,1-3H3"
13.878087,14.181696500000001,"InChI=1S/C14H20N2O/c1-11-7-5-6-10-13(11)16-14(17)15-12-8-3-2-4-9-12/h2-4,8-9,11,13H,5-7,10H2,1H3,(H2,15,16,17)"
7.51366545,10.182752,"InChI=1S/C14H20N2O2/c1-10(2)16-8-11(17)9-18-14-5-3-4-13-12(14)6-7-15-13/h3-7,10-11,15-17H,8-9H2,1-2H3"
15.8573415,16.1873475,"InChI=1S/C14H20N3O5PS/c1-5-19-14(18)11-9-17-12(15-10(11)4)8-13(16-17)22-23(24,20-6-2)21-7-3/h8-9H,5-7H2,1-4H3"
7.7514378,8.69968665,"InChI=1S/C14H21NO4/c1-10(2)15-8-12(16)9-19-13-5-3-11(4-6-13)7-14(17)18/h3-6,10,12,15-16H,7-9H2,1-2H3,(H,17,18)"
7.4832447,8.754353,"InChI=1S/C14H21NO4/c1-5-17-12-8-7-11(9-13(12)18-6-2)15-14(16)19-10(3)4/h7-10H,5-6H2,1-4H3,(H,15,16)"
11.3699165,10.570003,"InChI=1S/C14H21NO5S2/c1-9-6-21-11(3)14(9)15(10(2)5-20-4)12(16)7-22(19)8-13(17)18/h6,10H,5,7-8H2,1-4H3,(H,17,18)"
16.536049,16.892282,"InChI=1S/C14H21NOS/c1-3-10-15(11-4-2)14(16)17-12-13-8-6-5-7-9-13/h5-9H,3-4,10-12H2,1-2H3"
8.45827805,14.851755,"InChI=1S/C14H22N2O/c1-5-16(6-2)10-13(17)15-14-11(3)8-7-9-12(14)4/h7-9H,5-6,10H2,1-4H3,(H,15,17)"
6.37667635,8.557245,"InChI=1S/C14H22N2O3/c1-10(2)16-8-12(17)9-19-13-5-3-11(4-6-13)7-14(15)18/h3-6,10,12,16-17H,7-9H2,1-2H3,(H2,15,18)"
5.1657184,7.1648186,"InChI=1S/C14H22N6O5/c1-7(2)9(15)13(23)24-4-8(3-21)25-6-20-5-17-10-11(20)18-14(16)19-12(10)22/h5,7-9,21H,3-4,6,15H2,1-2H3,(H3,16,18,19,22)"
16.224811,16.572369,"InChI=1S/C14H22O/c1-13(2,3)10-8-7-9-11(12(10)15)14(4,5)6/h7-9,15H,1-6H3"
16.891384,17.269253,"InChI=1S/C14H22O/c1-2-3-4-5-6-7-8-13-9-11-14(15)12-10-13/h9-12,15H,2-8H2,1H3"
16.224811,16.572369,"InChI=1S/C14H22O/c1-9-13(2,3)10-7-6-8-11(15)12(10)14(9,4)5/h9H,6-8H2,1-5H3"
9.10285935,7.7945197,"InChI=1S/C14H24N2O4/c1-4-10(5-2)20-12-7-9(14(18)19)6-11(15)13(12)16-8(3)17/h7,10-13H,4-6,15H2,1-3H3,(H,16,17)(H,18,19)"
16.276632,16.634855,"InChI=1S/C14H28NO3PS2/c1-4-10-17-19(20,18-11-5-2)21-12-14(16)15-9-7-6-8-13(15)3/h13H,4-12H2,1-3H3"
17.831399,16.885566,"InChI=1S/C14H29NO2/c1-2-3-4-5-6-7-8-9-10-11-14(17)15-12-13-16/h16H,2-13H2,1H3,(H,15,17)"
17.661013,18.066785,"InChI=1S/C14H30O2S/c1-2-3-4-5-6-7-8-9-13-17-14-12-16-11-10-15/h15H,2-14H2,1H3"
17.176711,17.432632,"InChI=1S/C14H30O4S/c1-2-3-4-5-6-7-8-9-10-11-12-13-14-18-19(15,16)17/h2-14H2,1H3,(H,15,16,17)"
15.78543975,16.849051,"InChI=1S/C14H31NO/c1-4-5-6-7-8-9-10-11-12-13-14-15(2,3)16/h4-14H2,1-3H3"
16.925921,17.232026,"InChI=1S/C14H6Cl2F4N2O2/c15-5-4-8(12(20)10(16)11(5)19)21-14(24)22-13(23)9-6(17)2-1-3-7(9)18/h1-4H,(H2,21,22,23,24)"
15.87406,16.264325,InChI=1S/C14H8Cl2N4/c15-11-7-3-1-5-9(11)13-17-19-14(20-18-13)10-6-2-4-8-12(10)16/h1-8H
17.212468,13.854109,InChI=1S/C14H8N2S4/c1-3-7-11-9(5-1)15-13(17-11)19-20-14-16-10-6-2-4-8-12(10)18-14/h1-8H
16.2871685,16.656651500000002,"InChI=1S/C14H9Cl3N2OS/c1-21-14-18-9-5-8(16)12(6-10(9)19-14)20-11-4-2-3-7(15)13(11)17/h2-6H,1H3,(H,18,19)"
15.132030499999999,15.406236499999999,"InChI=1S/C14H9ClF2N2O2/c15-8-4-6-9(7-5-8)18-14(21)19-13(20)12-10(16)2-1-3-11(12)17/h1-7H,(H2,18,19,20,21)"
15.472582,15.785556,"InChI=1S/C14H9ClF3NO2/c15-9-3-4-11-10(7-9)13(14(16,17)18,21-12(20)19-11)6-5-8-1-2-8/h3-4,7-8H,1-2H2,(H,19,20)"
17.678198,17.7093135,"InChI=1S/C14HF27O2/c15-2(16,1(42)43)3(17,18)4(19,20)5(21,22)6(23,24)7(25,26)8(27,28)9(29,30)10(31,32)11(33,34)12(35,36)13(37,38)14(39,40)41/h(H,42,43)"
13.2158985,13.476993,"InChI=1S/C15H10Cl2N2O2/c16-8-5-6-12-10(7-8)13(19-15(21)14(20)18-12)9-3-1-2-4-11(9)17/h1-7,15,21H,(H,18,20)"
15.878327500000001,16.2225125,"InChI=1S/C15H10ClF3N2O3/c16-12-4-2-1-3-11(12)13(22)21-14(23)20-9-5-7-10(8-6-9)24-15(17,18)19/h1-8H,(H2,20,21,22,23)"
15.885177,14.73545,"InChI=1S/C15H10F6O2/c16-14(17,18)13(15(19,20)21,9-1-5-11(22)6-2-9)10-3-7-12(23)8-4-10/h1-8,22-23H"
11.1926645,9.18838755,"InChI=1S/C15H10O4/c16-10-3-1-9(2-4-10)13-8-19-14-7-11(17)5-6-12(14)15(13)18/h1-8,16-17H"
12.132144,10.6458635,"InChI=1S/C15H10O4/c16-10-6-12(17)15-11(9-4-2-1-3-5-9)8-14(18)19-13(15)7-10/h1-8,16-17H"
11.933713000000001,9.657069475,"InChI=1S/C15H10O5/c16-9-3-1-8(2-4-9)11-7-20-13-6-10(17)5-12(18)14(13)15(11)19/h1-7,16-18H"
12.321182,10.063422,"InChI=1S/C15H10O6/c16-8-3-1-7(2-4-8)15-14(20)13(19)12-10(18)5-9(17)6-11(12)21-15/h1-6,16-18,20H"
13.1942815,13.451054,"InChI=1S/C15H11ClN2O2/c16-10-6-7-12-11(8-10)13(9-4-2-1-3-5-9)18-15(20)14(19)17-12/h1-8,15,20H,(H,17,19)"
14.071882,12.949567,"InChI=1S/C15H11I4NO4/c16-8-4-7(5-9(17)13(8)21)24-14-10(18)1-6(2-11(14)19)3-12(20)15(22)23/h1-2,4-5,12,21H,3,20H2,(H,22,23)"
16.606056,14.6139385,"InChI=1S/C15H12Br4O2/c1-15(2,7-3-9(16)13(20)10(17)4-7)8-5-11(18)14(21)12(19)6-8/h3-6,20-21H,1-2H3"
14.348572,14.622361999999999,"InChI=1S/C15H12Cl2O4/c1-9(15(18)19)20-11-3-5-12(6-4-11)21-14-7-2-10(16)8-13(14)17/h2-9H,1H3,(H,18,19)"
14.392458,12.565034,"InChI=1S/C15H12F4N4O7S/c1-28-11(24)7-4-2-3-5-8(7)31(26,27)23-15(25)22-14-20-9(29-12(16)17)6-10(21-14)30-13(18)19/h2-6,12-13H,1H3,(H2,20,21,22,23,25)"
12.3555585,12.63052,"InChI=1S/C15H12N2O/c16-15(18)17-13-7-3-1-5-11(13)9-10-12-6-2-4-8-14(12)17/h1-10H,(H2,16,18)"
10.89018,11.046581,"InChI=1S/C15H12N2O2/c16-15(18)17-11-7-3-1-5-9(11)13-14(19-13)10-6-2-4-8-12(10)17/h1-8,13-14H,(H2,16,18)"
10.695503,10.753406,"InChI=1S/C15H12N2O2/c16-15(19)17-13-4-2-1-3-10(13)5-6-11-9-12(18)7-8-14(11)17/h1-9,18H,(H2,16,19)"
11.963288,11.67911275,"InChI=1S/C15H12N2O2/c18-13-15(17-14(19)16-13,11-7-3-1-4-8-11)12-9-5-2-6-10-12/h1-10H,(H2,16,17,18,19)"
8.8966081,5.2940178499999995,"InChI=1S/C15H12O7/c16-7-4-10(19)12-11(5-7)22-15(14(21)13(12)20)6-1-2-8(17)9(18)3-6/h1-5,14-19,21H"
15.406859,15.752841,"InChI=1S/C15H14Cl2F3N3O3/c1-3-26-13(24)10(17)4-8-5-12(11(18)6-9(8)16)23-15(25)22(14(19)20)7(2)21-23/h5-6,10,14H,3-4H2,1-2H3"
14.01609875,10.448954,"InChI=1S/C15H14F3N5O7S/c1-28-9-6-10(29-2)21-13(20-9)22-14(25)23-31(26,27)11-7(12(24)30-3)4-5-8(19-11)15(16,17)18/h4-6H,1-3H3,(H2,20,21,22,23,25)"
10.7430565,10.900395,"InChI=1S/C15H14N2O2/c16-15(19)17-12-7-3-1-5-10(12)9-14(18)11-6-2-4-8-13(11)17/h1-8,14,18H,9H2,(H2,16,19)"
10.41017975,10.5542225,"InChI=1S/C15H14N2O3/c16-15(20)17-11-7-3-1-5-9(11)13(18)14(19)10-6-2-4-8-12(10)17/h1-8,13-14,18-19H,(H2,16,20)"
11.912595,9.9547737,"InChI=1S/C15H14O5/c16-10-4-1-9(2-5-10)3-6-12(18)15-13(19)7-11(17)8-14(15)20/h1-2,4-5,7-8,16-17,19-20H,3,6H2"
16.4011255,16.884130499999998,"InChI=1S/C15H15ClF3N3O/c1-2-7-23-9-14(22-6-5-20-10-22)21-13-4-3-11(16)8-12(13)15(17,18)19/h3-6,8,10H,2,7,9H2,1H3"
14.6382145,14.940190000000001,"InChI=1S/C15H15ClN2O2/c1-18(2)15(19)17-12-5-9-14(10-6-12)20-13-7-3-11(16)4-8-13/h3-10H,1-2H3,(H,17,19)"
16.34586,13.636928,"InChI=1S/C15H15NO2/c1-10-6-5-9-13(11(10)2)16-14-8-4-3-7-12(14)15(17)18/h3-9,16H,1-2H3,(H,17,18)"
15.76624525,16.326329,"InChI=1S/C15H16Cl3N3O2/c1-2-4-20(15(22)21-5-3-19-10-21)6-7-23-14-12(17)8-11(16)9-13(14)18/h3,5,8-10H,2,4,6-7H2,1H3"
18.325385,16.0839145,"InChI=1S/C15H16O2/c1-15(2,11-3-7-13(16)8-4-11)12-5-9-14(17)10-6-12/h3-10,16-17H,1-2H3"
9.2482787,9.3567231,"InChI=1S/C15H16O6/c1-5(2)7-8-11(16)19-9(7)10-13(3)14(8,18)4-6-15(13,21-6)12(17)20-10/h6-10,18H,1,4H2,2-3H3"
16.1225875,16.475616,"InChI=1S/C15H17Cl2N3O/c1-15(2,3)14(21)13(20-9-18-8-19-20)6-10-4-5-11(16)7-12(10)17/h4-9,14,21H,1-3H3"
15.740519,16.090138,"InChI=1S/C15H17Cl2N3O2/c1-2-3-12-7-21-15(22-12,8-20-10-18-9-19-20)13-5-4-11(16)6-14(13)17/h4-6,9-10,12H,2-3,7-8H2,1H3"
13.1986055,15.102498,"InChI=1S/C15H17ClN2O2/c1-15(2,3)13(19)14(18-9-8-17-10-18)20-12-6-4-11(16)5-7-12/h4-10,14H,1-3H3"
14.5855245,14.88645,"InChI=1S/C15H17ClN4/c1-2-3-8-15(9-17,10-20-12-18-11-19-20)13-4-6-14(16)7-5-13/h4-7,11-12H,2-3,8,10H2,1H3"
12.825756,9.4005986,"InChI=1S/C15H17N5O6S/c1-9-16-13(18-14(17-9)26-4)20(2)15(22)19-27(23,24)11-8-6-5-7-10(11)12(21)25-3/h5-8H,1-4H3,(H,19,22)"
14.034218,14.3599235,"InChI=1S/C15H17NO2/c1-3-16-15(17)11(2)18-14-10-6-8-12-7-4-5-9-13(12)14/h4-11H,3H2,1-2H3,(H,16,17)"
14.4696115,15.03976,"InChI=1S/C15H18ClN3O/c1-11(12-2-3-12)15(20,8-19-10-17-9-18-19)13-4-6-14(16)7-5-13/h4-7,9-12,20H,2-3,8H2,1H3"
7.5030186,11.113241,"InChI=1S/C15H18N2O/c1-3-11-10-6-9(2)8-15(11,16)12-4-5-14(18)17-13(12)7-10/h3-6,10H,7-8,16H2,1-2H3,(H,17,18)"
11.7806125,9.8887762,"InChI=1S/C15H18N4O7S/c1-4-9-26-14-16-19(15(22)18(14)2)13(21)17-27(23,24)11-8-6-5-7-10(11)12(20)25-3/h5-8H,4,9H2,1-3H3,(H,17,21)"
11.523358,8.1042953,"InChI=1S/C15H18N6O6S/c1-21(2)13(22)9-6-5-7-16-12(9)28(24,25)20-15(23)19-14-17-10(26-3)8-11(18-14)27-4/h5-8H,1-4H3,(H2,17,18,19,20,23)"
11.282373,11.496174,"InChI=1S/C15H18O3/c1-8-10-4-6-15(3)7-5-11(16)9(2)12(15)13(10)18-14(8)17/h5,7-8,10,13H,4,6H2,1-3H3"
15.440206,15.797345,"InChI=1S/C15H19Cl2N3O/c1-15(2,3)14(21)13(20-9-18-8-19-20)6-10-4-5-11(16)7-12(10)17/h4-5,7-9,13-14,21H,6H2,1-3H3"
11.1709815,7.9961017,"InChI=1S/C15H19N3O3/c1-5-9-6-10(13(19)20)11(16-7-9)12-17-14(21)15(4,18-12)8(2)3/h6-8H,5H2,1-4H3,(H,19,20)(H,17,18,21)"
14.357972,14.639519,"InChI=1S/C15H20ClN3O/c1-15(2,3)14(20)13(19-10-17-9-18-19)8-11-4-6-12(16)7-5-11/h4-7,9-10,13-14,20H,8H2,1-3H3"
14.983917,15.328821,"InChI=1S/C15H20O2/c1-10-5-4-6-11(2)9-14-13(8-7-10)12(3)15(16)17-14/h5,9,13-14H,3-4,6-8H2,1-2H3"
12.786509,13.065694,"InChI=1S/C15H20O3/c1-9-5-4-8-15(3)13(18-15)12-11(7-6-9)10(2)14(16)17-12/h5,11-13H,2,4,6-8H2,1,3H3"
5.8686306,5.9406627,"InChI=1S/C15H20O7/c1-6-3-7-14(4-16,11(20)8(6)17)13(2)10(19)9(18)12(22-7)15(13)5-21-15/h3,7,9-12,16,18-20H,4-5H2,1-2H3"
7.9096482,7.9585120499999995,"InChI=1S/C15H20O8/c1-6-3-7(16)15(21)13(6)4-8(23-10(18)9(13)17)12(2,20)14(15)5-22-11(14)19/h6-9,16-17,20-21H,3-5H2,1-2H3"
13.5185195,15.327302,"InChI=1S/C15H21F3N2O2/c1-21-10-3-2-4-14(20-22-11-9-19)12-5-7-13(8-6-12)15(16,17)18/h5-8H,2-4,9-11,19H2,1H3"
9.6291566,14.210615,"InChI=1S/C15H21NO2/c1-3-18-14(17)15(9-11-16(2)12-10-15)13-7-5-4-6-8-13/h4-8H,3,9-12H2,1-2H3"
13.17487075,13.471530999999999,"InChI=1S/C15H21NO4/c1-10-7-6-8-11(2)14(10)16(13(17)9-19-4)12(3)15(18)20-5/h6-8,12H,9H2,1-5H3"
13.2072525,13.476993,"InChI=1S/C15H21NO4/c1-5-12-8-6-7-10(2)13(12)16(11(3)9-20-4)14(17)15(18)19/h6-8,11H,5,9H2,1-4H3,(H,18,19)"
15.1202115,15.427167,"InChI=1S/C15H22ClNO2/c1-5-13-8-6-7-11(2)15(13)17(14(18)9-16)12(3)10-19-4/h6-8,12H,5,9-10H2,1-4H3"
8.3601769,13.109903,"InChI=1S/C15H22N2O/c1-11-7-6-8-12(2)14(11)16-15(18)13-9-4-5-10-17(13)3/h6-8,13H,4-5,9-10H2,1-3H3,(H,16,18)"
5.3906136,12.789125,"InChI=1S/C15H22N2O/c18-14-7-1-6-13-12-5-3-9-16-8-2-4-11(15(12)16)10-17(13)14/h1,7,11-13,15H,2-6,8-10H2"
17.005505749999998,15.00320125,"InChI=1S/C15H22O3/c1-11-6-7-12(2)13(10-11)18-9-5-8-15(3,4)14(16)17/h6-7,10H,5,8-9H2,1-4H3,(H,16,17)"
6.0308345,10.259929,"InChI=1S/C15H23N3O4S/c1-3-18-8-4-5-11(18)10-17-15(19)13-9-12(23(16,20)21)6-7-14(13)22-2/h6-7,9,11H,3-5,8,10H2,1-2H3,(H,17,19)(H2,16,20,21)"
6.6187825,6.84464,"InChI=1S/C15H23N3O5S/c1-3-18(20)8-4-5-11(18)10-17-15(19)13-9-12(24(16,21)22)6-7-14(13)23-2/h6-7,9,11H,3-5,8,10H2,1-2H3,(H,17,19)(H2,16,21,22)"
13.801158000000001,12.184995,"InChI=1S/C15H23NO3/c1-4-9-18-14-7-5-6-8-15(14)19-11-13(17)10-16-12(2)3/h4-8,12-13,16-17H,1,9-11H2,2-3H3"
11.949161,12.123806,"InChI=1S/C15H23NO5S/c1-5-13-8-6-7-11(2)15(13)16(12(3)9-21-4)14(17)10-22(18,19)20/h6-8,12H,5,9-10H2,1-4H3,(H,18,19,20)"
5.1980561,12.95864,"InChI=1S/C15H24N2O/c18-14-7-1-6-13-12-5-3-9-16-8-2-4-11(15(12)16)10-17(13)14/h11-13,15H,1-10H2"
11.3872055,15.249486,"InChI=1S/C15H24N2O2/c1-4-5-10-16-14-8-6-13(7-9-14)15(18)19-12-11-17(2)3/h6-9,16H,4-5,10-12H2,1-3H3"
6.49178,10.803661,"InChI=1S/C15H24N2O4S/c1-5-17(6-2)10-9-16-15(18)13-11-12(22(4,19)20)7-8-14(13)21-3/h7-8,11H,5-6,9-10H2,1-4H3,(H,16,18)"
16.9510995,18.115073,"InChI=1S/C15H24O/c1-10-8-11(14(2,3)4)13(16)12(9-10)15(5,6)7/h8-9,16H,1-7H3"
9.58445335,12.361619,"InChI=1S/C15H25NO3/c1-12(2)16-10-14(17)11-19-15-6-4-13(5-7-15)8-9-18-3/h4-7,12,14,16-17H,8-11H2,1-3H3"
6.72060225,9.4142679,"InChI=1S/C15H25NO5/c1-9(2)15(20,10(3)17)14(19)21-8-11-4-6-16-7-5-12(18)13(11)16/h4,9-10,12-13,17-18,20H,5-8H2,1-3H3"
7.27318835,7.3731589,"InChI=1S/C15H25NO6/c1-9(2)15(20,10(3)17)14(19)22-8-11-4-6-16(21)7-5-12(18)13(11)16/h4,9-10,12-13,17-18,20H,5-8H2,1-3H3"
12.6193045,12.871751,"InChI=1S/C15H30N6O6/c1-22-7-19(8-23-2)13-16-14(20(9-24-3)10-25-4)18-15(17-13)21(11-26-5)12-27-6/h7-12H2,1-6H3"
16.7176495,17.056562,"InChI=1S/C15H31NO2/c1-3-4-5-6-7-8-9-10-11-12-15(18)16-13-14(2)17/h14,17H,3-13H2,1-2H3,(H,16,18)"
17.08695525,17.4874285,InChI=1S/C15H8Cl2FNO/c16-9-7-12(17)15-13(8-9)19-6-5-14(15)20-11-3-1-10(18)2-4-11/h1-8H
12.540642,10.960763,"InChI=1S/C15H8O5/c16-7-1-3-9-11(5-7)19-14-10-4-2-8(17)6-12(10)20-15(18)13(9)14/h1-6,16-17H"
13.196643,11.684013,"InChI=1S/C16H12O4/c1-19-12-5-2-10(3-6-12)14-9-20-15-8-11(17)4-7-13(15)16(14)18/h2-9,17H,1H3"
13.995168,12.5474595,"InChI=1S/C16H13ClFNO3/c1-10(16(21)22)19(12-5-3-2-4-6-12)15(20)11-7-8-14(18)13(17)9-11/h2-10H,1H3,(H,21,22)"
14.214534749999999,14.58372,"InChI=1S/C16H13ClN2O/c1-19-14-8-7-12(17)9-13(14)16(18-10-15(19)20)11-5-3-2-4-6-11/h2-9H,10H2,1H3"
13.520684750000001,13.7922635,"InChI=1S/C16H13ClN2O2/c1-19-13-8-7-11(17)9-12(13)14(18-15(20)16(19)21)10-5-3-2-4-6-10/h2-9,15,20H,1H3"
12.5320785,13.222306,"InChI=1S/C16H13F2N3O/c17-13-7-5-12(6-8-13)16(22,9-21-11-19-10-20-21)14-3-1-2-4-15(14)18/h1-8,10-11,22H,9H2"
12.463671,12.940922,"InChI=1S/C16H13N3O3/c1-22-16(21)19-15-17-12-8-7-11(9-13(12)18-15)14(20)10-5-3-2-4-6-10/h2-9H,1H3,(H2,17,18,19,21)"
12.67512,13.2647045,"InChI=1S/C16H14F3N3O2S/c1-10-13(20-7-6-14(10)24-9-16(17,18)19)8-25(23)15-21-11-4-2-3-5-12(11)22-15/h2-7H,8-9H2,1H3,(H,21,22)"
14.592307,14.895205,"InChI=1S/C16H14N2O2S/c1-18(12-7-3-2-4-8-12)15(19)11-20-16-17-13-9-5-6-10-14(13)21-16/h2-10H,11H2,1H3"
13.59025525,11.44511,"InChI=1S/C16H14O3/c1-11(16(18)19)13-8-5-9-14(10-13)15(17)12-6-3-2-4-7-12/h2-11H,1H3,(H,18,19)"
14.286796,14.601195,"InChI=1S/C16H14O4/c1-10(2)5-7-19-16-14-12(6-8-18-14)9-11-3-4-13(17)20-15(11)16/h3-6,8-9H,7H2,1-2H3"
17.154287,17.488878,"InChI=1S/C16H14OS/c1-10(2)11-7-8-15-13(9-11)16(17)12-5-3-4-6-14(12)18-15/h3-10H,1-2H3"
11.391546,16.403185,"InChI=1S/C16H15ClN2/c1-19-10-9-18-16(12-5-3-2-4-6-12)14-11-13(17)7-8-15(14)19/h2-8,11H,9-10H2,1H3"
15.265071,15.587606999999998,"InChI=1S/C16H15F2N3Si/c1-22(12-21-11-19-10-20-21,15-6-2-13(17)3-7-15)16-8-4-14(18)5-9-16/h2-11H,12H2,1H3"
15.4423195,16.54643,"InChI=1S/C16H16ClNO2S/c1-20-16(19)15(12-4-2-3-5-13(12)17)18-8-6-14-11(10-18)7-9-21-14/h2-5,7,9,15H,6,8,10H2,1H3"
11.104901850000001,13.578594,"InChI=1S/C16H16N2O4/c1-11-5-3-6-12(9-11)18-16(20)22-14-8-4-7-13(10-14)17-15(19)21-2/h3-10H,1-2H3,(H,17,19)(H,18,20)"
13.464889,13.578594,"InChI=1S/C16H16N2O4/c1-2-21-15(19)18-13-9-6-10-14(11-13)22-16(20)17-12-7-4-3-5-8-12/h3-11H,2H2,1H3,(H,17,20)(H,18,19)"
14.974513,15.702406,"InChI=1S/C16H17ClN2O/c1-19-14-8-7-12(17)9-13(14)16(18-10-15(19)20)11-5-3-2-4-6-11/h5,7-9H,2-4,6,10H2,1H3"
4.3339317,9.1064698,"InChI=1S/C16H17NO4/c18-11-3-8-1-2-17-6-9-4-12-13(21-7-20-12)5-10(9)14(15(8)17)16(11)19/h3-5,11,14-16,18-19H,1-2,6-7H2"
8.1621381,7.5023975,"InChI=1S/C16H18FN3O3/c1-2-19-9-11(16(22)23)15(21)10-7-12(17)14(8-13(10)19)20-5-3-18-4-6-20/h7-9,18H,2-6H2,1H3,(H,22,23)"
8.8752392,7.4594397,"InChI=1S/C16H18N2O4/c1-2-3-4-14-17-9-13(16(21)22)18(14)10-11-5-7-12(8-6-11)15(19)20/h5-9H,2-4,10H2,1H3,(H,19,20)(H,21,22)"
13.565198500000001,9.5628734,"InChI=1S/C16H18N6O7S2/c1-4-30(24,25)13-14(22-8-6-5-7-10(22)17-13)31(26,27)21-16(23)20-15-18-11(28-2)9-12(19-15)29-3/h5-9H,4H2,1-3H3,(H2,18,19,20,21,23)"
15.196706500000001,14.27241,"InChI=1S/C16H18O2/c1-3-16(2,12-4-8-14(17)9-5-12)13-6-10-15(18)11-7-13/h4-11,17-18H,3H2,1-2H3"
5.6590334,6.7415211,"InChI=1S/C16H19N3O5S/c1-16(2)11(15(23)24)19-13(22)10(14(19)25-16)18-12(21)9(17)7-3-5-8(20)6-4-7/h3-6,9-11,14,20H,17H2,1-2H3,(H,18,21)(H,23,24)"
11.458252,11.608979,"InChI=1S/C16H19NO4/c1-17-11-7-8-12(17)14(15(18)19)13(9-11)21-16(20)10-5-3-2-4-6-10/h2-6,11-14H,7-9H2,1H3,(H,18,19)"
9.8959717,10.04773,"InChI=1S/C16H20FN3O4/c1-11(21)18-9-13-10-20(16(22)24-13)12-2-3-15(14(17)8-12)19-4-6-23-7-5-19/h2-3,8,13H,4-7,9-10H2,1H3,(H,18,21)"
6.3861249,6.030099,"InChI=1S/C16H20N2O9S2/c19-7-11-13(20)14(21)15(22)16(26-11)28-12(18-27-29(23,24)25)5-8-6-17-10-4-2-1-3-9(8)10/h1-4,6,11,13-17,19-22H,5,7H2,(H,23,24,25)"
11.620657,12.361619,"InChI=1S/C16H20N4O3S/c1-11(2)18-16(21)20-24(22,23)15-10-17-8-7-14(15)19-13-6-4-5-12(3)9-13/h4-11H,1-3H3,(H,17,19)(H2,18,20,21)"
16.823625,17.220896,"InChI=1S/C16H20O6P2S3/c1-17-23(25,18-2)21-13-5-9-15(10-6-13)27-16-11-7-14(8-12-16)22-24(26,19-3)20-4/h5-12H,1-4H3"
14.12772975,14.4192165,"InChI=1S/C16H21NO2/c1-12(2)17-10-14(18)11-19-16-9-5-7-13-6-3-4-8-15(13)16/h3-9,12,14,17-18H,10-11H2,1-2H3"
15.576337,15.907983999999999,"InChI=1S/C16H22ClN3O/c1-15(2,3)16(21,10-20-12-18-11-19-20)9-8-13-4-6-14(17)7-5-13/h4-7,11-12,21H,8-10H2,1-3H3"
14.990552000000001,15.292717,"InChI=1S/C16H22ClNO2/c1-4-20-11-10-18(15(19)12-17)16(13(2)3)14-8-6-5-7-9-14/h5-9H,4,10-12H2,1-3H3"
9.99947535,15.413764,"InChI=1S/C16H22FNO/c1-13-8-11-18(12-9-13)10-2-3-16(19)14-4-6-15(17)7-5-14/h4-7,13H,2-3,8-12H2,1H3"
16.450812749999997,16.049477,"InChI=1S/C16H22O4/c1-11(2)9-19-15(17)13-7-5-6-8-14(13)16(18)20-10-12(3)4/h5-8,11-12H,9-10H2,1-4H3"
16.4532945,15.269028,"InChI=1S/C16H22O4/c1-3-5-11-19-15(17)13-9-7-8-10-14(13)16(18)20-12-6-4-2/h7-10H,3-6,11-12H2,1-2H3"
16.757132,17.312855,"InChI=1S/C16H23N3OS/c1-12(2)19-14(17-16(3,4)5)21-11-18(15(19)20)13-9-7-6-8-10-13/h6-10,12H,11H2,1-5H3"
5.1682516,8.9676192,"InChI=1S/C16H23NO6/c1-9-13(18)23-11-5-7-17-6-4-10(12(11)17)8-22-14(19)16(3,21)15(9,2)20/h4,9,11-12,20-21H,5-8H2,1-3H3"
12.43661,15.0822815,"InChI=1S/C16H24N2/c1-11-8-13(16(3,4)5)9-12(2)14(11)10-15-17-6-7-18-15/h8-9H,6-7,10H2,1-5H3,(H,17,18)"
8.0756741,15.171668,"InChI=1S/C16H24N2O/c1-3-9-18(10-4-2)11-8-13-6-5-7-15-14(13)12-16(19)17-15/h5-7H,3-4,8-12H2,1-2H3,(H,17,19)"
9.398562174999999,13.961186,"InChI=1S/C16H25NO2/c1-17(2)12-14-7-4-5-10-16(14,18)13-8-6-9-15(11-13)19-3/h6,8-9,11,14,18H,4-5,7,10,12H2,1-3H3"
9.26990005,8.18915885,"InChI=1S/C16H26N2O5S/c1-16(2)8-10(16)13(19)18-12(15(22)23)6-4-3-5-7-24-9-11(17)14(20)21/h6,10-11H,3-5,7-9,17H2,1-2H3,(H,18,19)(H,20,21)(H,22,23)"
8.051411,11.585332,"InChI=1S/C16H27NO5/c1-10(2)16(20,11(3)21-4)15(19)22-9-12-5-7-17-8-6-13(18)14(12)17/h5,10-11,13-14,18,20H,6-9H2,1-4H3"
8.3630451,8.9551766,"InChI=1S/C16H27NO6/c1-10(2)16(20,11(3)22-4)15(19)23-9-12-5-7-17(21)8-6-13(18)14(12)17/h5,10-11,13-14,18,20H,6-9H2,1-4H3"
6.7174587,9.8623714,"InChI=1S/C16H27NO6/c1-10(22-4)16(21,15(2,3)20)14(19)23-9-11-5-7-17-8-6-12(18)13(11)17/h5,10,12-13,18,20-21H,6-9H2,1-4H3"
6.9916029,7.374779,"InChI=1S/C16H27NO7/c1-10(23-4)16(21,15(2,3)20)14(19)24-9-11-5-7-17(22)8-6-12(18)13(11)17/h5,10,12-13,18,20-21H,6-9H2,1-4H3"
11.547191,14.1206265,"InChI=1S/C16H28N2O4/c1-5-12(6-2)22-14-9-11(16(20)21-7-3)8-13(17)15(14)18-10(4)19/h9,12-15H,5-8,17H2,1-4H3,(H,18,19)"
16.8120545,17.366098,"InChI=1S/C16H30O4/c1-10(2)13(20-15(18)12(5)6)16(7,8)9-19-14(17)11(3)4/h10-13H,9H2,1-8H3"
16.862789999999997,15.1499985,"InChI=1S/C16H30O4/c1-13(2)19-15(17)11-9-7-5-6-8-10-12-16(18)20-14(3)4/h13-14H,5-12H2,1-4H3"
16.4020585,16.753941,"InChI=1S/C16H33NO3/c1-2-3-4-5-6-7-8-9-10-11-16(20)17(12-14-18)13-15-19/h18-19H,2-15H2,1H3"
18.328217,17.581099000000002,"InChI=1S/C16H34O4S/c1-2-3-4-5-6-7-15-21-16-14-20-13-12-19-11-10-18-9-8-17/h17H,2-16H2,1H3"
17.232104,17.177612,"InChI=1S/C16H35O4P/c1-5-9-11-15(7-3)13-19-21(17,18)20-14-16(8-4)12-10-6-2/h15-16H,5-14H2,1-4H3,(H,17,18)"
16.372558,16.675819,"InChI=1S/C16H8Cl2F6N2O3/c17-7-4-6(5-8(18)12(7)29-16(23,24)14(21)22)25-15(28)26-13(27)11-9(19)2-1-3-10(11)20/h1-5,14H,(H2,25,26,27,28)"
14.704824,15.006387,InChI=1S/C16H8Cl2FN5O/c17-9-1-4-14(12(18)5-9)24-15(25)11-6-10(19)2-3-13(11)22-16(24)23-8-20-7-21-23/h1-8H
14.895339,15.1989,"InChI=1S/C17H12Cl2N2O/c18-14-7-5-12(6-8-14)17(22,13-9-20-11-21-10-13)15-3-1-2-4-16(15)19/h1-11,22H"
13.99257,14.272662,"InChI=1S/C17H12ClFN2O/c18-16-4-2-1-3-15(16)17(22,13-9-20-11-21-10-13)12-5-7-14(19)8-6-12/h1-11,22H"
14.9424795,15.255837,"InChI=1S/C17H13ClFN3O/c18-15-4-2-1-3-14(15)16-17(23-16,9-22-11-20-10-21-22)12-5-7-13(19)8-6-12/h1-8,10-11,16H,9H2"
15.237245,13.6818455,"InChI=1S/C17H13ClN2O4/c1-10(17(21)22)23-12-3-5-13(6-4-12)24-16-9-19-15-8-11(18)2-7-14(15)20-16/h2-10H,1H3,(H,21,22)"
15.092549,15.398612499999999,"InChI=1S/C17H14F3N3O2S/c1-11-2-4-12(5-3-11)15-10-16(17(18,19)20)22-23(15)13-6-8-14(9-7-13)26(21,24)25/h2-10H,1H3,(H2,21,24,25)"
13.448468,15.61341,"InChI=1S/C17H16ClF3O6S/c1-28(25,26)13-6-5-9(15(18)10(13)7-27-8-17(19,20)21)16(24)14-11(22)3-2-4-12(14)23/h5-6,14H,2-4,7-8H2,1H3"
14.3762225,14.677729,"InChI=1S/C17H16F3NO2/c1-11(2)23-13-7-5-6-12(10-13)21-16(22)14-8-3-4-9-15(14)17(18,19)20/h3-11H,1-2H3,(H,21,22)"
13.742016249999999,17.292571000000002,"InChI=1S/C17H17Cl2N/c1-20-17-9-7-12(13-4-2-3-5-14(13)17)11-6-8-15(18)16(19)10-11/h2-6,8,10,12,17,20H,7,9H2,1H3"
11.7762235,9.0077182,"InChI=1S/C17H17N3O3/c1-9(2)17(3)16(23)19-14(20-17)13-11(15(21)22)8-10-6-4-5-7-12(10)18-13/h4-9H,1-3H3,(H,21,22)(H,19,20,23)"
14.131231,14.4596,"InChI=1S/C17H17N3OS/c1-17(13-9-5-3-6-10-13)15(21)20(16(18-17)22-2)19-14-11-7-4-8-12-14/h3-12,19H,1-2H3"
8.3393869,7.6666756,"InChI=1S/C17H18FN3O3/c18-13-7-11-14(8-15(13)20-5-3-19-4-6-20)21(10-1-2-10)9-12(16(11)22)17(23)24/h7-10,19H,1-6H2,(H,23,24)"
11.279072,9.0693386,"InChI=1S/C17H18N4O6S/c1-10-7-11(2)19-16(18-10)20-17(23)21-28(24,25)14-6-4-3-5-13(14)15(22)27-12-8-26-9-12/h3-7,12H,8-9H2,1-2H3,(H2,18,19,20,21,23)"
9.69685465,14.946865,"InChI=1S/C17H19N3/c1-19-9-10-20-16(12-19)15-7-3-2-5-13(15)11-14-6-4-8-18-17(14)20/h2-8,16H,9-12H2,1H3"
11.3007435,11.496989,"InChI=1S/C17H19N5/c1-16(2,9-18)14-5-13(8-22-12-20-11-21-22)6-15(7-14)17(3,4)10-19/h5-7,11-12H,8H2,1-4H3"
14.357972,14.654138,"InChI=1S/C17H19NO2/c1-12(2)20-15-9-6-8-14(11-15)18-17(19)16-10-5-4-7-13(16)3/h4-12H,1-3H3,(H,18,19)"
4.1881837,10.370153,"InChI=1S/C17H19NO3/c1-18-7-6-17-10-3-5-13(20)16(17)21-15-12(19)4-2-9(14(15)17)8-11(10)18/h2-5,10-11,13,16,19-20H,6-8H2,1H3"
15.295333,15.61263,"InChI=1S/C17H19NO4/c1-2-20-17(19)18-12-13-21-14-8-10-16(11-9-14)22-15-6-4-3-5-7-15/h3-11H,2,12-13H2,1H3,(H,18,19)"
14.922524,15.26005,"InChI=1S/C17H20ClN3O/c1-16(2)8-7-14(9-13-3-5-15(18)6-4-13)17(16,22)10-21-12-19-11-20-21/h3-6,9,11-12,22H,7-8,10H2,1-2H3"
14.693707,15.028618,"InChI=1S/C17H20N2O3/c1-12(2)22-17(20)19-18-15-11-14(9-10-16(15)21-3)13-7-5-4-6-8-13/h4-12,18H,1-3H3,(H,19,20)"
12.524195,16.823112,"InChI=1S/C17H20N2S/c1-13(18(2)3)12-19-14-8-4-6-10-16(14)20-17-11-7-5-9-15(17)19/h4-11,13H,12H2,1-3H3"
8.6,8.65196605,"InChI=1S/C17H20N4O6/c1-7-3-9-10(4-8(7)2)21(5-11(23)14(25)12(24)6-22)15-13(18-9)16(26)20-17(27)19-15/h3-4,11-12,14,22-25H,5-6H2,1-2H3,(H,20,26,27)"
13.512438,11.123016,"InChI=1S/C17H20O6/c1-9(5-7-13(18)19)4-6-11-15(20)14-12(8-23-17(14)21)10(2)16(11)22-3/h4,20H,5-8H2,1-3H3,(H,18,19)"
17.1717795,17.55638,"InChI=1S/C17H21ClN2O2S/c1-11-15(12-7-9-13(18)10-8-12)23-17(22)20(11)16(21)19-14-5-3-2-4-6-14/h7-11,14-15H,2-6H2,1H3,(H,19,21)"
11.7244115,15.70774,"InChI=1S/C17H21NO/c1-18(2)13-14-19-17(15-9-5-3-6-10-15)16-11-7-4-8-12-16/h3-12,17H,13-14H2,1-2H3"
15.212441,13.787230000000001,"InChI=1S/C17H21NO3/c1-3-11-6-5-7-12-13-8-9-21-17(4-2,10-14(19)20)16(13)18-15(11)12/h5-7,18H,3-4,8-10H2,1-2H3,(H,19,20)"
7.05094,11.240746,"InChI=1S/C17H21NO4/c1-18-13-7-11(8-14(18)16-15(13)22-16)21-17(20)12(9-19)10-5-3-2-4-6-10/h2-6,11-16,19H,7-9H2,1H3"
15.883281,16.2227525,"InChI=1S/C17H22ClN3O/c1-16(2)8-7-14(9-13-3-5-15(18)6-4-13)17(16,22)10-21-12-19-11-20-21/h3-6,11-12,14,22H,7-10H2,1-2H3"
3.6625422,3.6372539,"InChI=1S/C17H22I3N3O8/c1-6(28)15(29)23-14-12(19)9(16(30)21-7(2-24)3-25)11(18)10(13(14)20)17(31)22-8(4-26)5-27/h6-8,24-28H,2-5H2,1H3,(H,21,30)(H,22,31)(H,23,29)"
8.4935636,14.021622,"InChI=1S/C17H22N2O/c1-17(20-14-13-19(2)3,15-9-5-4-6-10-15)16-11-7-8-12-18-16/h4-12H,13-14H2,1-3H3"
9.6212161,9.7400868,"InChI=1S/C17H22O7/c1-8-4-11-16(6-18,13(21)12(8)20)15(3)5-10(23-9(2)19)14(24-11)17(15)7-22-17/h4,10-11,13-14,18,21H,5-7H2,1-3H3"
9.5735778,15.822723499999999,"InChI=1S/C17H23NO2/c1-4-20-16(19)17(14-10-6-5-7-11-14)13-9-8-12-15(17)18(2)3/h5-8,10-12,15H,4,9,13H2,1-3H3"
8.1655529,11.648605,"InChI=1S/C17H23NO3/c1-18-13-7-8-14(18)10-15(9-13)21-17(20)16(11-19)12-5-3-2-4-6-12/h2-6,13-16,19H,7-11H2,1H3"
14.738751,9.2532204,"InChI=1S/C17H24ClNO4/c1-2-14(19-23-7-3-6-18)17-15(20)10-13(11-16(17)21)12-4-8-22-9-5-12/h3,6,12-13,20H,2,4-5,7-11H2,1H3"
17.526077,17.86067,"InChI=1S/C17H24O/c1-10-8-14-15(9-13(10)11(2)18)17(6,7)12(3)16(14,4)5/h8-9,12H,1-7H3"
17.526077,17.86067,"InChI=1S/C17H24O/c1-11(18)14-9-12(16(2,3)4)10-15-13(14)7-8-17(15,5)6/h9-10H,7-8H2,1-6H3"
6.3127644,10.08109,"InChI=1S/C17H25N3O2/c18-9-14-2-1-3-20(14)15(21)10-19-16-5-12-4-13(6-16)8-17(22,7-12)11-16/h12-14,19,22H,1-8,10-11H2"
15.484696,15.83069,"InChI=1S/C17H25N3O4S2/c1-5-23-16(21)11-12-20(13-15-9-7-6-8-10-15)26-19(3)17(22)24-18-14(2)25-4/h6-10H,5,11-13H2,1-4H3"
16.451210500000002,12.5531685,"InChI=1S/C17H26ClNO3S/c1-4-14(19-22-8-6-7-18)17-15(20)10-13(11-16(17)21)9-12(3)23-5-2/h6-7,12-13,20H,4-5,8-11H2,1-3H3"
10.789933,12.442886,"InChI=1S/C17H26N2O2/c1-13(2)17(12-18,9-6-10-19-3)14-7-8-15(20-4)16(11-14)21-5/h7-8,11,13,19H,6,9-10H2,1-5H3"
13.988439,13.81704,"InChI=1S/C17H26O4/c1-3-4-5-6-14(18)12-15(19)9-7-13-8-10-16(20)17(11-13)21-2/h8,10-11,14,18,20H,3-7,9,12H2,1-2H3"
7.686545575,11.503091000000001,"InChI=1S/C17H27N3O4S/c1-4-20-8-6-7-12(20)11-19-17(21)13-9-16(25(22,23)5-2)14(18)10-15(13)24-3/h9-10,12H,4-8,11,18H2,1-3H3,(H,19,21)"
8.401441,8.4292028,"InChI=1S/C17H27N3O5S/c1-4-20(22)8-6-7-12(20)11-19-17(21)13-9-16(26(23,24)5-2)14(18)10-15(13)25-3/h9-10,12H,4-8,11,18H2,1-3H3,(H,19,21)"
8.128834,11.843011,"InChI=1S/C17H27NO6/c1-10(2)17(22,11(3)19)16(21)23-9-13-5-7-18-8-6-14(15(13)18)24-12(4)20/h5,10-11,14-15,19,22H,6-9H2,1-4H3"
16.993205,17.3292265,"InChI=1S/C17H8Cl2F8N2O3/c18-6-5-11(32-17(26,27)14(22)16(23,24)25)7(19)4-10(6)28-15(31)29-13(30)12-8(20)2-1-3-9(12)21/h1-5,14H,(H2,28,29,30,31)"
16.492862000000002,16.845191,"InChI=1S/C17H9ClF8N2O4/c18-8-6-7(4-5-11(8)31-16(22,23)14(21)32-17(24,25)26)27-15(30)28-13(29)12-9(19)2-1-3-10(12)20/h1-6,14H,(H2,27,28,29,30)"
14.2058995,14.491799,"InChI=1S/C18H12Cl2N2O/c19-13-9-7-12(8-10-13)14-4-1-2-6-16(14)22-18(23)15-5-3-11-21-17(15)20/h1-11H,(H,22,23)"
14.623573,14.960334,"InChI=1S/C18H12O6/c1-21-11-7-12-13(8-5-6-22-18(8)24-12)17-15(11)16(20)14-9(19)3-2-4-10(14)23-17/h2-8,18-19H,1H3"
11.436021,14.55595,"InChI=1S/C18H13ClFN3/c1-11-21-9-13-10-22-18(14-4-2-3-5-16(14)20)15-8-12(19)6-7-17(15)23(11)13/h2-9H,10H2,1H3"
13.5047775,13.779945999999999,"InChI=1S/C18H14BrCl2N5O2/c1-9-6-10(20)7-11(17(27)22-2)15(9)24-18(28)13-8-14(19)25-26(13)16-12(21)4-3-5-23-16/h3-8H,1-2H3,(H,22,27)(H,24,28)"
15.7017095,17.990363,"InChI=1S/C18H14Cl4N2O/c19-13-2-1-12(16(21)7-13)10-25-18(9-24-6-5-23-11-24)15-4-3-14(20)8-17(15)22/h1-8,11,18H,9-10H2"
13.942159499999999,14.208586,"InChI=1S/C18H14F3NO2/c1-22-17-14(12-8-5-9-13(10-12)18(19,20)21)15(23)16(24-17)11-6-3-2-4-7-11/h2-10,16,22H,1H3"
13.443268,13.70609975,"InChI=1S/C18H14F4N2O4S/c1-17(26,10-29(27,28)14-6-3-12(19)4-7-14)16(25)24-13-5-2-11(9-23)15(8-13)18(20,21)22/h2-8,26H,10H2,1H3,(H,24,25)"
15.7881465,16.122237,"InChI=1S/C18H15O4P/c19-23(20-16-10-4-1-5-11-16,21-17-12-6-2-7-13-17)22-18-14-8-3-9-15-18/h1-15H"
13.9168915,14.21585,"InChI=1S/C18H15OP/c19-20(16-10-4-1-5-11-16,17-12-6-2-7-13-17)18-14-8-3-9-15-18/h1-15H"
15.321272,15.646576,"InChI=1S/C18H16F3NO4/c1-24-11-14(17(23)25-2)13-7-4-3-6-12(13)10-26-16-9-5-8-15(22-16)18(19,20)21/h3-9,11H,10H2,1-2H3"
15.377863,15.735752,"InChI=1S/C18H17NO3/c1-2-21-17(20)16-13-18(22-19-16,14-9-5-3-6-10-14)15-11-7-4-8-12-15/h3-12H,2,13H2,1H3"
11.79695145,16.342148,"InChI=1S/C18H18ClNO5/c1-4-24-20-17(25-18(21)12-8-6-5-7-9-12)15-14(22-2)11-10-13(19)16(15)23-3/h5-11H,4H2,1-3H3"
13.5537365,13.835110499999999,"InChI=1S/C18H18O2/c1-18-9-8-14-13-5-3-12(19)10-11(13)2-4-15(14)16(18)6-7-17(18)20/h2-5,10,16,19H,6-9H2,1H3"
14.051939,14.3484375,"InChI=1S/C18H19ClN2O2/c1-18(2,3)21(17(23)14-7-5-4-6-8-14)20-16(22)13-9-11-15(19)12-10-13/h4-12H,1-3H3,(H,20,22)"
11.6855045,15.655861,"InChI=1S/C18H19ClN4/c1-22-8-10-23(11-9-22)18-14-4-2-3-5-15(14)20-16-7-6-13(19)12-17(16)21-18/h2-7,12,20H,8-11H2,1H3"
9.64065405,12.413498,"InChI=1S/C18H19N3O/c1-12-19-9-10-21(12)11-13-7-8-16-17(18(13)22)14-5-3-4-6-15(14)20(16)2/h3-6,9-10,13H,7-8,11H2,1-2H3"
15.42909,15.797345,"InChI=1S/C18H19NO4/c1-13-8-4-7-11-16(13)23-12-14-9-5-6-10-15(14)17(19-22-3)18(20)21-2/h4-11H,12H2,1-3H3"
13.1510505,15.44835,"InChI=1S/C18H19NOS/c1-19-12-11-17(18-10-5-13-21-18)20-16-9-4-7-14-6-2-3-8-15(14)16/h2-10,13,17,19H,11-12H2,1H3"
8.0367671,9.6034489,"InChI=1S/C18H20FN3O4/c1-10-9-26-17-14-11(16(23)12(18(24)25)8-22(10)14)7-13(19)15(17)21-5-3-20(2)4-6-21/h7-8,10H,3-6,9H2,1-2H3,(H,24,25)"
14.43110775,14.7155545,"InChI=1S/C18H20N2O6/c1-5-26-18(22)15-11(3)19-10(2)14(17(21)25-4)16(15)12-7-6-8-13(9-12)20(23)24/h6-9,16,19H,5H2,1-4H3"
13.762829,14.085219,"InChI=1S/C18H20O2/c1-18-9-8-14-13-5-3-12(19)10-11(13)2-4-15(14)16(18)6-7-17(18)20/h3-5,10,14,16,19H,2,6-9H2,1H3"
15.951924,15.779428750000001,"InChI=1S/C18H20O2/c19-16-8-4-14(5-9-16)18(12-2-1-3-13-18)15-6-10-17(20)11-7-15/h4-11,19-20H,1-3,12-13H2"
6.76577005,12.101592,"InChI=1S/C18H21NO3/c1-19-8-7-18-11-4-5-13(20)17(18)22-16-14(21-2)6-3-10(15(16)18)9-12(11)19/h3-6,11-13,17,20H,7-9H2,1-2H3"
16.903591,17.326346,"InChI=1S/C18H22ClNO3/c1-3-4-5-7-13(2)23-17(21)12-22-16-10-9-15(19)14-8-6-11-20-18(14)16/h6,8-11,13H,3-5,7,12H2,1-2H3"
17.0807935,17.428354,"InChI=1S/C18H22O/c1-12-5-7-13(8-6-12)11-14-15-9-10-18(4,16(14)19)17(15,2)3/h5-8,11,15H,9-10H2,1-4H3"
13.4190865,13.649919,"InChI=1S/C18H22O2/c1-18-9-8-14-13-5-3-12(19)10-11(13)2-4-15(14)16(18)6-7-17(18)20/h8-10,15-17,20H,2-7H2,1H3"
14.354245,14.067515,"InChI=1S/C18H22O5/c1-12-6-5-9-14(19)8-4-2-3-7-13-10-15(20)11-16(21)17(13)18(22)23-12/h3,7,10-12,20-21H,2,4-6,8-9H2,1H3"
7.8874046,11.804533,"InChI=1S/C18H23NO5/c1-4-12-9-11(2)18(3,22)17(21)23-10-13-5-7-19-8-6-14(15(13)19)24-16(12)20/h4-5,14-15,22H,2,6-10H2,1,3H3"
6.0041786,10.16083,"InChI=1S/C18H23NO6/c1-3-11-8-18(10-20)17(2,25-18)16(22)23-9-12-4-6-19-7-5-13(14(12)19)24-15(11)21/h3-4,13-14,20H,5-10H2,1-2H3"
8.1065883,8.9104623,"InChI=1S/C18H23NO6/c1-4-12-9-11(2)18(3,22)17(21)24-10-13-5-7-19(23)8-6-14(15(13)19)25-16(12)20/h4-5,14-15,22H,2,6-10H2,1,3H3"
6.5133892,6.8189053,"InChI=1S/C18H23NO7/c1-3-11-8-18(10-20)17(2,26-18)16(22)24-9-12-4-6-19(23)7-5-13(14(12)19)25-15(11)21/h3-4,13-14,20H,5-10H2,1-2H3"
16.408151,16.772911999999998,"InChI=1S/C18H24ClN3O/c1-13(2)17-8-5-15(9-14-3-6-16(19)7-4-14)18(17,23)10-22-12-20-11-21-22/h3-4,6-7,11-13,15,17,23H,5,8-10H2,1-2H3"
16.62085625,16.772911999999998,"InChI=1S/C18H24ClN3O/c1-6-14-15(19)16(22(5)21-14)17(23)20-11-12-7-9-13(10-8-12)18(2,3)4/h7-10H,6,11H2,1-5H3,(H,20,23)"
13.289901,17.182208,"InChI=1S/C18H24N2/c1-14(2)13-15(3)19-17-9-11-18(12-10-17)20-16-7-5-4-6-8-16/h4-12,14-15,19-20H,13H2,1-3H3"
14.361533,14.635598,"InChI=1S/C18H24N2O4/c1-6-18(3,7-2)14-11-15(24-20-14)19-17(21)16-12(22-4)9-8-10-13(16)23-5/h8-11H,6-7H2,1-5H3,(H,19,21)"
16.557944,16.948223,"InChI=1S/C18H24O2/c1-10-9-20-16(19)13-8-15-14(7-12(10)13)17(3,4)11(2)18(15,5)6/h7-8,10-11H,9H2,1-6H3"
13.364435,13.29215,"InChI=1S/C18H24O5/c1-12-6-5-9-14(19)8-4-2-3-7-13-10-15(20)11-16(21)17(13)18(22)23-12/h3,7,10-12,14,19-21H,2,4-6,8-9H2,1H3"
16.174483,16.564567,"InChI=1S/C18H24O6/c1-3-5-11-22-16(19)13-24-18(21)15-10-8-7-9-14(15)17(20)23-12-6-4-2/h7-10H,3-6,11-13H2,1-2H3"
8.5533689,12.680721,"InChI=1S/C18H25NO5/c1-10-11(2)16(20)24-14-6-8-19-7-5-13(15(14)19)9-23-17(21)18(4,22)12(10)3/h5,10,12,14-15,22H,2,6-9H2,1,3-4H3"
8.6479972,12.530806,"InChI=1S/C18H25NO5/c1-4-12-9-11(2)18(3,22)17(21)23-10-13-5-7-19-8-6-14(15(13)19)24-16(12)20/h4-5,11,14-15,22H,6-10H2,1-3H3"
8.687587,9.7045116,"InChI=1S/C18H25NO6/c1-10-11(2)16(20)25-14-6-8-19(23)7-5-13(15(14)19)9-24-17(21)18(4,22)12(10)3/h5,10,12,14-15,22H,2,6-9H2,1,3-4H3"
6.5245058,10.135,"InChI=1S/C18H25NO6/c1-10-8-18(11(2)25-18)16(21)24-13-5-7-19-6-4-12(14(13)19)9-23-15(20)17(10,3)22/h4,10-11,13-14,22H,5-9H2,1-3H3"
7.6178491,11.618692,"InChI=1S/C18H25NO6/c1-3-12-8-11(2)18(23,10-20)17(22)24-9-13-4-6-19-7-5-14(15(13)19)25-16(12)21/h3-4,11,14-15,20,23H,5-10H2,1-2H3"
8.8240676,9.781262,"InChI=1S/C18H25NO6/c1-4-12-9-11(2)18(3,22)17(21)24-10-13-5-7-19(23)8-6-14(15(13)19)25-16(12)20/h4-5,11,14-15,22H,6-10H2,1-3H3"
6.835956,7.3525354,"InChI=1S/C18H25NO7/c1-10-8-18(11(2)26-18)16(21)25-13-5-7-19(23)6-4-12(14(13)19)9-24-15(20)17(10,3)22/h4,10-11,13-14,22H,5-9H2,1-3H3"
7.739626,8.6084599999999991,"InChI=1S/C18H25NO7/c1-3-12-8-11(2)18(23,10-20)17(22)25-9-13-4-6-19(24)7-5-14(15(13)19)26-16(12)21/h3-4,11,14-15,20,23H,5-10H2,1-2H3"
7.3364167,14.056296,"InChI=1S/C18H26ClN3O/c1-3-22(11-12-23)10-4-5-14(2)21-17-8-9-20-18-13-15(19)6-7-16(17)18/h6-9,13-14,23H,3-5,10-12H2,1-2H3,(H,20,21)"
16.70058,17.08737,"InChI=1S/C18H26N2O5S/c1-6-7-11-23-16(21)19(4)26-20(5)17(22)24-14-10-8-9-13-12-18(2,3)25-15(13)14/h8-10H,6-7,11-12H2,1-5H3"
17.8373445,18.223813,"InChI=1S/C18H26O/c1-10(2)17-12(4)18(6,7)16-8-11(3)14(13(5)19)9-15(16)17/h8-10,12,17H,1-7H3"
17.8416565,18.223813,"InChI=1S/C18H26O/c1-11-8-16-15(9-14(11)13(3)19)17(4,5)10-12(2)18(16,6)7/h8-9,12H,10H2,1-7H3"
17.84631225,18.223813,"InChI=1S/C18H26O/c1-11-9-19-10-13-7-15-16(8-14(11)13)18(5,6)12(2)17(15,3)4/h7-8,11-12H,9-10H2,1-6H3"
17.194733,16.790689,"InChI=1S/C18H26O4/c1-13(2)9-11-21-17(19)15-7-5-6-8-16(15)18(20)22-12-10-14(3)4/h5-8,13-14H,9-12H2,1-4H3"
17.194733,16.790689,"InChI=1S/C18H26O4/c1-3-5-9-13-21-17(19)15-11-7-8-12-16(15)18(20)22-14-10-6-4-2/h7-8,11-12H,3-6,9-10,13-14H2,1-2H3"
10.610763,16.0839325,"InChI=1S/C18H28N2O/c1-4-5-12-20-13-7-6-11-16(20)18(21)19-17-14(2)9-8-10-15(17)3/h8-10,16H,4-7,11-13H2,1-3H3,(H,19,21)"
14.784052,15.128684,"InChI=1S/C18H28N2O3/c1-11(2)16(20-18(22)23-12(3)4)17(21)19-14(6)15-9-7-13(5)8-10-15/h7-12,14,16H,1-6H3,(H,19,21)(H,20,22)"
17.219944,17.47154,"InChI=1S/C18H30O3S/c1-2-3-4-5-6-7-8-9-10-11-14-17-15-12-13-16-18(17)22(19,20)21/h12-13,15-16H,2-11,14H2,1H3,(H,19,20,21)"
11.1407865,13.762321,"InChI=1S/C18H31NO4/c1-14(2)19-11-17(20)13-23-18-7-5-16(6-8-18)12-21-9-10-22-15(3)4/h5-8,14-15,17,19-20H,9-13H2,1-4H3"
7.9852912,13.2889145,"InChI=1S/C18H34N2O6S/c1-5-6-10-7-11(20(3)8-10)17(25)19-12(9(2)21)16-14(23)13(22)15(24)18(26-16)27-4/h9-16,18,21-24H,5-8H2,1-4H3,(H,19,25)"
18.05302,18.489415,"InChI=1S/C18H34O4/c1-3-5-15-21-17(19)13-11-9-7-8-10-12-14-18(20)22-16-6-4-2/h3-16H2,1-2H3"
14.09912475,18.777176,"InChI=1S/C18H35NO2/c1-6-12-19(7-2)13-16-14-20-18(21-16)10-8-15(9-11-18)17(3,4)5/h15-16H,6-14H2,1-5H3"
18.368755,18.822822,"InChI=1S/C18H37NO2/c1-2-3-4-5-6-7-8-9-10-11-12-13-14-15-18(21)19-16-17-20/h20H,2-17H2,1H3,(H,19,21)"
16.790311,17.1640175,"InChI=1S/C18H39O7P/c1-4-7-10-20-13-16-23-26(19,24-17-14-21-11-8-5-2)25-18-15-22-12-9-6-3/h4-18H2,1-3H3"
16.3199195,16.676125,"InChI=1S/C19H11F5N2O2/c20-12-6-7-16(15(21)10-12)26-17(27)14-5-2-8-25-18(14)28-13-4-1-3-11(9-13)19(22,23)24/h1-10H,(H,26,27)"
13.891413,14.2334885,"InChI=1S/C19H15ClN2O2/c20-15-6-7-17(22-19(24)14-8-10-21-11-9-14)16(12-15)18(23)13-4-2-1-3-5-13/h1-12,18,23H,(H,22,24)"
15.195905250000001,15.512974,"InChI=1S/C19H15FN2O4/c1-2-7-21-15-9-14(13(20)8-16(15)26-10-17(21)23)22-18(24)11-5-3-4-6-12(11)19(22)25/h1,8-9H,3-7,10H2"
15.368827,13.816339,"InChI=1S/C19H16ClNO4/c1-11-15(10-18(22)23)16-9-14(25-2)7-8-17(16)21(11)19(24)12-3-5-13(20)6-4-12/h3-9H,10H2,1-2H3,(H,22,23)"
14.15215775,10.06873405,"InChI=1S/C19H16O4/c1-12(20)11-15(13-7-3-2-4-8-13)17-18(21)14-9-5-6-10-16(14)23-19(17)22/h2-10,15,21H,11H2,1H3"
16.216164,16.572369,"InChI=1S/C19H17Cl2N3O3/c1-13-9-25-19(27-13,10-24-12-22-11-23-24)17-7-6-16(8-18(17)21)26-15-4-2-14(20)3-5-15/h2-8,11-13H,9-10H2,1H3"
15.1273695,15.451941,"InChI=1S/C19H17ClN4/c20-18-8-6-16(7-9-18)10-11-19(12-21,13-24-15-22-14-23-24)17-4-2-1-3-5-17/h1-9,14-15H,10-11,13H2"
15.619569,14.540489000000001,"InChI=1S/C19H17F3N2O4/c1-12(13-7-5-8-15(10-13)19(20,21)22)23-28-11-14-6-3-4-9-16(14)17(18(25)26)24-27-2/h3-10H,11H2,1-2H3,(H,25,26)"
16.646895,17.03719,"InChI=1S/C19H17NOS/c1-14-6-5-9-17(12-14)20(2)19(22)21-18-11-10-15-7-3-4-8-16(15)13-18/h3-13H,1-2H3"
15.8270805,16.156822,"InChI=1S/C19H18ClN3O4/c1-25-19(24)23(26-2)17-6-4-3-5-14(17)13-27-18-11-12-22(21-18)16-9-7-15(20)8-10-16/h3-12H,13H2,1-2H3"
11.8541065,14.687475,"InChI=1S/C19H19ClN2/c20-16-5-6-17-15(12-16)4-3-14-2-1-9-22-19(14)18(17)13-7-10-21-11-8-13/h1-2,5-6,9,12,21H,3-4,7-8,10-11H2"
11.528016,11.931076000000001,"InChI=1S/C19H19N3O3/c1-11-7-14-8-17-18(25-10-24-17)9-16(14)19(21-22(11)12(2)23)13-3-5-15(20)6-4-13/h3-6,8-9,11H,7,10,20H2,1-2H3"
12.714598,11.564517,"InChI=1S/C19H19N3O5S/c1-9-11(12(21-27-9)10-7-5-4-6-8-10)15(23)20-13-16(24)22-14(18(25)26)19(2,3)28-17(13)22/h4-8,13-14,17H,1-3H3,(H,20,23)(H,25,26)"
10.4376445,14.654541,"InChI=1S/C19H19NOS/c1-20-9-6-13(7-10-20)18-15-5-3-2-4-14(15)12-17(21)19-16(18)8-11-22-19/h2-5,8,11H,6-7,9-10,12H2,1H3"
14.024327,12.31620575,"InChI=1S/C19H20ClNO4/c1-19(2,18(23)24)25-16-9-3-13(4-10-16)11-12-21-17(22)14-5-7-15(20)8-6-14/h3-10H,11-12H2,1-2H3,(H,21,22)(H,23,24)"
16.713601,17.10391,"InChI=1S/C19H20F3NO4/c1-3-4-11-25-18(24)13(2)26-15-6-8-16(9-7-15)27-17-10-5-14(12-23-17)19(20,21)22/h5-10,12-13H,3-4,11H2,1-2H3"
12.805199,14.98145,"InChI=1S/C19H20FNO3/c20-15-3-1-13(2-4-15)17-7-8-21-10-14(17)11-22-16-5-6-18-19(9-16)24-12-23-18/h1-6,9,14,17,21H,7-8,10-12H2"
11.1451095,13.260836,"InChI=1S/C19H20N2O3S/c1-2-13-3-6-15(20-12-13)9-10-24-16-7-4-14(5-8-16)11-17-18(22)21-19(23)25-17/h3-8,12,17H,2,9-11H2,1H3,(H,21,22,23)"
16.3804445,16.7399415,"InChI=1S/C19H20O4/c1-2-3-13-22-18(20)16-11-7-8-12-17(16)19(21)23-14-15-9-5-4-6-10-15/h4-12H,2-3,13-14H2,1H3"
15.990812,16.358669,"InChI=1S/C19H21BrO5/c1-10-9-14(23-4)18(24-5)19(25-6)15(10)17(21)16-11(2)12(20)7-8-13(16)22-3/h7-9H,1-6H3"
16.103199500000002,16.464499,"InChI=1S/C19H21ClN2O/c20-16-12-10-15(11-13-16)14-22(18-8-4-5-9-18)19(23)21-17-6-2-1-3-7-17/h1-3,6-7,10-13,18H,4-5,8-9,14H2,(H,21,23)"
10.543852,15.560674,"InChI=1S/C19H21NO2/c1-20-9-8-13-11-16(21-2)19(22-3)18-14-7-5-4-6-12(14)10-15(20)17(13)18/h4-7,11,15H,8-10H2,1-3H3"
8.4950202,11.358648,"InChI=1S/C19H22FN3O3/c1-2-21-5-7-22(8-6-21)17-10-16-13(9-15(17)20)18(24)14(19(25)26)11-23(16)12-3-4-12/h9-12H,2-8H2,1H3,(H,25,26)"
15.390443,15.714554,"InChI=1S/C19H22N2O3/c1-13-9-10-14(2)17(11-13)24-12-15-7-5-6-8-16(15)18(21-23-4)19(22)20-3/h5-11H,12H2,1-4H3,(H,20,22)"
17.651918,15.759993999999999,"InChI=1S/C19H23N3/c1-14-6-8-18(16(3)10-14)20-12-22(5)13-21-19-9-7-15(2)11-17(19)4/h6-13H,1-5H3"
14.01748,14.344029,"InChI=1S/C19H24N2O2/c22-18-13-20(19(23)15-7-2-1-3-8-15)12-17-16-9-5-4-6-14(16)10-11-21(17)18/h4-6,9,15,17H,1-3,7-8,10-13H2"
10.6047165,12.82852,"InChI=1S/C19H24N2O3/c1-13(7-8-14-5-3-2-4-6-14)21-12-18(23)15-9-10-17(22)16(11-15)19(20)24/h2-6,9-11,13,18,21-23H,7-8,12H2,1H3,(H2,20,24)"
17.876471,18.30164,"InChI=1S/C19H25ClN2OS/c1-18(2,3)14-9-7-13(8-10-14)12-24-15-11-21-22(19(4,5)6)17(23)16(15)20/h7-11H,12H2,1-6H3"
13.9551565,14.246513,"InChI=1S/C19H26O2/c1-18-9-7-13(20)11-12(18)3-4-14-15-5-6-17(21)19(15,2)10-8-16(14)18/h11,14-16H,3-10H2,1-2H3"
11.664856,11.921701,"InChI=1S/C19H26O3/c1-18-10-8-15(20)17(22)14(18)4-3-11-12-5-6-16(21)19(12,2)9-7-13(11)18/h8,10-14,17,22H,3-7,9H2,1-2H3"
17.4054955,17.770907,"InChI=1S/C19H26O4S/c1-5-14-21-24(20)23-18-9-7-6-8-17(18)22-16-12-10-15(11-13-16)19(2,3)4/h1,10-13,17-18H,6-9,14H2,2-4H3"
9.7292102,12.253796,"InChI=1S/C19H27N5O4/c1-24(8-5-7-21-18(25)14-6-4-9-28-14)19-22-13-11-16(27-3)15(26-2)10-12(13)17(20)23-19/h10-11,14H,4-9H2,1-3H3,(H,21,25)(H2,20,22,23)"
15.7756985,14.922127,"InChI=1S/C19H27NO3/c1-13(2)15-9-6-10-16(12-15)18(21)20-17(19(22)23)11-14-7-4-3-5-8-14/h3-5,7-8,13,15-17H,6,9-12H2,1-2H3,(H,20,21)(H,22,23)"
9.4677218,10.1715,"InChI=1S/C19H27NO6/c1-5-13-10-12(2)19(3,24)18(23)25-11-14-6-8-20(4)9-7-15(16(14)21)26-17(13)22/h5-6,12,15,24H,7-11H2,1-4H3"
14.29884825,14.58372,"InChI=1S/C19H28O2/c1-18-9-7-13(20)11-12(18)3-4-14-15-5-6-17(21)19(15,2)10-8-16(14)18/h11,14-17,21H,3-10H2,1-2H3"
16.51317525,15.274899,"InChI=1S/C19H30O5/c1-3-5-7-20-8-9-21-10-11-22-14-17-13-19-18(23-15-24-19)12-16(17)6-4-2/h12-13H,3-11,14-15H2,1-2H3"
13.7908765,19.0795745,"InChI=1S/C19H31N/c1-16(15-20-12-6-5-7-13-20)14-17-8-10-18(11-9-17)19(2,3)4/h8-11,16H,5-7,12-15H2,1-4H3"
18.631891,18.835592,"InChI=1S/C19H38O4/c1-2-3-4-5-6-7-8-9-10-11-12-13-14-15-19(22)23-17-18(21)16-20/h18,20-21H,2-17H2,1H3"
15.662572,16.041918,InChI=1S/C20H14O4/c21-19(23-15-9-3-1-4-10-15)17-13-7-8-14-18(17)20(22)24-16-11-5-2-6-12-16/h1-14H
15.984799,16.322405,"InChI=1S/C20H17F5N2O2/c21-15-9-8-14(20(23,24)25)17(18(15)22)19(27-29-11-13-6-7-13)26-16(28)10-12-4-2-1-3-5-12/h1-5,8-9,13H,6-7,10-11H2,(H,26,27,28)"
14.795181,15.139813,"InChI=1S/C20H18ClF3N2O6/c1-5-8-31-17(29)19(2,3)32-16(28)12-9-11(6-7-13(12)21)26-15(27)10-14(20(22,23)24)25(4)18(26)30/h5-7,9-10H,1,8H2,2-4H3"
16.3674745,16.740858,"InChI=1S/C20H19F3N2O4/c1-13(14-8-6-9-16(11-14)20(21,22)23)24-29-12-15-7-4-5-10-17(15)18(25-28-3)19(26)27-2/h4-11H,12H2,1-3H3"
16.837885999999997,17.388348,"InChI=1S/C20H19NO3/c1-16(23-20-9-5-6-14-21-20)15-22-17-10-12-19(13-11-17)24-18-7-3-2-4-8-18/h2-14,16H,15H2,1H3"
9.2775688,13.581825,"InChI=1S/C20H19NO5/c1-21-5-4-13-7-18-19(25-10-24-18)8-14(13)16(22)6-12-2-3-17-20(15(12)9-21)26-11-23-17/h2-3,7-8H,4-6,9-11H2,1H3"
9.3372782,15.340418,"InChI=1S/C20H19NO5/c1-21-7-13-11(2-3-15-20(13)26-9-23-15)18-14(22)4-10-5-16-17(25-8-24-16)6-12(10)19(18)21/h2-3,5-6,14,18-19,22H,4,7-9H2,1H3"
14.509822,13.5858575,"InChI=1S/C20H20O5/c1-11(2)3-8-14-15(22)9-16(23)19-17(24)10-18(25-20(14)19)12-4-6-13(21)7-5-12/h3-7,9,18,21-23H,8,10H2,1-2H3"
16.9510995,17.290013,"InChI=1S/C20H21ClO4/c1-13(2)24-19(23)20(3,4)25-17-11-7-15(8-12-17)18(22)14-5-9-16(21)10-6-14/h5-13H,1-4H3"
11.533073,14.81717,"InChI=1S/C20H21FN2O/c1-23(2)11-3-10-20(17-5-7-18(21)8-6-17)19-9-4-15(13-22)12-16(19)14-24-20/h4-9,12H,3,10-11,14H2,1-2H3"
9.7736588,13.321368,"InChI=1S/C20H21NO4/c1-22-17-6-5-13(10-18(17)23-2)9-16-15-12-20(25-4)19(24-3)11-14(15)7-8-21-16/h5-8,10-12H,9H2,1-4H3"
17.820879,16.882706499999998,"InChI=1S/C20H22N2O/c1-20(2,3)16-10-8-15(9-11-16)12-13-23-19-17-6-4-5-7-18(17)21-14-22-19/h4-11,14H,12-13H2,1-3H3"
7.3760452,12.012413500000001,"InChI=1S/C20H22N2O2/c1-3-19-10-22(2)16-11-9-24-15(8-13(11)19)20(17(16)19)12-6-4-5-7-14(12)21-18(20)23/h3-7,11,13,15-17H,1,8-10H2,2H3,(H,21,23)"
7.8854556,6.7415211,"InChI=1S/C20H22N8O5/c1-28(9-11-8-23-17-15(24-11)16(21)26-20(22)27-17)12-4-2-10(3-5-12)18(31)25-13(19(32)33)6-7-14(29)30/h2-5,8,13H,6-7,9H2,1H3,(H,25,31)(H,29,30)(H,32,33)(H4,21,22,23,26,27)"
8.94462755,6.6464133,"InChI=1S/C20H22N8O6/c1-28(8-12-18(32)26-16-14(23-12)15(21)25-20(22)27-16)10-4-2-9(3-5-10)17(31)24-11(19(33)34)6-7-13(29)30/h2-5,11H,6-8H2,1H3,(H,24,31)(H,29,30)(H,33,34)(H5,21,22,25,26,27,32)"
16.24514,16.6011085,"InChI=1S/C20H23F2N3O/c1-10(2)16-12-7-8-13(16)17-11(12)5-4-6-15(17)23-20(26)14-9-25(3)24-18(14)19(21)22/h4-6,9-10,12-13,16,19H,7-8H2,1-3H3,(H,23,26)"
12.770177,15.391097,"InChI=1S/C20H23N/c1-21-14-6-12-20-13-11-15(16-7-2-4-9-18(16)20)17-8-3-5-10-19(17)20/h2-5,7-10,15,21H,6,11-14H2,1H3"
15.951924,16.326234,"InChI=1S/C20H23N3O2/c1-20(2,3)18(24)19(23-14-21-13-22-23)25-17-11-9-16(10-12-17)15-7-5-4-6-8-15/h4-14,18-19,24H,1-3H3"
15.658055999999998,16.008541,"InChI=1S/C20H23NO3/c1-14-9-8-10-15(2)19(14)21(16(3)20(23)24-4)18(22)13-17-11-6-5-7-12-17/h5-12,16H,13H2,1-4H3"
8.6541054,13.557568,"InChI=1S/C20H23NO4/c1-21-8-7-12-10-15(24-3)20(25-4)18-16(12)13(21)9-11-5-6-14(23-2)19(22)17(11)18/h5-6,10,13,22H,7-9H2,1-4H3"
14.011357,14.307038,"InChI=1S/C20H24O2/c1-12-10-14-15-4-5-18(22)20(15,3)9-7-16(14)19(2)8-6-13(21)11-17(12)19/h6,8,11,14-16H,1,4-5,7,9-10H2,2-3H3"
7.8874046,7.9140227,"InChI=1S/C20H24O7/c1-8-4-12(21)16(24)18(3)10(8)5-13-19-7-26-20(25,17(18)19)15(23)9(2)11(19)6-14(22)27-13/h4,10-11,13,15-17,23-25H,2,5-7H2,1,3H3"
12.603684,12.900466,"InChI=1S/C20H25NO2/c1-19-8-6-16-15-5-3-14(22)12-13(15)2-4-17(16)18(19)7-9-20(19,23)10-11-21/h12,17-18,23H,2-10H2,1H3"
12.936911,17.826814,"InChI=1S/C20H26N2/c1-16(14-21(2)3)15-22-19-10-6-4-8-17(19)12-13-18-9-5-7-11-20(18)22/h4-11,16H,12-15H2,1-3H3"
13.9292185,14.194637,"InChI=1S/C20H26O2/c1-3-20(22)11-9-18-17-6-4-13-12-14(21)5-7-15(13)16(17)8-10-19(18,20)2/h1,12,15-18,22H,4-11H2,2H3"
14.193712,12.532714,"InChI=1S/C20H26O4/c21-19(23-15-9-3-1-4-10-15)17-13-7-8-14-18(17)20(22)24-16-11-5-2-6-12-16/h7-8,13-16H,1-6,9-12H2"
17.663032,18.112462,"InChI=1S/C20H27O4P/c1-3-5-12-18(4-2)17-22-25(21,23-19-13-8-6-9-14-19)24-20-15-10-7-11-16-20/h6-11,13-16,18H,3-5,12,17H2,1-2H3"
11.7417055,12.197339,"InChI=1S/C20H28N2O5/c1-3-27-20(26)16(12-11-15-8-5-4-6-9-15)21-14(2)18(23)22-13-7-10-17(22)19(24)25/h4-6,8-9,14,16-17,21H,3,7,10-13H2,1-2H3,(H,24,25)"
13.025836,16.528809000000003,"InChI=1S/C20H29N3O2/c1-4-7-14-25-19-15-17(16-10-8-9-11-18(16)22-19)20(24)21-12-13-23(5-2)6-3/h8-11,15H,4-7,12-14H2,1-3H3,(H,21,24)"
13.342476000000001,14.131848999999999,"InChI=1S/C20H30N2O5/c1-20(2,3)10-11-21-15(13-17(23)24)18(25)22-16(19(26)27-4)12-14-8-6-5-7-9-14/h5-9,15-16,21H,10-13H2,1-4H3,(H,22,25)(H,23,24)"
16.599397,16.98729,"InChI=1S/C20H30N2O5S/c1-7-25-17(23)11-12-22(14(2)3)28-21(6)19(24)26-16-10-8-9-15-13-20(4,5)27-18(15)16/h8-10,14H,7,11-13H2,1-6H3"
14.7290005,15.033327,"InChI=1S/C20H30O2/c1-18-9-6-14(21)12-13(18)4-5-15-16(18)7-10-19(2)17(15)8-11-20(19,3)22/h12,15-17,22H,4-11H2,1-3H3"
14.714985,15.039693,"InChI=1S/C20H30O4/c1-10-6-7-13-14(19(13,4)5)8-11(2)18(23)20(24)9-12(3)17(22)15(20)16(10)21/h8,12-17,21-22,24H,1,6-7,9H2,2-5H3"
18.173342,16.478411,"InChI=1S/C20H30O4/c1-13(2)11-15(5)23-19(21)17-9-7-8-10-18(17)20(22)24-16(6)12-14(3)4/h7-10,13-16H,11-12H2,1-6H3"
18.173342,16.478411,"InChI=1S/C20H30O4/c1-3-5-7-11-15-23-19(21)17-13-9-10-14-18(17)20(22)24-16-12-8-6-4-2/h9-10,13-14H,3-8,11-12,15-16H2,1-2H3"
9.4023247,13.225037,"InChI=1S/C20H31NO7/c1-6-12(2)17(23)28-15-8-10-21-9-7-14(16(15)21)11-27-18(24)20(26,13(3)22)19(4,5)25/h6-7,13,15-16,22,25-26H,8-11H2,1-5H3"
9.3689644,10.552147999999999,"InChI=1S/C20H31NO8/c1-6-12(2)17(23)29-15-8-10-21(27)9-7-14(16(15)21)11-28-18(24)20(26,13(3)22)19(4,5)25/h6-7,13,15-16,22,25-26H,8-11H2,1-5H3"
9.9738087,12.386483,"InChI=1S/C20H33N3O4/c1-7-23(8-2)19(26)22-15-9-10-18(17(11-15)14(3)24)27-13-16(25)12-21-20(4,5)6/h9-11,16,21,25H,7-8,12-13H2,1-6H3,(H,22,26)"
13.791243,18.937221,"InChI=1S/C20H33NO/c1-15(12-21-13-16(2)22-17(3)14-21)11-18-7-9-19(10-8-18)20(4,5)6/h7-10,15-17H,11-14H2,1-6H3"
17.021079,17.294292,"InChI=1S/C20H38O7S/c1-5-9-11-16(7-3)14-26-19(21)13-18(28(23,24)25)20(22)27-15-17(8-4)12-10-6-2/h16-18H,5-15H2,1-4H3,(H,23,24,25)"
17.7128915,18.091530499999998,"InChI=1S/C20H9Cl3F5N3O3/c21-10-5-9(30-19(33)31-17(32)15-13(24)2-1-3-14(15)25)6-11(22)16(10)34-18-12(23)4-8(7-29-18)20(26,27)28/h1-7H,(H2,30,31,32,33)"
17.40004475,17.765814,"InChI=1S/C21H11ClF6N2O3/c22-12-8-10(21(26,27)28)4-7-17(12)33-11-5-6-16(15(25)9-11)29-20(32)30-19(31)18-13(23)2-1-3-14(18)24/h1-9H,(H2,29,30,31,32)"
15.3521045,13.448132999999999,"InChI=1S/C21H15N3O4/c25-17-7-3-1-5-15(17)19-22-20(16-6-2-4-8-18(16)26)24(23-19)14-11-9-13(10-12-14)21(27)28/h1-12,25-26H,(H,27,28)"
14.817456,15.129802,"InChI=1S/C21H16ClFN4O5/c1-28-26-18(21-27-30-11-10-29-21)13-6-2-4-8-15(13)31-19-17(23)20(25-12-24-19)32-16-9-5-3-7-14(16)22/h2-9,12H,10-11H2,1H3"
15.240231,14.2207935,"InChI=1S/C21H18ClNO6/c1-12-16(10-20(26)29-11-19(24)25)17-9-15(28-2)7-8-18(17)23(12)21(27)13-3-5-14(22)6-4-13/h3-9H,10-11H2,1-2H3,(H,24,25)"
9.6671985,6.7960966,"InChI=1S/C21H20O12/c22-6-13-15(27)17(29)18(30)21(32-13)33-20-16(28)14-11(26)4-8(23)5-12(14)31-19(20)7-1-2-9(24)10(25)3-7/h1-5,13,15,17-18,21-27,29-30H,6H2"
11.318036,16.053592,"InChI=1S/C21H21ClN4OS/c22-17-13-18-15(12-20(27)23-18)11-14(17)5-6-25-7-9-26(10-8-25)21-16-3-1-2-4-19(16)28-24-21/h1-4,11,13H,5-10,12H2,(H,23,27)"
17.318566,17.679096,"InChI=1S/C21H21O4P/c1-16-4-10-19(11-5-16)23-26(22,24-20-12-6-17(2)7-13-20)25-21-14-8-18(3)9-15-21/h4-15H,1-3H3"
14.44794,14.749961,"InChI=1S/C21H22ClNO4/c1-25-19-8-5-16(13-20(19)26-2)18(15-3-6-17(22)7-4-15)14-21(24)23-9-11-27-12-10-23/h3-8,13-14H,9-12H2,1-2H3"
7.7290317,12.331508,"InChI=1S/C21H22N2O2/c24-18-10-16-19-13-9-17-21(6-7-22(17)11-12(13)5-8-25-16)14-3-1-2-4-15(14)23(18)20(19)21/h1-5,13,16-17,19-20H,6-11H2"
17.361424,17.789916,"InChI=1S/C21H23F2NO2/c1-5-25-18-11-13(21(2,3)4)9-10-14(18)17-12-26-20(24-17)19-15(22)7-6-8-16(19)23/h6-11,17H,5,12H2,1-4H3"
11.513831,12.3420135,"InChI=1S/C21H23NO3/c1-22(2)11-5-8-18-17-7-4-3-6-16(17)14-25-20-10-9-15(12-19(18)20)13-21(23)24/h3-4,6-10,12H,5,11,13-14H2,1-2H3,(H,23,24)"
17.583891,18.001294,"InChI=1S/C21H24Cl2O4/c1-4-20(2,3)19(25)26-17-16(14-9-8-13(22)12-15(14)23)18(24)27-21(17)10-6-5-7-11-21/h8-9,12H,4-7,10-11H2,1-3H3"
10.14369,15.482852,"InChI=1S/C21H24N2O3/c1-12-16-10-23-8-7-14-13-5-3-4-6-18(13)22-20(14)19(23)9-15(16)17(11-26-12)21(24)25-2/h3-6,11-12,15-16,19,22H,7-10H2,1-2H3"
13.613629,14.773939,"InChI=1S/C21H25ClN2O3/c22-19-8-6-18(7-9-19)21(17-4-2-1-3-5-17)24-12-10-23(11-13-24)14-15-27-16-20(25)26/h1-9,21H,10-16H2,(H,25,26)"
13.9681265,18.69936,"InChI=1S/C21H25N/c1-21(2,3)15-8-5-9-16-22(4)17-19-13-10-12-18-11-6-7-14-20(18)19/h5-7,9-14H,16-17H2,1-4H3"
9.6037649,14.796758,"InChI=1S/C21H25NO4/c1-23-18-6-5-13-9-17-15-11-20(25-3)19(24-2)10-14(15)7-8-22(17)12-16(13)21(18)26-4/h5-6,10-11,17H,7-9,12H2,1-4H3"
9.2553375,14.105808,"InChI=1S/C21H26N2O3/c1-26-21(25)19-15-10-17-20-14(13-4-2-3-5-16(13)22-20)8-9-23(17)11-12(15)6-7-18(19)24/h2-5,12,15,17-19,22,24H,6-11H2,1H3"
9.432238,14.591334,"InChI=1S/C21H26N2O3/c1-3-20-10-6-11-22-12-9-15-14-7-4-5-8-16(14)23(17(15)18(20)22)21(25,13-20)19(24)26-2/h4-5,7-8,18,25H,3,6,9-13H2,1-2H3"
14.04162,14.332977,"InChI=1S/C21H26O2/c1-3-20-11-9-17-16-8-6-15(22)13-14(16)5-7-18(17)19(20)10-12-21(20,23)4-2/h2,10,12-13,16-19,23H,3,5-9,11H2,1H3"
11.962185,12.180047,"InChI=1S/C21H26O5/c1-19-7-5-13(23)9-12(19)3-4-14-15-6-8-21(26,17(25)11-22)20(15,2)10-16(24)18(14)19/h5,7,9,14-15,18,22,26H,3-4,6,8,10-11H2,1-2H3"
14.212733,14.539088,"InChI=1S/C21H26O5/c1-21(2,15-3-7-18(8-4-15)24-12-17(23)11-22)16-5-9-19(10-6-16)25-13-20-14-26-20/h3-10,17,20,22-23H,11-14H2,1-2H3"
9.9994757,10.122227,"InChI=1S/C21H27FO6/c1-18-6-5-12(24)7-11(18)3-4-13-14-8-15(25)21(28,17(27)10-23)19(14,2)9-16(26)20(13,18)22/h5-7,13-16,23,25-26,28H,3-4,8-10H2,1-2H3"
13.059256,18.205001,"InChI=1S/C21H27NO/c1-18(22-14-8-3-9-15-22)17-23-21-13-7-6-12-20(21)16-19-10-4-2-5-11-19/h2,4-7,10-13,18H,3,8-9,14-17H2,1H3"
13.059256,18.205001,"InChI=1S/C21H27NO/c1-5-20(23)21(16-17(2)22(3)4,18-12-8-6-9-13-18)19-14-10-7-11-15-19/h6-15,17H,5,16H2,1-4H3"
14.8122115,15.154249499999999,"InChI=1S/C21H27NO5/c1-5-26-20(24)27-18-17(16-12-13(2)6-7-14(16)3)19(23)22-21(18)10-8-15(25-4)9-11-21/h6-7,12,15H,5,8-11H2,1-4H3,(H,22,23)"
9.30777195,14.471318,"InChI=1S/C21H30FN3O2/c22-18-8-6-17(7-9-18)19(26)5-4-12-24-15-10-21(11-16-24,20(23)27)25-13-2-1-3-14-25/h6-9H,1-5,10-16H2,(H2,23,27)"
15.528782,15.854726,"InChI=1S/C21H30O2/c1-13(22)17-6-7-18-16-5-4-14-12-15(23)8-10-20(14,2)19(16)9-11-21(17,18)3/h12,16-19H,4-11H2,1-3H3"
14.530136,14.81717,"InChI=1S/C21H30O3/c1-13(22)21(24)11-8-18-16-5-4-14-12-15(23)6-9-19(14,2)17(16)7-10-20(18,21)3/h12,16-18,24H,4-11H2,1-3H3"
13.1519505,13.581527,"InChI=1S/C21H30O4/c1-20-8-7-13(23)9-12(20)3-4-14-15-5-6-16(18(25)11-22)21(15,2)10-17(24)19(14)20/h9,14-17,19,22,24H,3-8,10-11H2,1-2H3"
12.4377315,12.668164,"InChI=1S/C21H30O5/c1-19-7-5-13(23)9-12(19)3-4-14-15-6-8-21(26,17(25)11-22)20(15,2)10-16(24)18(14)19/h9,14-16,18,22,24,26H,3-8,10-11H2,1-2H3"
10.432907,13.94523,"InChI=1S/C21H33NO7/c1-7-13(2)18(23)29-16-9-11-22-10-8-15(17(16)22)12-28-19(24)21(26,14(3)27-6)20(4,5)25/h7-8,14,16-17,25-26H,9-12H2,1-6H3"
10.996213,11.737589,"InChI=1S/C21H33NO8/c1-7-13(2)18(23)30-16-9-11-22(27)10-8-15(17(16)22)12-29-19(24)21(26,14(3)28-6)20(4,5)25/h7-8,14,16-17,25-26H,9-12H2,1-6H3"
19.202133,19.908829500000003,"InChI=1S/C21H42O4/c1-2-3-4-5-6-7-8-9-10-11-12-13-14-15-16-17-21(24)25-19-20(23)18-22/h20,22-23H,2-19H2,1H3"
16.3199195,16.672891,"InChI=1S/C22H17ClF3N3O7/c1-33-18(30)21-10-12-9-13(23)3-8-16(12)17(21)27-28(11-35-21)19(31)29(20(32)34-2)14-4-6-15(7-5-14)36-22(24,25)26/h3-9H,10-11H2,1-2H3"
13.8730165,16.650186,"InChI=1S/C22H17ClN2/c23-21-14-8-7-13-20(21)22(25-16-15-24-17-25,18-9-3-1-4-10-18)19-11-5-2-6-12-19/h1-17H"
13.885995,14.177343,"InChI=1S/C22H17N3O5/c1-27-13-17(22(26)28-2)16-8-4-6-10-19(16)30-21-11-20(24-14-25-21)29-18-9-5-3-7-15(18)12-23/h3-11,13-14H,1-2H3"
13.894633,16.650186,"InChI=1S/C22H18N2/c1-3-7-18(8-4-1)19-11-13-21(14-12-19)22(24-16-15-23-17-24)20-9-5-2-6-10-20/h1-17,22H"
16.285735,16.65356,"InChI=1S/C22H18O4/c23-21(25-15-17-9-3-1-4-10-17)19-13-7-8-14-20(19)22(24)26-16-18-11-5-2-6-12-18/h1-14H,15-16H2"
13.708727,11.052902,"InChI=1S/C22H21ClN6O2/c1-2-3-8-18-24-20(23)19(22(30)31)29(18)13-14-9-11-15(12-10-14)16-6-4-5-7-17(16)21-25-27-28-26-21/h4-7,9-12H,2-3,8,13H2,1H3,(H,30,31)(H,25,26,27,28)"
13.3888245,13.044038,"InChI=1S/C22H23ClN6O/c1-2-3-8-20-24-21(23)19(14-30)29(20)13-15-9-11-16(12-10-15)17-6-4-5-7-18(17)22-25-27-28-26-22/h4-7,9-12,30H,2-3,8,13-14H2,1H3,(H,25,26,27,28)"
9.8070326,14.812928,"InChI=1S/C22H23NO7/c1-23-8-7-11-9-14-20(29-10-28-14)21(27-4)15(11)17(23)18-12-5-6-13(25-2)19(26-3)16(12)22(24)30-18/h5-6,9,17-18H,7-8,10H2,1-4H3"
12.8743695,16.321627,"InChI=1S/C22H24ClN3O/c1-25-13-4-5-18(12-14-25)26-22(27)20-7-3-2-6-19(20)21(24-26)15-16-8-10-17(23)11-9-16/h2-3,6-11,18H,4-5,12-15H2,1H3"
10.6738865,14.799877,"InChI=1S/C22H24ClN5O2/c23-15-6-7-20-18(14-15)25-22(30)28(20)16-8-12-26(13-9-16)10-3-11-27-19-5-2-1-4-17(19)24-21(27)29/h1-2,4-7,14,16H,3,8-13H2,(H,24,29)(H,25,30)"
11.369295,11.615872,"InChI=1S/C22H25NO6/c1-12(24)23-16-8-6-13-10-19(27-3)21(28-4)22(29-5)20(13)14-7-9-18(26-2)17(25)11-15(14)16/h7,9-11,16H,6,8H2,1-5H3,(H,23,24)"
11.847372,15.457791,"InChI=1S/C22H26N2O4S/c1-15(25)28-20-21(16-9-11-17(27-4)12-10-16)29-19-8-6-5-7-18(19)24(22(20)26)14-13-23(2)3/h5-12,20-21H,13-14H2,1-4H3"
14.612276,14.894986,"InChI=1S/C22H27ClO3/c1-11(24)22(26)7-5-14-12-9-18(23)17-10-19(25)13-8-16(13)21(17,3)15(12)4-6-20(14,22)2/h9-10,12-16,26H,4-8H2,1-3H3"
14.0848515,14.358917,"InChI=1S/C22H28ClFO4/c1-12-8-16-15-5-4-13-9-14(25)6-7-19(13,2)21(15,24)17(26)10-20(16,3)22(12,28)18(27)11-23/h6-7,9,12,15-17,26,28H,4-5,8,10-11H2,1-3H3"
13.259088,12.386496,"InChI=1S/C22H28FN3O6S/c1-13(2)20-18(10-9-16(27)11-17(28)12-19(29)30)21(14-5-7-15(23)8-6-14)25-22(24-20)26(3)33(4,31)32/h5-10,13,16-17,27-28H,11-12H2,1-4H3,(H,29,30)"
15.281834,15.635843,"InChI=1S/C22H28N2O2/c1-7-17-8-10-18(11-9-17)20(25)23-24(22(4,5)6)21(26)19-13-15(2)12-16(3)14-19/h8-14H,7H2,1-6H3,(H,23,25)"
14.413579,14.754185,"InChI=1S/C22H28N2O3/c1-14-11-15(2)13-17(12-14)21(26)24(22(4,5)6)23-20(25)18-9-8-10-19(27-7)16(18)3/h8-13H,1-7H3,(H,23,25)"
14.231838,14.505903,"InChI=1S/C22H28O3/c1-20-9-5-15(23)13-14(20)3-4-16-17(20)6-10-21(2)18(16)7-11-22(21)12-8-19(24)25-22/h3-4,13,16-18H,5-12H2,1-2H3"
15.38174,15.692407,"InChI=1S/C22H28O3/c1-4-22(25-14(2)23)12-10-20-19-7-5-15-13-16(24)6-8-17(15)18(19)9-11-21(20,22)3/h1,13,17-20H,5-12H2,2-3H3"
13.309012,13.617795000000001,"InChI=1S/C22H29ClO5/c1-12-8-16-15-5-4-13-9-14(25)6-7-19(13,2)21(15,23)17(26)10-20(16,3)22(12,28)18(27)11-24/h6-7,9,12,15-17,24,26,28H,4-5,8,10-11H2,1-3H3"
13.82069975,14.126042,"InChI=1S/C22H29FO4/c1-12-8-16-15-5-4-13-9-14(25)6-7-21(13,3)22(15,23)18(27)10-20(16,2)19(12)17(26)11-24/h6-7,9,12,15-16,18-19,24,27H,4-5,8,10-11H2,1-3H3"
13.8341085,14.108173,"InChI=1S/C22H29FO4/c1-12-9-17-15-6-8-21(27,13(2)24)20(15,4)11-18(26)22(17,23)19(3)7-5-14(25)10-16(12)19/h5,7,10,12,15,17-18,26-27H,6,8-9,11H2,1-4H3"
13.2461605,13.511578,"InChI=1S/C22H29FO5/c1-11-6-14-13-8-16(23)15-7-12(25)4-5-20(15,2)19(13)17(26)9-21(14,3)22(11,28)18(27)10-24/h4-5,7,11,13-14,16-17,19,24,26,28H,6,8-10H2,1-3H3"
13.2461605,13.511578,"InChI=1S/C22H29FO5/c1-12-8-16-15-5-4-13-9-14(25)6-7-19(13,2)21(15,23)17(26)10-20(16,3)22(12,28)18(27)11-24/h6-7,9,12,15-17,24,26,28H,4-5,8,10-11H2,1-3H3"
12.492204,16.781378,"InChI=1S/C22H29NO2/c1-5-21(24)25-22(18(2)17-23(3)4,20-14-10-7-11-15-20)16-19-12-8-6-9-13-19/h6-15,18H,5,16-17H2,1-4H3"
12.163815,6.3829495,"InChI=1S/C22H30Cl2N10/c23-15-5-9-17(10-6-15)31-21(27)33-19(25)29-13-3-1-2-4-14-30-20(26)34-22(28)32-18-11-7-16(24)8-12-18/h5-12H,1-4,13-14H2,(H5,25,27,29,31,33)(H5,26,28,30,32,34)"
12.023749,14.4488555,"InChI=1S/C22H30N6O4S/c1-5-7-17-19-20(27(4)25-17)22(29)24-21(23-19)16-14-15(8-9-18(16)32-6-2)33(30,31)28-12-10-26(3)11-13-28/h8-9,14H,5-7,10-13H2,1-4H3,(H,23,24,29)"
13.6006585,17.186257,"InChI=1S/C22H31NO3/c1-3-23(4-2)17-11-12-18-26-21(24)22(25,19-13-7-5-8-14-19)20-15-9-6-10-16-20/h5,7-8,13-14,20,25H,3-4,6,9-10,15-18H2,1-2H3"
15.1872545,15.508874,"InChI=1S/C22H32O3/c1-13-11-16-17(20(3)8-5-15(24)12-19(13)20)6-9-21(4)18(16)7-10-22(21,25)14(2)23/h12-13,16-18,25H,5-11H2,1-4H3"
18.853196,19.426696,"InChI=1S/C22H34O4/c1-3-5-7-9-13-17-25-21(23)19-15-11-12-16-20(19)22(24)26-18-14-10-8-6-4-2/h11-12,15-16H,3-10,13-14,17-18H2,1-2H3"
18.853196,19.426696,"InChI=1S/C22H34O4/c1-4-7-9-12-16-25-21(23)19-14-10-11-15-20(19)22(24)26-17-18(6-3)13-8-5-2/h10-11,14-15,18H,4-9,12-13,16-17H2,1-3H3"
19.64777,20.6785865,"InChI=1S/C22H43NO/c1-2-3-4-5-6-7-8-9-10-11-12-13-14-15-16-17-18-19-20-21-22(23)24/h9-10H,2-8,11-21H2,1H3,(H2,23,24)"
14.312505,14.626342000000001,"InChI=1S/C23H22ClNO4/c1-4-14-28-20-11-6-17(16-21(20)27-3)12-13-25-23(26)22(29-15-5-2)18-7-9-19(24)10-8-18/h1-2,6-11,16,22H,12-15H2,3H3,(H,25,26)"
15.42909,15.783287999999999,"InChI=1S/C23H22F7IN2O4S/c1-12-10-13(21(24,22(25,26)27)23(28,29)30)8-9-16(12)32-18(34)14-6-5-7-15(31)17(14)19(35)33-20(2,3)11-38(4,36)37/h5-10H,11H2,1-4H3,(H,32,34)(H,33,35)"
15.162650249999999,15.486339000000001,"InChI=1S/C23H22O6/c1-11(2)16-8-14-15(28-16)6-5-12-22(24)21-13-7-18(25-3)19(26-4)9-17(13)27-10-20(21)29-23(12)14/h5-7,9,16,20-21H,1,8,10H2,2-4H3"
11.14903,10.106391,"InChI=1S/C23H24N2O4S/c1-2-3-6-21-24-14-19(12-18(23(28)29)13-20-5-4-11-30-20)25(21)15-16-7-9-17(10-8-16)22(26)27/h4-5,7-12,14H,2-3,6,13,15H2,1H3,(H,26,27)(H,28,29)"
14.660393,17.293762,"InChI=1S/C23H25F3N2OS/c24-23(25,26)17-7-8-22-20(16-17)18(19-4-1-2-6-21(19)30-22)5-3-9-27-10-12-28(13-11-27)14-15-29/h1-2,4-8,16,29H,3,9-15H2"
11.636115,13.977129,"InChI=1S/C23H25N5O5/c1-30-18-11-14-15(12-19(18)31-2)25-23(26-21(14)24)28-9-7-27(8-10-28)22(29)20-13-32-16-5-3-4-6-17(16)33-20/h3-6,11-12,20H,7-10,13H2,1-2H3,(H2,24,25,26)"
8.0958732,12.085574,"InChI=1S/C23H26N2O4/c1-27-16-8-14-15(9-17(16)28-2)25-20(26)10-18-21-13-7-19-23(14,22(21)25)4-5-24(19)11-12(13)3-6-29-18/h3,8-9,13,18-19,21-22H,4-7,10-11H2,1-2H3"
10.535547,14.713415,"InChI=1S/C23H27FN4O2/c1-15-18(23(29)28-10-3-2-4-21(28)25-15)9-13-27-11-7-16(8-12-27)22-19-6-5-17(24)14-20(19)30-26-22/h5-6,14,16H,2-4,7-13H2,1H3"
14.9019265,13.935247,"InChI=1S/C23H28ClN3O5S/c1-32-21-12-9-17(24)15-20(21)22(28)25-14-13-16-7-10-19(11-8-16)33(30,31)27-23(29)26-18-5-3-2-4-6-18/h7-12,15,18H,2-6,13-14H2,1H3,(H,25,28)(H2,26,27,29)"
17.316841,17.734322,"InChI=1S/C23H30O4/c1-14-11-15(2)18(16(3)12-14)19-20(26-17(24)13-22(4,5)6)23(27-21(19)25)9-7-8-10-23/h11-12H,7-10,13H2,1-6H3"
16.3674745,16.606955,"InChI=1S/C23H31NO3/c1-4-22-12-10-19-18-9-7-17(24-26)14-16(18)6-8-20(19)21(22)11-13-23(22,5-2)27-15(3)25/h2,14,18-21,26H,4,6-13H2,1,3H3"
12.169696,14.825816,"InChI=1S/C23H32N6O4S/c1-5-8-20-24-16(4)21-23(30)25-22(26-29(20)21)18-15-17(9-10-19(18)33-7-3)34(31,32)28-13-11-27(6-2)12-14-28/h9-10,15H,5-8,11-14H2,1-4H3,(H,25,26,30)"
18.3359515,18.759811,"InChI=1S/C23H32O2/c1-14-9-16(20(24)18(11-14)22(3,4)5)13-17-10-15(2)12-19(21(17)25)23(6,7)8/h9-12,24-25H,13H2,1-8H3"
13.397471,15.772187,"InChI=1S/C23H32O6/c1-13(24)29-12-19(27)23(28)9-7-17-16-5-4-14-10-15(25)6-8-21(14,2)20(16)18(26)11-22(17,23)3/h10,16-18,20,26,28H,4-9,11-12H2,1-3H3"
11.025298,11.273792,"InChI=1S/C23H32O6/c1-20-6-3-17-18(4-8-22(27)11-15(25)2-7-21(17,22)13-24)23(20,28)9-5-16(20)14-10-19(26)29-12-14/h10,13,15-18,25,27-28H,2-9,11-12H2,1H3"
14.6382145,14.929572,"InChI=1S/C23H36N2O2/c1-21(2,3)25-20(27)17-8-7-15-14-6-9-18-23(5,13-11-19(26)24-18)16(14)10-12-22(15,17)4/h11,13-18H,6-10,12H2,1-5H3,(H,24,26)(H,25,27)"
13.268584,12.132453,"InChI=1S/C23H36O7/c1-4-13(2)23(29)30-20-11-17(25)9-15-6-5-14(3)19(22(15)20)8-7-16(24)10-18(26)12-21(27)28/h5-6,9,13-14,16-20,22,24-26H,4,7-8,10-12H2,1-3H3,(H,27,28)"
16.882690500000002,17.265986,"InChI=1S/C24H16F6N4O2/c25-23(26,27)18-3-1-2-17(13-18)21(12-15-4-6-16(14-31)7-5-15)33-34-22(35)32-19-8-10-20(11-9-19)36-24(28,29)30/h1-11,13H,12H2,(H2,32,34,35)"
13.40612175,9.5123436,"InChI=1S/C24H20N6O3/c1-2-33-24-25-20-9-5-8-19(23(31)32)21(20)30(24)14-15-10-12-16(13-11-15)17-6-3-4-7-18(17)22-26-28-29-27-22/h3-13H,2,14H2,1H3,(H,31,32)(H,26,27,28,29)"
15.714527,15.0110515,"InChI=1S/C24H26FNO4/c1-15(2)26-21-6-4-3-5-20(21)24(16-7-9-17(25)10-8-16)22(26)12-11-18(27)13-19(28)14-23(29)30/h3-12,15,18-19,27-28H,13-14H2,1-2H3,(H,29,30)"
10.9246385,10.56255,"InChI=1S/C24H26N6O3/c1-4-7-19-25-21(24(2,3)33)20(23(31)32)30(19)14-15-10-12-16(13-11-15)17-8-5-6-9-18(17)22-26-28-29-27-22/h5-6,8-13,33H,4,7,14H2,1-3H3,(H,31,32)(H,26,27,28,29)"
17.5172015,17.932199,"InChI=1S/C24H27N3O4/c1-17-21(22(27(5)26-17)30-20-9-7-6-8-10-20)15-25-29-16-18-11-13-19(14-12-18)23(28)31-24(2,3)4/h6-15H,16H2,1-5H3"
17.815729,18.189228,"InChI=1S/C24H27NO2/c1-3-5-12-19(4-2)18-27-24(26)22(17-25)23(20-13-8-6-9-14-20)21-15-10-7-11-16-21/h6-11,13-16,19H,3-5,12,18H2,1-2H3"
14.41813775,11.834175250000001,"InChI=1S/C24H29N5O3/c1-4-5-10-21(30)29(22(16(2)3)24(31)32)15-17-11-13-18(14-12-17)19-8-6-7-9-20(19)23-25-27-28-26-23/h6-9,11-14,16,22H,4-5,10,15H2,1-3H3,(H,31,32)(H,25,26,27,28)"
14.188607,14.471318,"InChI=1S/C24H30O3/c1-22-6-3-12(25)9-17(22)13-10-14(13)20-16(22)4-7-23(2)21(20)15-11-18(15)24(23)8-5-19(26)27-24/h9,13-16,18,20-21H,3-8,10-11H2,1-2H3"
14.061957,14.376419,"InChI=1S/C24H31FO6/c1-13-9-18-17-6-5-15-10-16(27)7-8-21(15,3)23(17,25)19(28)11-22(18,4)24(13,30)20(29)12-31-14(2)26/h7-8,10,13,17-19,28,30H,5-6,9,11-12H2,1-4H3"
13.56175,13.822845,"InChI=1S/C24H31FO6/c1-21(2)30-19-9-14-13-8-16(25)15-7-12(27)5-6-22(15,3)20(13)17(28)10-23(14,4)24(19,31-21)18(29)11-26/h5-7,13-14,16-17,19-20,26,28H,8-11H2,1-4H3"
18.1110915,17.8044495,"InChI=1S/C24H31NO4/c1-4-7-8-11-16-29-24(28)20-13-10-9-12-19(20)23(27)21-15-14-18(17-22(21)26)25(5-2)6-3/h9-10,12-15,17,26H,4-8,11,16H2,1-3H3"
15.295334,15.61263,"InChI=1S/C24H32O4/c1-14-12-18-19(22(4)9-6-17(27)13-21(14)22)7-10-23(5)20(18)8-11-24(23,15(2)25)28-16(3)26/h12-13,18-20H,6-11H2,1-5H3"
13.639567,13.900661,"InChI=1S/C24H32O6/c1-21(2)29-19-10-16-15-6-5-13-9-14(26)7-8-22(13,3)20(15)17(27)11-23(16,4)24(19,30-21)18(28)12-25/h7-9,15-17,19-20,25,27H,5-6,10-12H2,1-4H3"
15.416786,14.319986499999999,"InChI=1S/C24H34N4O5S/c1-4-21-17(3)15-28(22(21)29)24(31)25-14-13-18-7-11-20(12-8-18)34(32,33)27-23(30)26-19-9-5-16(2)6-10-19/h7-8,11-12,16,19H,4-6,9-10,13-15H2,1-3H3,(H,25,31)(H2,26,27,30)"
16.8166675,16.3662335,"InChI=1S/C24H34O3/c1-6-20(27)24(5)14(2)11-18-17-8-7-15-12-16(25)9-10-22(15,3)21(17)19(26)13-23(18,24)4/h9-10,12,14,17-19,21,26H,6-8,11,13H2,1-5H3"
15.4379975,15.759616,"InChI=1S/C24H34O4/c1-14-12-18-19(22(4)9-6-17(27)13-21(14)22)7-10-23(5)20(18)8-11-24(23,15(2)25)28-16(3)26/h13-14,18-20H,6-12H2,1-5H3"
16.803494,17.192878,"InChI=1S/C24H36O5/c1-5-15(3)24(27)29-21-11-14(2)10-17-7-6-16(4)20(23(17)21)9-8-19-12-18(25)13-22(26)28-19/h6-7,10,14-16,18-21,23,25H,5,8-9,11-13H2,1-4H3"
19.177412,14.28898,"InChI=1S/C24H38O4/c1-14(4-7-21(27)28)17-5-6-18-22-19(9-11-24(17,18)3)23(2)10-8-16(25)12-15(23)13-20(22)26/h14-19,22,25H,4-13H2,1-3H3,(H,27,28)"
19.19847625,19.862649,"InChI=1S/C24H38O4/c1-3-5-7-9-11-15-19-27-23(25)21-17-13-14-18-22(21)24(26)28-20-16-12-10-8-6-4-2/h13-14,17-18H,3-12,15-16,19-20H2,1-2H3"
19.19192475,19.8621325,"InChI=1S/C24H38O4/c1-5-9-13-19(7-3)17-27-23(25)21-15-11-12-16-22(21)24(26)28-18-20(8-4)14-10-6-2/h11-12,15-16,19-20H,5-10,13-14,17-18H2,1-4H3"
17.068851,15.751865,"InChI=1S/C24H40O4/c1-14(4-7-21(27)28)17-5-6-18-22-19(9-11-24(17,18)3)23(2)10-8-16(25)12-15(23)13-20(22)26/h14-20,22,25-26H,4-13H2,1-3H3,(H,27,28)"
17.068851,15.7930125,"InChI=1S/C24H40O4/c1-14(4-9-22(27)28)18-7-8-19-17-6-5-15-12-16(25)10-11-23(15,2)20(17)13-21(26)24(18,19)3/h14-21,25-26H,4-13H2,1-3H3,(H,27,28)"
16.068265,14.813374,"InChI=1S/C24H40O5/c1-13(4-7-21(28)29)16-5-6-17-22-18(12-20(27)24(16,17)3)23(2)9-8-15(25)10-14(23)11-19(22)26/h13-20,22,25-27H,4-12H2,1-3H3,(H,28,29)"
15.983995499999999,18.3529175,"InChI=1S/C25H24F6N4/c1-23(2)15-32-22(33-16-23)35-34-21(13-7-17-3-9-19(10-4-17)24(26,27)28)14-8-18-5-11-20(12-6-18)25(29,30)31/h3-14H,15-16H2,1-2H3,(H2,32,33,35)"
13.8341085,14.108173,"InChI=1S/C25H28O3/c1-4-27-22-15-13-21(14-16-22)25(2,3)19-26-18-20-9-8-12-24(17-20)28-23-10-6-5-7-11-23/h5-17H,4,18-19H2,1-3H3"
16.7176495,20.082768,"InChI=1S/C25H29I2NO3/c1-4-7-11-22-23(18-10-8-9-12-21(18)31-22)24(29)17-15-19(26)25(20(27)16-17)30-14-13-28(5-2)6-3/h8-10,12,15-16H,4-7,11,13-14H2,1-3H3"
15.2866875,15.61263,"InChI=1S/C25H31F3O5S/c1-5-20(31)33-25(21(32)34-12-26)13(2)8-15-16-10-18(27)17-9-14(29)6-7-22(17,3)24(16,28)19(30)11-23(15,25)4/h6-7,9,13,15-16,18-19,30H,5,8,10-12H2,1-4H3"
14.819786,15.119791,"InChI=1S/C25H34O6/c1-4-5-21-30-20-11-17-16-7-6-14-10-15(27)8-9-23(14,2)22(16)18(28)12-24(17,3)25(20,31-21)19(29)13-26/h8-10,16-18,20-22,26,28H,4-7,11-13H2,1-3H3"
12.07891,17.125733,"InChI=1S/C25H35NO5/c1-6-26(19(2)17-20-9-12-22(28-3)13-10-20)15-7-8-16-31-25(27)21-11-14-23(29-4)24(18-21)30-5/h9-14,18-19H,6-8,15-17H2,1-5H3"
16.26484,16.6727685,"InChI=1S/C26H20N2O2S2/c29-25(27-19-11-3-1-4-12-19)21-15-7-9-17-23(21)31-32-24-18-10-8-16-22(24)26(30)28-20-13-5-2-6-14-20/h1-18H,(H,27,29)(H,28,30)"
13.280746,16.062237,"InChI=1S/C26H28Cl2N4O4/c1-19(33)31-10-12-32(13-11-31)21-3-5-22(6-4-21)34-15-23-16-35-26(36-23,17-30-9-8-29-18-30)24-7-2-20(27)14-25(24)28/h2-9,14,18,23H,10-13,15-17H2,1H3"
10.292068,9.7538242,"InChI=1S/C26H28O14/c27-8-18-20(32)21(33)22(40-25-23(34)26(35,9-28)10-36-25)24(39-18)37-13-5-14(30)19-15(31)7-16(38-17(19)6-13)11-1-3-12(29)4-2-11/h1-7,18,20-25,27-30,32-35H,8-10H2"
15.84005,18.353508,"InChI=1S/C26H29NO/c1-4-25(21-11-7-5-8-12-21)26(22-13-9-6-10-14-22)23-15-17-24(18-16-23)28-20-19-27(2)3/h5-18H,4,19-20H2,1-3H3"
14.2664245,16.9701,"InChI=1S/C26H29NO2/c1-4-25(20-8-6-5-7-9-20)26(21-10-14-23(28)15-11-21)22-12-16-24(17-13-22)29-19-18-27(2)3/h5-17,28H,4,18-19H2,1-3H3"
14.629984,14.974613,"InChI=1S/C26H32F2O7/c1-13(29)33-12-20(32)26-21(34-22(2,3)35-26)10-15-16-9-18(27)17-8-14(30)6-7-23(17,4)25(16,28)19(31)11-24(15,26)5/h6-8,15-16,18-19,21,31H,9-12H2,1-5H3"
16.727183,18.2397785,"InChI=1S/C26H38O4/c1-4-5-6-7-24(29)30-26(17(2)27)15-13-23-22-10-8-18-16-19(28)9-11-20(18)21(22)12-14-25(23,26)3/h16,20-23H,4-15H2,1-3H3"
19.721703,20.483495,"InChI=1S/C26H42O4/c1-21(2)15-9-5-7-13-19-29-25(27)23-17-11-12-18-24(23)26(28)30-20-14-8-6-10-16-22(3)4/h11-12,17-18,21-22H,5-10,13-16,19-20H2,1-4H3"
19.721703,20.483495,"InChI=1S/C26H42O4/c1-3-5-7-9-11-13-17-21-29-25(27)23-19-15-16-20-24(23)26(28)30-22-18-14-12-10-8-6-4-2/h15-16,19-20H,3-14,17-18,21-22H2,1-2H3"
14.8543715,13.399177,"InChI=1S/C27H29N5O6S/c1-27(2,3)18-10-12-19(13-11-18)39(34,35)32-23-22(38-21-9-6-5-8-20(21)36-4)26(37-17-16-33)31-25(30-23)24-28-14-7-15-29-24/h5-15,33H,16-17H2,1-4H3,(H,30,31,32)"
10.392109,10.172206,"InChI=1S/C27H30O14/c1-9-17(30)20(33)22(35)26(37-9)39-13-7-14(29)16-15(8-13)40-24(11-3-5-12(28)6-4-11)25(19(16)32)41-27-23(36)21(34)18(31)10(2)38-27/h3-10,17-18,20-23,26-31,33-36H,1-2H3"
9.7450668,7.380687699999999,"InChI=1S/C27H30O16/c1-8-17(32)20(35)22(37)26(40-8)39-7-15-18(33)21(36)23(38)27(42-15)43-25-19(34)16-13(31)5-10(28)6-14(16)41-24(25)9-2-3-11(29)12(30)4-9/h2-6,8,15,17-18,20-23,26-33,35-38H,7H2,1H3"
15.914678,16.045012999999997,"InChI=1S/C27H36N2O4/c1-4-33-25-17-20(12-13-22(25)27(31)32)18-26(30)28-23(16-19(2)3)21-10-6-7-11-24(21)29-14-8-5-9-15-29/h6-7,10-13,17,19,23H,4-5,8-9,14-16,18H2,1-3H3,(H,28,30)(H,31,32)"
15.323544,15.6928765,"InChI=1S/C27H36O8/c1-5-22(31)34-15-21(30)27(35-24(32)33-6-2)12-10-19-18-8-7-16-13-17(28)9-11-25(16,3)23(18)20(29)14-26(19,27)4/h9,11,13,18-20,23,29H,5-8,10,12,14-15H2,1-4H3"
13.114835,13.376718,"InChI=1S/C27H37N3O7S/c1-18(2)15-30(38(33,34)21-10-8-20(28)9-11-21)16-24(31)23(14-19-6-4-3-5-7-19)29-27(32)37-25-17-36-26-22(25)12-13-35-26/h3-11,18,22-26,31H,12-17,28H2,1-2H3,(H,29,32)"
12.3642385,15.906605,"InChI=1S/C27H38N2O4/c1-20(2)27(19-28,22-10-12-24(31-5)26(18-22)33-7)14-8-15-29(3)16-13-21-9-11-23(30-4)25(17-21)32-6/h9-12,17-18,20H,8,13-16H2,1-7H3"
11.699876,15.21602,"InChI=1S/C27H39NO3/c1-14-11-21-24(28-13-14)16(3)27(31-21)10-8-19-20-6-5-17-12-18(29)7-9-26(17,4)23(20)25(30)22(19)15(27)2/h5,14,16,18-21,23-24,28-29H,6-13H2,1-4H3"
18.994638,19.56494,"InChI=1S/C27H42O3/c1-16-7-12-27(29-15-16)17(2)24-23(30-27)14-22-20-6-5-18-13-19(28)8-10-25(18,3)21(20)9-11-26(22,24)4/h5,16-17,19-24,28H,6-15H2,1-4H3"
14.289019,17.957144,"InChI=1S/C27H43NO2/c1-16-7-12-27(28-15-16)17(2)24-23(30-27)14-22-20-6-5-18-13-19(29)8-10-25(18,3)21(20)9-11-26(22,24)4/h5,16-17,19-24,28-29H,6-15H2,1-4H3"
11.40274075,15.42239,"InChI=1S/C28H27NO4S/c30-21-8-4-20(5-9-21)28-26(24-13-10-22(31)18-25(24)34-28)27(32)19-6-11-23(12-7-19)33-17-16-29-14-2-1-3-15-29/h4-13,18,30-31H,1-3,14-17H2"
15.628216,15.958482,"InChI=1S/C28H35FO7/c1-16(30)34-15-22(33)28-23(35-26(36-28)9-4-5-10-26)13-20-19-7-6-17-12-18(31)8-11-24(17,2)27(19,29)21(32)14-25(20,28)3/h8,11-12,19-21,23,32H,4-7,9-10,13-15H2,1-3H3"
11.457386,10.426402,"InChI=1S/C28H36O15/c1-11-21(34)23(36)25(38)27(40-11)43-26-24(37)22(35)19(10-29)42-28(26)41-13-8-16(32)20(17(33)9-13)14(30)5-3-12-4-6-18(39-2)15(31)7-12/h4,6-9,11,19,21-29,31-38H,3,5,10H2,1-2H3"
16.0933855,16.460763999999998,"InChI=1S/C28H37ClO7/c1-6-23(33)35-15-22(32)28(36-24(34)7-2)16(3)12-20-19-9-8-17-13-18(30)10-11-25(17,4)27(19,29)21(31)14-26(20,28)5/h10-11,13,16,19-21,31H,6-9,12,14-15H2,1-5H3"
19.999941,21.328721,"InChI=1S/C28H46O4/c1-23(2)17-11-7-5-9-15-21-31-27(29)25-19-13-14-20-26(25)28(30)32-22-16-10-6-8-12-18-24(3)4/h13-14,19-20,23-24H,5-12,15-18,21-22H2,1-4H3"
20.1329385,21.42976,"InChI=1S/C28H46O4/c1-3-5-7-9-11-13-15-19-23-31-27(29)25-21-17-18-22-26(25)28(30)32-24-20-16-14-12-10-8-6-4-2/h17-18,21-22H,3-16,19-20,23-24H2,1-2H3"
11.244543,13.866076,"InChI=1S/C29H31N7O/c1-21-5-10-25(18-27(21)34-29-31-13-11-26(33-29)24-4-3-12-30-19-24)32-28(37)23-8-6-22(7-9-23)20-36-16-14-35(2)15-17-36/h3-13,18-19H,14-17,20H2,1-2H3,(H,32,37)(H,31,33,34)"
13.7476455,16.330273,"InChI=1S/C29H33ClN2O2/c1-31(2)27(33)29(24-9-5-3-6-10-24,25-11-7-4-8-12-25)19-22-32-20-17-28(34,18-21-32)23-13-15-26(30)16-14-23/h3-16,34H,17-22H2,1-2H3"
11.715235,11.972666,"InChI=1S/C29H36O10/c1-14-17(31)12-29(36)24(38-25(35)16-9-7-6-8-10-16)22-27(5,23(34)21(33)20(14)26(29,3)4)18(32)11-19-28(22,13-37-19)39-15(2)30/h6-10,17-19,21-22,24,31-33,36H,11-13H2,1-5H3"
9.3998679,14.005742,"InChI=1S/C29H39NO9/c1-27(2,33)8-5-10-29(34,16-23(31)36-4)26(32)39-25-22(35-3)15-28-9-6-11-30(28)12-7-18-13-20-21(38-17-37-20)14-19(18)24(25)28/h13-15,24-25,33-34H,5-12,16-17H2,1-4H3"
11.20888,11.4393355,"InChI=1S/C29H42O10/c1-15-22(32)23(33)24(34)25(38-15)39-17-3-8-27(14-30)19-4-7-26(2)18(16-11-21(31)37-13-16)6-10-29(26,36)20(19)5-9-28(27,35)12-17/h11,14-15,17-20,22-25,32-36H,3-10,12-13H2,1-2H3"
2.0147833,2.8057243,"InChI=1S/C2H7O2PS2/c1-3-5(6,7)4-2/h1-2H3,(H,6,7)"
3.35827805,3.4060097,"InChI=1S/C2H8NO2PS/c1-5-6(3,4)7-2/h1-2H3,(H2,3,4)"
17.2889605,16.63442,"InChI=1S/C30H46NO7P/c1-4-28(33)37-30(22(2)3)38-39(36,18-12-11-15-23-13-7-5-8-14-23)21-27(32)31-20-25(19-26(31)29(34)35)24-16-9-6-10-17-24/h5,7-8,13-14,22,24-26,30H,4,6,9-12,15-21H2,1-3H3,(H,34,35)"
17.541109,16.6498675,"InChI=1S/C30H46O4/c1-25(2)21-8-11-30(7)23(28(21,5)10-9-22(25)32)20(31)16-18-19-17-27(4,24(33)34)13-12-26(19,3)14-15-29(18,30)6/h16,19,21-23,32H,8-15,17H2,1-7H3,(H,33,34)"
18.46535,17.389353,"InChI=1S/C30H48O3/c1-18-10-15-30(25(32)33)17-16-28(6)20(24(30)19(18)2)8-9-22-27(5)13-12-23(31)26(3,4)21(27)11-14-29(22,28)7/h8,18-19,21-24,31H,9-17H2,1-7H3,(H,32,33)"
17.239953,15.905299,"InChI=1S/C30H48O4/c1-25(2)13-15-30(24(33)34)16-14-28(5)19(20(30)17-25)7-8-22-26(3)11-10-23(32)27(4,18-31)21(26)9-12-29(22,28)6/h7,20-23,31-32H,8-18H2,1-6H3,(H,33,34)"
13.638238,15.3334455,"InChI=1S/C30H53N3O6/c1-19(2)22(14-21-10-11-26(38-8)27(15-21)39-13-9-12-37-7)16-24(31)25(34)17-23(20(3)4)28(35)33-18-30(5,6)29(32)36/h10-11,15,19-20,22-25,34H,9,12-14,16-18,31H2,1-8H3,(H2,32,36)(H,33,35)"
12.472724,12.738541999999999,"InChI=1S/C31H38O11/c1-15-19(34)13-31(38)26(41-27(37)18-10-8-7-9-11-18)24-29(6,20(35)12-21-30(24,14-39-21)42-17(3)33)25(36)23(40-16(2)32)22(15)28(31,4)5/h7-11,19-21,23-24,26,34-35,38H,12-14H2,1-6H3"
14.600089,18.8253845,"InChI=1S/C31H44N2O5S/c1-5-8-12-29-30(27-23-25(32-39(4,35)36)15-18-28(27)38-29)31(34)24-13-16-26(17-14-24)37-22-11-21-33(19-9-6-2)20-10-7-3/h13-18,23,32H,5-12,19-22H2,1-4H3"
15.8659885,18.846347,"InChI=1S/C32H39NO2/c1-32(2,3)28-18-16-25(17-19-28)30(34)15-10-22-33-23-20-29(21-24-33)35-31(26-11-6-4-7-12-26)27-13-8-5-9-14-27/h4-9,11-14,16-19,29,31H,10,15,20-24H2,1-3H3"
12.636199000000001,14.77203,"InChI=1S/C32H39NO4/c1-31(2,30(35)36)25-17-15-24(16-18-25)29(34)14-9-21-33-22-19-28(20-23-33)32(37,26-10-5-3-6-11-26)27-12-7-4-8-13-27/h3-8,10-13,15-18,28-29,34,37H,9,14,19-23H2,1-2H3,(H,35,36)"
14.423401,14.737304,"InChI=1S/C32H44O8/c1-17(33)40-27(2,3)13-12-23(36)32(9,39)25-21(35)15-29(6)22-11-10-18-19(14-20(34)26(38)28(18,4)5)31(22,8)24(37)16-30(25,29)7/h10,12-14,19,21-22,25,34-35,39H,11,15-16H2,1-9H3"
14.387606,14.724844,"InChI=1S/C32H48O9/c1-17-29(35)24(37-5)14-27(39-17)41-21-8-10-30(3)20(13-21)6-7-23-22(30)9-11-31(4)28(19-12-26(34)38-16-19)25(40-18(2)33)15-32(23,31)36/h12,17,20-25,27-29,35-36H,6-11,13-16H2,1-5H3"
12.567021,16.42795,"InChI=1S/C32H49NO9/c1-6-18(3)25(35)41-24-11-12-26(4)19-8-9-20-28(37)13-23(34)31(39)21(29(28,38)16-30(20,26)42-32(19,24)40)15-33-14-17(2)7-10-22(33)27(31,5)36/h6,17,19-24,34,36-40H,7-16H2,1-5H3"
14.240485,14.566428,"InChI=1S/C33H30N4O2/c1-4-9-30-35-31-21(2)18-24(32-34-27-12-7-8-13-28(27)36(32)3)19-29(31)37(30)20-22-14-16-23(17-15-22)25-10-5-6-11-26(25)33(38)39/h5-8,10-19H,4,9,20H2,1-3H3,(H,38,39)"
15.159558,14.6096375,"InChI=1S/C33H35FN2O5/c1-21(2)31-30(33(41)35-25-11-7-4-8-12-25)29(22-9-5-3-6-10-22)32(23-13-15-24(34)16-14-23)36(31)18-17-26(37)19-27(38)20-28(39)40/h3-16,21,26-27,37-38H,17-20H2,1-2H3,(H,35,41)(H,39,40)"
12.6831625,16.3835825,"InChI=1S/C33H40N2O9/c1-38-19-7-8-20-21-9-10-35-16-18-13-27(44-32(36)17-11-25(39-2)30(41-4)26(12-17)40-3)31(42-5)28(33(37)43-6)22(18)15-24(35)29(21)34-23(20)14-19/h7-8,11-12,14,18,22,24,27-28,31,34H,9-10,13,15-16H2,1-6H3"
12.136656,15.704294,"InChI=1S/C34H47NO11/c1-7-35-15-31(16-41-3)20(37)13-21(42-4)33-19-14-32(40)28(45-30(39)18-11-9-8-10-12-18)22(19)34(46-17(2)36,27(38)29(32)44-6)23(26(33)35)24(43-5)25(31)33/h8-12,19-29,37-38,40H,7,13-16H2,1-6H3"
17.5502595,16.606955,"InChI=1S/C35H36ClNO3S/c1-34(2,40)30-9-4-3-7-25(30)13-17-32(41-23-35(18-19-35)22-33(38)39)27-8-5-6-24(20-27)10-15-29-16-12-26-11-14-28(36)21-31(26)37-29/h3-12,14-16,20-21,32,40H,13,17-19,22-23H2,1-2H3,(H,38,39)"
15.857352,16.269667,"InChI=1S/C37H48N6O5S2/c1-24(2)33(42-36(46)43(5)20-29-22-49-35(40-29)25(3)4)34(45)39-28(16-26-12-8-6-9-13-26)18-32(44)31(17-27-14-10-7-11-15-27)41-37(47)48-21-30-19-38-23-50-30/h6-15,19,22-25,28,31-33,44H,16-18,20-21H2,1-5H3,(H,39,45)(H,41,47)(H,42,46)"
18.561219,19.048031,"InChI=1S/C37H53NO8/c1-21(2)14-25(6)33-26(7)31(38-42-8)19-36(46-33)18-29-17-28(45-36)13-12-23(4)15-22(3)10-9-11-27-20-43-34-32(39)24(5)16-30(35(40)44-29)37(27,34)41/h9-12,14,16,21-22,26,28-30,32-34,39,41H,13,15,17-20H2,1-8H3"
13.1553745,15.889311,"InChI=1S/C37H67NO13/c1-14-25-37(10,45)30(41)20(4)27(39)18(2)16-35(8,44)32(51-34-28(40)24(38(11)12)15-19(3)47-34)21(5)29(22(6)33(43)49-25)50-26-17-36(9,46-13)31(42)23(7)48-26/h18-26,28-32,34,40-42,44-45H,14-17H2,1-13H3"
15.4803785,16.0505535,"InChI=1S/C38H52N6O7/c1-37(2,3)31(41-35(48)50-7)33(46)40-29(22-25-14-10-9-11-15-25)30(45)24-44(43-34(47)32(38(4,5)6)42-36(49)51-8)23-26-17-19-27(20-18-26)28-16-12-13-21-39-28/h9-21,29-32,45H,22-24H2,1-8H3,(H,40,46)(H,41,48)(H,42,49)(H,43,47)"
14.119436,16.581015,"InChI=1S/C38H69NO13/c1-15-26-38(10,45)31(42)21(4)28(40)19(2)17-37(9,47-14)33(52-35-29(41)25(39(11)12)16-20(3)48-35)22(5)30(23(6)34(44)50-26)51-27-18-36(8,46-13)32(43)24(7)49-27/h19-27,29-33,35,41-43,45H,15-18H2,1-14H3"
11.2186035,17.359183,"InChI=1S/C38H72N2O12/c1-15-27-38(10,46)31(42)24(6)40(13)19-20(2)17-36(8,45)33(52-35-29(41)26(39(11)12)16-21(3)48-35)22(4)30(23(5)34(44)50-27)51-28-18-37(9,47-14)32(43)25(7)49-28/h20-33,35,41-43,45-46H,15-19H2,1-14H3"
18.843796,19.729126,"InChI=1S/C40H68O11/c1-21-11-12-28(46-33(21)26(6)36(42)43)17-29-18-30(45-10)27(7)40(48-29)25(5)19-38(9,51-40)32-13-14-37(8,49-32)35-23(3)16-31(47-35)34-22(2)15-24(4)39(44,20-41)50-34/h21-35,41,44H,11-20H2,1-10H3,(H,42,43)"
15.879059999999999,18.858459500000002,"InChI=1S/C41H65NO10/c1-10-26-12-11-13-34(52-36-17-16-33(42(5)6)23(3)48-36)22(2)37(44)32-20-30-28(31(32)21-35(43)50-26)15-14-25-18-27(19-29(25)30)51-41-40(47-9)39(46-8)38(45-7)24(4)49-41/h14-15,20,22-31,33-34,36,38-41H,10-13,16-19,21H2,1-9H3"
14.2923625,16.892282,"InChI=1S/C41H76N2O15/c1-15-29-41(10,49)34(45)24(4)31(42-53-21-52-17-16-50-13)22(2)19-39(8,48)36(58-38-32(44)28(43(11)12)18-23(3)54-38)25(5)33(26(6)37(47)56-29)57-30-20-40(9,51-14)35(46)27(7)55-30/h22-30,32-36,38,44-46,48-49H,15-21H2,1-14H3"
21.1736545,18.7861575,"InChI=1S/C42H63O4P/c1-37(2,3)28-19-22-34(31(25-28)40(10,11)12)44-47(43,45-35-23-20-29(38(4,5)6)26-32(35)41(13,14)15)46-36-24-21-30(39(7,8)9)27-33(36)42(16,17)18/h19-27H,1-18H3"
16.141094,19.17058,"InChI=1S/C42H67NO10/c1-11-26-13-12-14-35(53-37-16-15-34(43(6)7)24(4)49-37)23(3)38(45)33-20-31-29(32(33)21-36(44)51-26)17-22(2)28-18-27(19-30(28)31)52-42-41(48-10)40(47-9)39(46-8)25(5)50-42/h17,20,23-32,34-35,37,39-42H,11-16,18-19,21H2,1-10H3"
16.185639,19.17058,"InChI=1S/C42H69NO10/c1-10-27-13-12-14-35(53-37-18-17-34(43(6)7)24(4)49-37)23(3)38(45)33-21-31-29(32(33)22-36(44)51-27)16-15-26-19-28(20-30(26)31)52-42-41(47-9)40(48-11-2)39(46-8)25(5)50-42/h21,23-32,34-35,37,39-42H,10-20,22H2,1-9H3"
14.706543,14.636454,"InChI=1S/C43H51N3O11/c1-19-14-16-46-28(18-19)44-32-29-30-37(50)25(7)40-31(29)41(52)43(9,57-40)55-17-15-27(54-10)22(4)39(56-26(8)47)24(6)36(49)23(5)35(48)20(2)12-11-13-21(3)42(53)45-33(34(32)46)38(30)51/h11-18,20,22-24,27,35-36,39,48-51H,1-10H3,(H,45,53)"
13.063747,15.527024,"InChI=1S/C46H77NO17/c1-13-33-30(22-58-45-42(57-12)41(56-11)37(52)26(5)60-45)18-23(2)14-15-31(49)24(3)19-29(16-17-48)39(25(4)32(50)20-34(51)62-33)64-44-38(53)36(47(9)10)40(27(6)61-44)63-35-21-46(8,55)43(54)28(7)59-35/h14-15,17-18,24-30,32-33,35-45,50,52-55H,13,16,19-22H2,1-12H3"
14.982355,15.340039,"InChI=1S/C47H51NO14/c1-25-31(60-43(56)36(52)35(28-16-10-7-11-17-28)48-41(54)29-18-12-8-13-19-29)23-47(57)40(61-42(55)30-20-14-9-15-21-30)38-45(6,32(51)22-33-46(38,24-58-33)62-27(3)50)39(53)37(59-26(2)49)34(25)44(47,4)5/h7-21,31-33,35-38,40,51-52,57H,22-24H2,1-6H3,(H,48,54)"
18.10886,18.488048,"InChI=1S/C48H72O14/c1-11-25(2)43-28(5)17-18-47(62-43)23-34-20-33(61-47)16-15-27(4)42(26(3)13-12-14-32-24-55-45-40(49)29(6)19-35(46(51)58-34)48(32,45)52)59-39-22-37(54-10)44(31(8)57-39)60-38-21-36(53-9)41(50)30(7)56-38/h12-15,17-19,25-26,28,30-31,33-45,49-50,52H,11,16,20-24H2,1-10H3"
18.8048875,19.305458,"InChI=1S/C48H74O14/c1-11-25(2)43-28(5)17-18-47(62-43)23-34-20-33(61-47)16-15-27(4)42(26(3)13-12-14-32-24-55-45-40(49)29(6)19-35(46(51)58-34)48(32,45)52)59-39-22-37(54-10)44(31(8)57-39)60-38-21-36(53-9)41(50)30(7)56-38/h12-15,19,25-26,28,30-31,33-45,49-50,52H,11,16-18,20-24H2,1-10H3"
17.1318285,18.59646,"InChI=1S/C49H75NO13/c1-12-26(2)44-29(5)18-19-48(63-44)24-35-21-34(62-48)17-16-28(4)43(27(3)14-13-15-33-25-56-46-42(51)30(6)20-36(47(52)59-35)49(33,46)53)60-40-23-38(55-11)45(32(8)58-40)61-39-22-37(54-10)41(50-9)31(7)57-39/h13-16,18-20,26-27,29,31-32,34-46,50-51,53H,12,17,21-25H2,1-11H3"
5.15900305,3.6483485,"InChI=1S/C4H10NO3PS/c1-4(6)5-9(7,8-2)10-3/h1-3H3,(H,5,6,7)"
2.1097039,2.11116405,"InChI=1S/C4H4ClN3O/c5-3-2(6)1-7-8-4(3)9/h1H,(H3,6,8,9)"
2.6595715,2.40536745,"InChI=1S/C4H5NO4S/c1-3-2-4(6)5-10(7,8)9-3/h2H,1H3,(H,5,6)"
2.7538783,2.8161,"InChI=1S/C4H6N2S/c1-6-3-2-5-4(6)7/h2-3H,1H3,(H,5,7)"
13.338224,13.633584,"InChI=1S/C4H7Br2Cl2O4P/c1-10-13(9,11-2)12-3(5)4(6,7)8/h3H,1-2H3"
11.585651,11.774098500000001,"InChI=1S/C4H7Cl2O4P/c1-8-11(7,9-2)10-3-4(5)6/h3H,1-2H3"
9.1336027,9.1736506,"InChI=1S/C4H8Cl3O4P/c1-10-12(9,11-2)3(8)4(5,6)7/h3,8H,1-2H3"
3.692001,3.7844855,InChI=1S/C4H8N2O2/c7-5-6-1-3-8-4-2-6/h1-4H2
7.5706717,7.1608306,"InChI=1S/C4HF7O2/c5-2(6,1(12)13)3(7,8)4(9,10)11/h(H,12,13)"
17.876471,18.312769,"InChI=1S/C50H75NO14/c1-12-26(2)45-29(5)18-19-49(65-45)24-36-21-35(64-49)17-16-28(4)44(27(3)14-13-15-34-25-58-47-43(53)30(6)20-37(48(54)61-36)50(34,47)55)62-41-23-39(57-11)46(32(8)60-41)63-40-22-38(56-10)42(31(7)59-40)51-33(9)52/h13-16,18-20,26-27,29,31-32,35-47,53,55H,12,17,21-25H2,1-11H3,(H,51,52)"
7.4487677,7.4534208,"InChI=1S/C5H10N2O2S/c1-4(10-3)7-9-5(8)6-2/h1-3H3,(H,6,8)"
9.132650975,9.1666647,"InChI=1S/C5H12NO3PS2/c1-6-5(7)4-12-10(11,8-2)9-3/h4H2,1-3H3,(H,6,7)"
6.08416295,6.1161895,"InChI=1S/C5H12NO4PS/c1-6-5(7)4-12-11(8,9-2)10-3/h4H2,1-3H3,(H,6,7)"
13.457856,10.86067875,"InChI=1S/C5H2Cl3NO/c6-2-1-3(7)5(10)9-4(2)8/h1H,(H,9,10)"
8.313858,8.3820756,InChI=1S/C5H4ClN/c6-5-3-1-2-4-7-5/h1-4H
5.2823337,2.5501186,"InChI=1S/C5H5N5/c6-4-3-5(9-1-7-3)10-2-8-4/h1-2H,(H3,6,7,8,9,10)"
5.0030771,5.1600388,"InChI=1S/C5H7NOS/c1-2-4-3-6-5(8)7-4/h2,4H,1,3H2,(H,6,8)"
8.1310275,8.1681621,"InChI=1S/C5H8ClN5/c1-2-8-5-10-3(6)9-4(7)11-5/h2H2,1H3,(H3,7,8,9,10,11)"
7.0372768,8.601334,"InChI=1S/C66H75Cl2N9O24/c1-23(2)12-34(71-5)58(88)76-49-51(83)26-7-10-38(32(67)14-26)97-40-16-28-17-41(55(40)101-65-56(54(86)53(85)42(22-78)99-65)100-44-21-66(4,70)57(87)24(3)96-44)98-39-11-8-27(15-33(39)68)52(84)50-63(93)75-48(64(94)95)31-18-29(79)19-37(81)45(31)30-13-25(6-9-36(30)80)46(60(90)77-50)74-61(91)47(28)73-59(89)35(20-43(69)82)72-62(49)92/h6-11,13-19,23-24,34-35,42,44,46-54,56-57,65,71,78-81,83-87H,12,20-22,70H2,1-5H3,(H2,69,82)(H,72,92)(H,73,89)(H,74,91)(H,75,93)(H,76,88)(H,77,90)(H,94,95)"
9.8429941,9.9493008,"InChI=1S/C6H10ClN5/c1-3(2)9-6-11-4(7)10-5(8)12-6/h3H,1-2H3,(H3,8,9,10,11,12)"
3.3266414749999997,5.61796555,"InChI=1S/C6H10N6/c7-4-10-5(8)12-6(11-4)9-3-1-2-3/h3H,1-2H2,(H5,7,8,9,10,11,12)"
6.9897519,7.0016587,"InChI=1S/C6H11NO/c8-6-4-2-1-3-5-7-6/h1-5H2,(H,7,8)"
11.806552,11.993326,"InChI=1S/C6H12Cl3O4P/c7-1-4-11-14(10,12-5-2-8)13-6-3-9/h1-6H2"
2.0212546,2.05845795,"InChI=1S/C6H12N2O2/c1-5(9)7-3-4-8-6(2)10/h3-4H2,1-2H3,(H,7,9)(H,8,10)"
9.4943445,9.6270908,InChI=1S/C6H12N2S3/c1-7(2)5(9)11-6(10)8(3)4/h1-4H3
6.5417615,6.3264635,"InChI=1S/C6H13NO3S/c8-11(9,10)7-6-4-2-1-3-5-6/h6-7H,1-5H2,(H,8,9,10)"
10.9438283,9.1675118,"InChI=1S/C6H14O3S/c1-2-3-4-5-6-10(7,8)9/h2-6H2,1H3,(H,7,8,9)"
3.27805575,3.767903,"InChI=1S/C6H14O8S2/c1-15(9,10)13-3-5(7)6(8)4-14-16(2,11)12/h5-8H,3-4H2,1-2H3"
10.8519005,11.0049755,"InChI=1S/C6H15O4P/c1-4-8-11(7,9-5-2)10-6-3/h4-6H2,1-3H3"
7.584298925000001,7.6725005,"InChI=1S/C6H15O4PS2/c1-4-13(8)6-5-12-11(7,9-2)10-3/h4-6H2,1-3H3"
6.0921539,3.37375245,"InChI=1S/C6H3Cl2NO2/c7-3-1-2-4(8)9-5(3)6(10)11/h1-2H,(H,10,11)"
7.2766965,4.42860045,"InChI=1S/C6H3Cl3N2O2/c7-1-3(10)2(8)5(9)11-4(1)6(12)13/h(H2,10,11)(H,12,13)"
15.188063,14.1945935,"InChI=1S/C6H3Cl3O/c7-4-1-3(10)2-5(8)6(4)9/h1-2,10H"
9.714954,6.20973825,"InChI=1S/C6H4N2O5/c9-6-2-1-4(7(10)11)3-5(6)8(12)13/h1-3,9H"
7.88113265,6.6637049,"InChI=1S/C6H5N3/c1-2-4-6-5(3-1)7-9-8-6/h1-4H,(H,7,8,9)"
6.0221777,2.8225682,"InChI=1S/C6H5N3O/c10-5-3-1-2-4-6(5)8-9-7-4/h1-3,10H,(H,7,8,9)"
6.32739385,3.3745646000000002,"InChI=1S/C6H5N3O/c10-9-6-4-2-1-3-5(6)7-8-9/h1-4,10H"
9.0837747,3.30025815,"InChI=1S/C6H5NO3/c8-6-3-1-5(2-4-6)7(9)10/h1-4,8H"
2.9621924,2.77283475,"InChI=1S/C6H6O3S/c7-10(8,9)6-4-2-1-3-5-6/h1-5H,(H,7,8,9)"
7.6932268,7.7278263,"InChI=1S/C6H8ClN3OS/c1-8-6(11)10-3-4-2-9-5(7)12-4/h2H,3H2,1H3,(H2,8,10,11)"
8.614406275,8.651906799999999,"InChI=1S/C6H8ClN5O2S/c1-8-6(11-12(13)14)10-3-4-2-9-5(7)15-4/h2H,3H2,1H3,(H2,8,10,11)"
7.1930111,8.7447068,"InChI=1S/C6H9N3O2/c1-10-4-3-5(11-2)9-6(7)8-4/h3H,1-2H3,(H2,7,8,9)"
12.67199,12.720401,"InChI=1S/C6HF11O2/c7-2(8,1(18)19)3(9,10)4(11,12)5(13,14)6(15,16)17/h(H,18,19)"
4.0681152,7.0441421,"InChI=1S/C7H10N2/c1-9(2)7-3-5-8-6-4-7/h3-6H,1-2H3"
7.6917189,6.3999749,"InChI=1S/C7H10N2OS/c1-2-3-5-4-6(10)9-7(11)8-5/h4H,2-3H2,1H3,(H2,8,9,10,11)"
9.8181492,9.830650949999999,"InChI=1S/C7H12N4O2/c1-7(2,3)4-5(12)11(8)6(13)10-9-4/h8H2,1-3H3,(H,10,13)"
8.7586771,8.8099506,"InChI=1S/C7H12N4O3S2/c1-4-16(13,14)7-10-9-6(15-7)11(3)5(12)8-2/h4H2,1-3H3,(H,8,12)"
7.3893935,9.0413864,"InChI=1S/C7H13N5O/c1-3-8-5-10-6(9-4-2)12-7(13)11-5/h3-4H2,1-2H3,(H3,8,9,10,11,12,13)"
16.074389,16.4144845,"InChI=1S/C7H14N2O2S/c1-5(6(2)12-4)9-11-7(10)8-3/h6H,1-4H3,(H,8,10)"
16.099448,16.420024,"InChI=1S/C7H14N2O2S/c1-7(2,12-4)5-9-11-6(10)8-3/h5H,1-4H3,(H,8,10)"
6.5692919,6.6164322,"InChI=1S/C7H14N2O3S/c1-7(2,13(4)11)5-9-12-6(10)8-3/h5H,1-4H3,(H,8,10)"
6.3497401,6.39443415,"InChI=1S/C7H14N4O3/c1-8-7(10-11(12)13)9-4-6-2-3-14-5-6/h6H,2-5H2,1H3,(H2,8,9,10)"
8.08016665,8.1078647,"InChI=1S/C7H14NO5P/c1-6(5-7(9)8-2)13-14(10,11-3)12-4/h5H,1-4H3,(H,8,9)"
6.6650536,6.6792919,"InChI=1S/C7H16O4/c1-9-4-5-11-7-6-10-3-2-8/h8H,2-7H2,1H3"
12.308991500000001,8.098947025000001,"InChI=1S/C7H3Br2NO/c8-5-1-4(3-10)2-6(9)7(5)11/h1-2,11H"
16.202578,15.863656,"InChI=1S/C7H4Cl2F3N/c8-4-1-3(7(10,11)12)2-5(9)6(4)13/h1-2H,13H2"
12.74116,7.63637625,"InChI=1S/C7H4Cl2O2/c8-4-1-2-5(7(10)11)6(9)3-4/h1-3H,(H,10,11)"
13.529289,13.788013,InChI=1S/C7H4ClNS/c8-7-9-5-3-1-2-4-6(5)10-7/h1-4H
7.5655432,7.5888595,"InChI=1S/C7H5Cl2NO/c8-4-2-1-3-5(9)6(4)7(10)11/h1-3H,(H2,10,11)"
12.757926,12.630285,"InChI=1S/C7H5F3O/c8-7(9,10)5-1-3-6(11)4-2-5/h1-4,11H"
5.3658627,4.90414715,"InChI=1S/C7H5NO3S/c9-7-5-3-1-2-4-6(5)12(10,11)8-7/h1-4H,(H,8,9)"
7.520552525,7.383491299999999,"InChI=1S/C7H5NO3S2/c9-13(10,11)7-8-5-3-1-2-4-6(5)12-7/h1-4H,(H,9,10,11)"
10.631461,10.46804,"InChI=1S/C7H5NOS/c9-7-8-5-3-1-2-4-6(5)10-7/h1-4H,(H,8,9)"
10.8468125,11.054196,InChI=1S/C7H5NS/c1-2-4-7-6(3-1)8-5-9-7/h1-5H
11.0240615,8.1076375,"InChI=1S/C7H5NS2/c9-7-8-5-3-1-2-4-6(5)10-7/h1-4H,(H,8,9)"
12.291506,12.474022,"InChI=1S/C7H6Cl2N2O/c8-5-2-1-4(3-6(5)9)11-7(10)12/h1-3H,(H3,10,11,12)"
3.8017453,7.6141602,"InChI=1S/C7H6N2/c1-2-4-7-6(3-1)8-5-9-7/h1-5H,(H,8,9)"
9.7152496,4.7787614,"InChI=1S/C7H6O3/c8-6-4-2-1-3-5(6)7(9)10/h1-4,8H,(H,9,10)"
9.9035677,14.583195,"InChI=1S/C7H7N3/c1-5-3-2-4-6-7(5)9-10-8-6/h2-4H,1H3,(H,8,9,10)"
9.758635300000002,4.6051669,"InChI=1S/C7H7NO4/c1-12-7-4-5(8(10)11)2-3-6(7)9/h2-4,9H,1H3"
10.071698,12.2749855,"InChI=1S/C7H8ClN/c1-5-2-3-6(9)4-7(5)8/h2-4H,9H2,1H3"
5.2015846,4.67069685,"InChI=1S/C7H8ClN3O4S2/c8-4-1-5-7(2-6(4)16(9,12)13)17(14,15)11-3-10-5/h1-2,10-11H,3H2,(H2,9,12,13)"
2.0881141,2.6258804,"InChI=1S/C7H8N2O/c8-6-3-1-5(2-4-6)7(9)10/h1-4H,8H2,(H2,9,10)"
5.9,5.8604569,"InChI=1S/C7H8N4O2/c1-10-3-8-5-4(10)6(12)9-7(13)11(5)2/h3H,1-2H3,(H,9,12,13)"
6.782880075,6.1103417,"InChI=1S/C7H8N4O2/c1-10-5-4(8-3-9-5)6(12)11(2)7(10)13/h3H,1-2H3,(H,8,9)"
4.8641214999999995,4.2716981,"InChI=1S/C7H8O4S/c1-11-6-2-4-7(5-3-6)12(8,9)10/h2-5H,1H3,(H,8,9,10)"
9.26554115,9.2111268,"InChI=1S/C7H9N/c1-6-4-2-3-5-7(6)8/h2-5H,8H2,1H3"
3.6858262,6.95642265,"InChI=1S/C7H9NO/c1-5-2-3-6(8)4-7(5)9/h2-4,9H,8H2,1H3"
8.662972400000001,8.72590455,"InChI=1S/C7H9NO2S/c1-8-11(9,10)7-5-3-2-4-6-7/h2-6,8H,1H3"
13.804655,13.891974,"InChI=1S/C7HF13O2/c8-2(9,1(21)22)3(10,11)4(12,13)5(14,15)6(16,17)7(18,19)20/h(H,21,22)"
9.4167725,9.5018709,"InChI=1S/C8H10ClN3O2S/c1-11-4-14-5-12(8(11)13)3-6-2-10-7(9)15-6/h2H,3-5H2,1H3"
7.71680335,7.7058172,"InChI=1S/C8H10ClN5O3S/c1-12-4-17-5-13(8(12)11-14(15)16)3-6-2-10-7(9)18-6/h2H,3-5H2,1H3"
10.350923,11.176476,"InChI=1S/C8H10ClNO2/c1-11-7-4-6(10)8(12-2)3-5(7)9/h3-4H,10H2,1-2H3"
5.7458263,5.9850404,"InChI=1S/C8H10FN3O3S/c9-4-1-12(8(14)11-7(4)10)5-3-16-6(2-13)15-5/h1,5-6,13H,2-3H2,(H2,10,11,14)"
8.10161345,4.7528711,"InChI=1S/C8H10N2O/c1-6(11)10-8-4-2-7(9)3-5-8/h2-5H,9H2,1H3,(H,10,11)"
7.782204275,7.7790791,"InChI=1S/C8H10N4O2/c1-10-4-9-6-5(10)7(13)12(3)8(14)11(6)2/h4H,1-3H3"
7.9165237,7.82659585,"InChI=1S/C8H10O3S/c1-6-3-4-8(7(2)5-6)12(9,10)11/h3-5H,1-2H3,(H,9,10,11)"
6.2460565,6.907718,"InChI=1S/C8H11ClN4OS/c1-12-4-14-5-13(8(12)10)3-6-2-11-7(9)15-6/h2,10H,3-5H2,1H3"
8.93206305,9.099465125,"InChI=1S/C8H11N5O3/c9-8-11-6-5(7(15)12-8)10-3-13(6)4-16-2-1-14/h3,14H,1-2,4H2,(H3,9,11,12,15)"
6.8817734,6.9188325,"InChI=1S/C8H11NO2/c9-4-3-6-1-2-7(10)8(11)5-6/h1-2,5,10-11H,3-4,9H2"
12.9046315,13.157081,"InChI=1S/C8H12INO2/c1-2-3-6-10-8(11)12-7-4-5-9/h2-3,6-7H2,1H3,(H,10,11)"
7.60877415,8.0125276,"InChI=1S/C8H12N2O/c1-5(2)8-9-6(3)4-7(11)10-8/h4-5H,1-3H3,(H,9,10,11)"
7.95462595,8.0125276,"InChI=1S/C8H12N2O2S/c1-10(2)13(11,12)8-5-3-7(9)4-6-8/h3-6H,9H2,1-2H3"
10.6738375,10.683711,"InChI=1S/C8H12N2O2S/c1-10(2)13(11,12)9-8-6-4-3-5-7-8/h3-7,9H,1-2H3"
12.8678515,13.113848,"InChI=1S/C8H14ClN5/c1-4-10-7-12-6(9)13-8(14-7)11-5(2)3/h5H,4H2,1-3H3,(H2,10,11,12,13,14)"
8.55987645,6.9483956,"InChI=1S/C8H14N4O2/c1-8(2,3)11-5-9-6(13)12(4)7(14)10-5/h1-4H3,(H2,9,10,11,13,14)"
11.4607,11.645937,"InChI=1S/C8H14N4OS/c1-8(2,3)5-6(13)12(9)7(14-4)11-10-5/h9H2,1-4H3"
8.6679461,10.719801499999999,"InChI=1S/C8H15N5O/c1-4-9-6-11-7(10-5(2)3)13-8(14)12-6/h5H,4H2,1-3H3,(H3,9,10,11,12,13,14)"
11.589806249999999,13.098817,"InChI=1S/C8H15N5S/c1-4-9-6-11-7(10-5-2)13-8(12-6)14-3/h4-5H2,1-3H3,(H2,9,10,11,12,13)"
11.650868,13.147908,"InChI=1S/C8H15N5S/c1-5(2)10-7-11-6(9-3)12-8(13-7)14-4/h5H,1-4H3,(H2,9,10,11,12,13)"
12.110398499999999,13.41583,"InChI=1S/C8H15N5S/c1-8(2,3)13-6-10-5(9)11-7(12-6)14-4/h1-4H3,(H3,9,10,11,12,13)"
8.651118125,8.6859446,"InChI=1S/C8H16NO5P/c1-7(6-8(10)9(2)3)14-15(11,12-4)13-5/h6H,1-5H3"
14.17674,10.234575,"InChI=1S/C8H16O2/c1-3-5-7(6-4-2)8(9)10/h7H,3-6H2,1-2H3,(H,9,10)"
9.3309084,9.4452545,"InChI=1S/C8H18NO4PS2/c1-7(8(10)9-2)15-5-6-16-14(11,12-3)13-4/h7H,5-6H2,1-4H3,(H,9,10)"
10.7603505,10.900395,"InChI=1S/C8H18O3/c1-2-3-5-10-7-8-11-6-4-9/h9H,2-8H2,1H3"
8.28318625,7.9733023,"InChI=1S/C8H18O4/c1-9-3-5-11-7-8-12-6-4-10-2/h3-8H2,1-2H3"
15.980775,15.14585,"InChI=1S/C8H19O2PS3/c1-4-9-11(12,10-5-2)14-8-7-13-6-3/h4-8H2,1-3H3"
16.536886,15.6731105,"InChI=1S/C8H2F17NO2S/c9-1(10,3(13,14)5(17,18)7(21,22)23)2(11,12)4(15,16)6(19,20)8(24,25)29(26,27)28/h(H2,26,27,28)"
10.001201,8.1116351,"InChI=1S/C8H3Cl3N2O2/c9-4-2(1-12)5(10)6(11)7(14)3(4)8(13)15/h14H,(H2,13,15)"
12.888146,10.632319,"InChI=1S/C8H6Cl2O3/c9-5-1-2-7(6(10)3-5)13-4-8(11)12/h1-3H,4H2,(H,11,12)"
13.700238,13.993577,"InChI=1S/C8H6N2OS2/c1-12-8(11)5-3-2-4-6-7(5)13-10-9-6/h2-4H,1H3"
7.23522475,6.4107821000000005,"InChI=1S/C8H6N4O5/c13-6-4-11(8(14)10-6)9-3-5-1-2-7(17-5)12(15)16/h1-3H,4H2,(H,10,13,14)"
7.7645414,3.0526341,"InChI=1S/C8H7NO4/c10-7-8(11)13-6-4-2-1-3-5(6)9(7)12/h1-4,8,11-12H"
12.3210065,12.560484,"InChI=1S/C8H7NS/c1-6-9-7-4-2-3-5-8(7)10-6/h2-5H,1H3"
14.0156805,14.255161,"InChI=1S/C8H7NS2/c1-10-8-9-6-4-2-3-5-7(6)11-8/h2-5H,1H3"
12.8354055,13.029347,"InChI=1S/C8H8Cl2N2O/c1-11-8(13)12-5-2-3-6(9)7(10)4-5/h2-4H,1H3,(H2,11,12,13)"
8.0155936,8.02239025,"InChI=1S/C8H8N2O3S/c9-14(11,12)5-7-6-3-1-2-4-8(6)13-10-7/h1-4H,5H2,(H2,9,11,12)"
9.9829898,9.07598635,"InChI=1S/C8H8O3/c1-11-8(10)6-2-4-7(9)5-3-6/h2-5,9H,1H3"
5.391176475,5.3494676,"InChI=1S/C8H9NO2/c1-6(10)9-7-2-4-8(11)5-3-7/h2-5,11H,1H3,(H,9,10)"
5.38235295,5.3494676,"InChI=1S/C8H9NO2/c10-7-5-3-1-2-4-6(5)8(11)9-7/h1-2,5-6H,3-4H2,(H,9,10,11)"
9.1584578,8.0998795,"InChI=1S/C8H9NO4S/c1-13-8(10)6-4-2-3-5-7(6)14(9,11)12/h2-5H,1H3,(H2,9,11,12)"
12.291552,11.7995695,InChI=1S/C8HCl3N2O/c9-5-3(1-12)6(10)7(11)8(14)4(5)2-13/h14H
14.651992,14.786866,"InChI=1S/C8HF15O2/c9-2(10,1(24)25)3(11,12)4(13,14)5(15,16)6(17,18)7(19,20)8(21,22)23/h(H,24,25)"
13.021357,13.2693945,"InChI=1S/C9H10Cl2N2O/c1-13(2)9(14)12-6-3-4-7(10)8(11)5-6/h3-5H,1-2H3,(H,12,14)"
13.7995245,14.071387,"InChI=1S/C9H10Cl2N2O2/c1-13(15-2)9(14)12-6-3-4-7(10)8(11)5-6/h3-5H,1-2H3,(H,12,14)"
11.4390285,11.637291,"InChI=1S/C9H10ClN2O5PS/c1-15-18(14,16-2)19-5-12-8-7(17-9(12)13)3-6(10)4-11-8/h3-4H,5H2,1-2H3"
8.615196125,8.6782943,"InChI=1S/C9H10ClN3O/c10-8-2-1-7(5-12-8)6-13-4-3-11-9(13)14/h1-2,5H,3-4,6H2,(H,11,14)"
8.6843922,8.7388189,"InChI=1S/C9H10ClN5O2/c10-8-2-1-7(5-12-8)6-14-4-3-11-9(14)13-15(16)17/h1-2,5H,3-4,6H2,(H,11,13)"
11.0385615,11.204667,"InChI=1S/C9H10ClNO/c1-6-3-4-8(10)5-9(6)11-7(2)12/h3-5H,1-2H3,(H,11,12)"
4.7988768,4.019273,"InChI=1S/C9H10F2N2O5/c10-9(11)6(16)4(3-14)18-7(9)13-2-1-5(15)12-8(13)17/h1-2,4,6-7,14,16H,3H2,(H,12,15,17)"
11.582555,11.077604,"InChI=1S/C9H10O3/c1-2-12-9(11)7-3-5-8(10)6-4-7/h3-6,10H,2H2,1H3"
12.623559,12.854497,"InChI=1S/C9H11BrN2O2/c1-12(14-2)9(13)11-8-5-3-7(10)4-6-8/h3-6H,1-2H3,(H,11,13)"
11.071167500000001,11.326024,"InChI=1S/C9H11ClN2O/c1-12(2)9(13)11-8-5-3-7(10)4-6-8/h3-6H,1-2H3,(H,11,13)"
12.257324,12.509115000000001,"InChI=1S/C9H11ClN2O/c1-6-3-4-7(5-8(6)10)12-9(13)11-2/h3-5H,1-2H3,(H2,11,12,13)"
12.186535,12.4191145,"InChI=1S/C9H11ClN2O2/c1-12(14-2)9(13)11-8-5-3-7(10)4-6-8/h3-6H,1-2H3,(H,11,13)"
10.5485155,10.787991,"InChI=1S/C9H11NO2/c1-2-12-9(11)7-3-5-8(10)6-4-7/h3-6H,2,10H2,1H3"
8.8970178,8.95563285,"InChI=1S/C9H12N2O/c1-11(2)9(12)10-8-6-4-3-5-7-8/h3-7H,1-2H3,(H,10,12)"
5.1664923,7.2439641,"InChI=1S/C9H12N2O/c1-7(12)11(2)9-5-3-8(10)4-6-9/h3-6H,10H2,1-2H3"
11.798639,11.955518,"InChI=1S/C9H13ClN2O2/c1-5-6(10)7(13)12(8(14)11-5)9(2,3)4/h1-4H3,(H,11,14)"
10.840022,12.699359,"InChI=1S/C9H13N/c1-3-8-6-4-5-7(2)9(8)10/h4-6H,3,10H2,1-2H3"
6.2285260000000005,8.3556196,"InChI=1S/C9H13NO/c1-7(10)9(11)8-5-3-2-4-6-8/h2-7,9,11H,10H2,1H3"
2.0144595,5.4292333,"InChI=1S/C9H13NO2/c1-10-6-9(12)7-3-2-4-8(11)5-7/h2-5,9-12H,6H2,1H3"
11.3785605,11.566159,"InChI=1S/C9H13NO2S/c1-3-10-13(11,12)9-7-5-4-6-8(9)2/h4-7,10H,3H2,1-2H3"
11.953489,12.084413,"InChI=1S/C9H14N2O2S/c1-8-4-6-9(7-5-8)10-14(12,13)11(2)3/h4-7,10H,1-3H3"
2.7413546999999996,2.0233938,"InChI=1S/C9H14N5O4P/c1-6(18-5-19(15,16)17)2-14-4-13-7-8(10)11-3-12-9(7)14/h3-4,6H,2,5H2,1H3,(H2,10,11,12)(H2,15,16,17)"
11.687519,11.926465,"InChI=1S/C9H14O/c1-7-4-8(10)6-9(2,3)5-7/h4H,5-6H2,1-3H3"
9.4178367,9.541564,"InChI=1S/C9H14O6/c1-6(10)13-4-9(15-8(3)12)5-14-7(2)11/h9H,4-5H2,1-3H3"
15.629224,15.958082000000001,"InChI=1S/C9H15Cl6O4P/c10-1-7(2-11)17-20(16,18-8(3-12)4-13)19-9(5-14)6-15/h7-9H,1-6H2"
7.5059158,10.0428185,"InChI=1S/C9H15N3O/c1-4-12(5-2)9-10-7(3)6-8(13)11-9/h6H,4-5H2,1-3H3,(H,10,11,13)"
12.137639499999999,8.1331311,"InChI=1S/C9H15N5O7S2/c1-14(22(4,16)17)23(18,19)13-9(15)12-8-10-6(20-2)5-7(11-8)21-3/h5H,1-4H3,(H2,10,11,12,13,15)"
11.2618345,11.427819,"InChI=1S/C9H15NO/c11-8-6-9(7-10-8)4-2-1-3-5-9/h1-7H2,(H,10,11)"
14.13453975,14.402148,"InChI=1S/C9H16ClN5/c1-5-11-7-12-6(10)13-8(14-7)15-9(2,3)4/h5H2,1-4H3,(H2,11,12,13,14,15)"
11.886411,12.12783,"InChI=1S/C9H16N4OS/c1-9(2,3)6-11-12-8(15-6)13(5)7(14)10-4/h1-5H3,(H,10,14)"
9.9051114,11.989228,"InChI=1S/C9H17N5O/c1-4-6(3)11-8-12-7(10-5-2)13-9(15)14-8/h6H,4-5H2,1-3H3,(H3,10,11,12,13,14,15)"
9.8783726,12.225239,"InChI=1S/C9H17N5O/c1-5(2)10-7-12-8(11-6(3)4)14-9(15)13-7/h5-6H,1-4H3,(H3,10,11,12,13,14,15)"
9.83006055,12.439092500000001,"InChI=1S/C9H17N5O/c1-5-10-6-11-7(13-8(15)12-6)14-9(2,3)4/h5H2,1-4H3,(H3,10,11,12,13,14,15)"
12.907154250000001,14.214506,"InChI=1S/C9H17N5S/c1-5-10-7-12-8(11-6(2)3)14-9(13-7)15-4/h6H,5H2,1-4H3,(H2,10,11,12,13,14)"
7.961179124999999,7.8741869,"InChI=1S/C9H17NO/c1-8(2)5-7(11)6-9(3,4)10-8/h10H,5-6H2,1-4H3"
7.38397055,6.1708663,"InChI=1S/C9H17NO2/c10-7-9(6-8(11)12)4-2-1-3-5-9/h1-7,10H2,(H,11,12)"
14.357972,14.639519,"InChI=1S/C9H18Cl3O4P/c1-7(10)4-14-17(13,15-5-8(2)11)16-6-9(3)12/h7-9H,4-6H2,1-3H3"
14.359752499999999,14.639519,"InChI=1S/C9H18Cl3O4P/c1-7(4-10)14-17(13,15-8(2)5-11)16-9(3)6-12/h7-9H,4-6H2,1-3H3"
10.888819,11.067805,"InChI=1S/C9H18N2O/c1-11(2)9(12)10-8-6-4-3-5-7-8/h8H,3-7H2,1-2H3,(H,10,12)"
12.6062845,12.810702,"InChI=1S/C9H18NO3PS2/c1-4-8(3)16-14(12,13-5-2)10-6-7-15-9(10)11/h8H,4-7H2,1-3H3"
6.4025907,10.269213,"InChI=1S/C9H20N2O2/c1-4-8-13-9(12)10-6-5-7-11(2)3/h4-8H2,1-3H3,(H,10,12)"
6.5316648,12.481546,"InChI=1S/C9H21N/c1-4-7-10(8-5-2)9-6-3/h4-9H2,1-3H3"
16.9766315,17.307304,"InChI=1S/C9H22O4P2S4/c1-5-10-14(16,11-6-2)18-9-19-15(17,12-7-3)13-8-4/h5-9H2,1-4H3"
7.375191,7.417097699999999,"InChI=1S/C9H6F3N3O/c10-9(11,12)7-1-3-14-5-6(7)8(16)15-4-2-13/h1,3,5H,4H2,(H,15,16)"
13.82288075,14.074443,"InChI=1S/C9H6N2S3/c10-5-12-6-13-9-11-7-3-1-2-4-8(7)14-9/h1-4H,6H2"
9.7906561,9.929994,InChI=1S/C9H6O2/c10-9-6-5-7-3-1-2-4-8(7)11-9/h1-6H
8.7319276,6.7831591,"InChI=1S/C9H6O3/c10-7-3-1-6-2-4-9(11)12-8(6)5-7/h1-5,10H"
10.694271,6.05633235,"InChI=1S/C9H6O3/c10-7-5-9(11)12-8-4-2-1-3-6(7)8/h1-5,10H"
7.9757382,6.4848008,"InChI=1S/C9H6O4/c10-6-3-5-1-2-9(12)13-8(5)4-7(6)11/h1-4,10-11H"
9.48934855,9.88413395,"InChI=1S/C9H7Cl2N5/c10-5-3-1-2-4(6(5)11)7-8(12)14-9(13)16-15-7/h1-3H,(H4,12,13,14,16)"
9.4217038,9.1468442,"InChI=1S/C9H7Cl2N5O/c10-5-3-1-2-4(6(5)11)7-8(12)14-9(13)16(17)15-7/h1-3,17H,(H3,12,13,14)"
10.257496,10.423482,"InChI=1S/C9H7N3S/c1-6-3-2-4-7-8(6)12-5-10-11-9(12)13-7/h2-5H,1H3"
14.029458,11.777954,"InChI=1S/C9H8Cl2O3/c1-5(9(12)13)14-8-3-2-6(10)4-7(8)11/h2-5H,1H3,(H,12,13)"
11.458683,11.0503,"InChI=1S/C9H8N4OS/c14-9(12-8-6-10-13-15-8)11-7-4-2-1-3-5-7/h1-6H,(H2,11,12,14)"
7.0165033,10.225982,"InChI=1S/C9H9Cl2N3/c10-6-2-1-3-7(11)8(6)14-9-12-4-5-13-9/h1-3H,4-5H2,(H2,12,13,14)"
13.836675,14.07140575,"InChI=1S/C9H9Cl2NO/c1-2-9(13)12-6-3-4-7(10)8(11)5-6/h3-5H,2H2,1H3,(H,12,13)"
13.234145999999999,10.6560895,"InChI=1S/C9H9ClO3/c1-6-4-7(10)2-3-8(6)13-5-9(11)12/h2-4H,5H2,1H3,(H,11,12)"
7.479052375,9.7763748,"InChI=1S/C9H9N3O2/c1-14-9(13)12-8-10-6-4-2-3-5-7(6)11-8/h2-5H,1H3,(H2,10,11,12,13)"
6.489079975,5.6468488,"InChI=1S/C9H9N3O2S2/c10-7-1-3-8(4-2-7)16(13,14)12-9-11-5-6-15-9/h1-6H,10H2,(H,11,12)"
6.8184431,4.5842338,"InChI=1S/C9H9NO4/c1-5(11)10-6-2-3-8(12)7(4-6)9(13)14/h2-4,12H,1H3,(H,10,11)(H,13,14)"
8.4981703,4.9117394,"InChI=1S/C9H9NO5/c1-14-5-2-3-6-7(4-5)15-9(12)8(11)10(6)13/h2-4,9,12-13H,1H3"
